group_id,call_index,global_step,uid,data_source,n_rollouts,correct_count,all_wrong,all_correct,mixed,group_success_rate,cost_all_mean,cost_correct_mean,cost_correct_min,cost_correct_max,cost_gap_correct,queries_all_mean,turns_all_mean,tokens_all_mean,is_active_efficiency,keep_GAP,keep_E1_lambda0.05,is_E1_only,is_GAP_only,in_intersection
0:70877,0,71,70877,nq,8,6,False,False,True,0.75,1.0,1.0,1.0,1.0,0.0,1.25,2.0,928.0,False,True,True,False,False,True
0:84701,0,71,84701,hotpotqa,8,3,False,False,True,0.375,1.875,2.0,2.0,2.0,0.0,2.875,2.875,1585.625,False,True,True,False,False,True
0:153308,0,71,153308,hotpotqa,8,1,False,False,True,0.125,1.0,1.0,1.0,1.0,0.0,2.0,2.0,1271.875,False,True,True,False,False,True
0:166307,0,71,166307,hotpotqa,8,7,False,False,True,0.875,3.875,4.0,4.0,4.0,0.0,4.875,4.875,2686.125,False,True,True,False,False,True
0:140171,0,71,140171,hotpotqa,8,4,False,False,True,0.5,1.0,1.0,1.0,1.0,0.0,2.0,2.0,1224.5,False,True,True,False,False,True
0:35009,0,71,35009,nq,8,4,False,False,True,0.5,1.5,2.0,2.0,2.0,0.0,1.5,2.5,1050.5,False,True,True,False,False,True
1:109955,1,71,109955,hotpotqa,8,6,False,False,True,0.75,1.0,1.0,1.0,1.0,0.0,2.0,2.0,1164.5,False,True,True,False,False,True
2:33366,2,71,33366,nq,8,5,False,False,True,0.625,1.375,1.0,1.0,1.0,0.0,2.375,2.375,1484.625,False,True,True,False,False,True
2:67972,2,71,67972,nq,8,4,False,False,True,0.5,1.0,1.0,1.0,1.0,0.0,2.0,2.0,1240.5,False,True,True,False,False,True
2:82813,2,71,82813,hotpotqa,8,6,False,False,True,0.75,1.0,1.0,1.0,1.0,0.0,2.0,2.0,1221.75,False,True,True,False,False,True
2:63518,2,71,63518,nq,8,6,False,False,True,0.75,1.0,1.0,1.0,1.0,0.0,3.0,2.0,1653.0,False,True,True,False,False,True
3:33905,3,71,33905,nq,8,4,False,False,True,0.5,3.5,4.0,4.0,4.0,0.0,3.5,4.5,2019.0,False,True,True,False,False,True
4:152281,4,71,152281,hotpotqa,8,2,False,False,True,0.25,1.0,1.0,1.0,1.0,0.0,2.0,2.0,1380.25,False,True,True,False,False,True
4:76927,4,71,76927,nq,8,5,False,False,True,0.625,3.0,3.0,3.0,3.0,0.0,3.0,4.0,1783.625,False,True,True,False,False,True
5:99723,5,71,99723,hotpotqa,8,2,False,False,True,0.25,2.0,2.0,2.0,2.0,0.0,2.0,3.0,1443.0,False,True,True,False,False,True
5:7405,5,71,7405,nq,8,6,False,False,True,0.75,1.0,1.0,1.0,1.0,0.0,2.0,2.0,1248.0,False,True,True,False,False,True
5:11051,5,71,11051,nq,8,4,False,False,True,0.5,2.0,2.0,2.0,2.0,0.0,2.0,3.0,1304.625,False,True,True,False,False,True
5:148774,5,71,148774,hotpotqa,8,2,False,False,True,0.25,3.0,3.0,3.0,3.0,0.0,3.0,4.0,1987.0,False,True,True,False,False,True
5:126882,5,71,126882,hotpotqa,8,5,False,False,True,0.625,1.625,2.0,2.0,2.0,0.0,1.625,2.625,973.875,False,True,True,False,False,True
5:22489,5,71,22489,nq,8,1,False,False,True,0.125,1.0,1.0,1.0,1.0,0.0,2.0,2.0,1176.75,False,True,True,False,False,True
5:19442,5,71,19442,nq,8,4,False,False,True,0.5,1.5,2.0,2.0,2.0,0.0,2.5,2.5,1477.5,False,True,True,False,False,True
5:98714,5,71,98714,hotpotqa,8,4,False,False,True,0.5,2.0,2.0,2.0,2.0,0.0,3.0,3.0,1825.5,False,True,True,False,False,True
5:79768,5,71,79768,hotpotqa,8,1,False,False,True,0.125,2.0,2.0,2.0,2.0,0.0,2.0,3.0,1195.125,False,True,True,False,False,True
6:84186,6,71,84186,hotpotqa,8,6,False,False,True,0.75,1.0,1.0,1.0,1.0,0.0,3.0,2.0,1920.75,False,True,True,False,False,True
6:143160,6,71,143160,hotpotqa,8,5,False,False,True,0.625,1.375,1.0,1.0,1.0,0.0,1.375,2.375,1019.375,False,True,True,False,False,True
6:63200,6,71,63200,nq,8,5,False,False,True,0.625,1.375,1.0,1.0,1.0,0.0,1.375,2.375,948.625,False,True,True,False,False,True
6:100808,6,71,100808,hotpotqa,8,5,False,False,True,0.625,2.0,2.0,2.0,2.0,0.0,2.0,3.0,5265.5,False,True,True,False,False,True
7:122072,7,72,122072,hotpotqa,8,7,False,False,True,0.875,1.625,1.2857142857142858,1.0,3.0,2.0,2.625,2.625,1673.375,True,True,True,False,False,True
7:61527,7,72,61527,nq,8,1,False,False,True,0.125,1.0,1.0,1.0,1.0,0.0,2.0,2.0,1158.875,False,True,True,False,False,True
8:92567,8,72,92567,hotpotqa,8,1,False,False,True,0.125,2.0,2.0,2.0,2.0,0.0,2.0,3.0,1428.125,False,True,True,False,False,True
9:166692,9,72,166692,hotpotqa,8,6,False,False,True,0.75,1.75,2.0,2.0,2.0,0.0,2.75,2.75,1788.25,False,True,True,False,False,True
11:92434,11,72,92434,hotpotqa,8,2,False,False,True,0.25,1.0,1.0,1.0,1.0,0.0,2.0,2.0,1337.75,False,True,True,False,False,True
11:99033,11,72,99033,hotpotqa,8,6,False,False,True,0.75,1.75,2.0,2.0,2.0,0.0,1.75,2.75,1482.5,False,True,True,False,False,True
12:118752,12,72,118752,hotpotqa,8,3,False,False,True,0.375,1.375,2.0,2.0,2.0,0.0,2.375,2.375,1444.75,False,True,True,False,False,True
12:29577,12,72,29577,nq,8,7,False,False,True,0.875,1.0,1.0,1.0,1.0,0.0,2.125,2.0,1488.75,False,True,True,False,False,True
14:166892,14,72,166892,hotpotqa,8,3,False,False,True,0.375,2.25,3.0,3.0,3.0,0.0,2.625,3.25,1770.25,False,True,True,False,False,True
14:13881,14,72,13881,nq,8,7,False,False,True,0.875,2.875,3.0,3.0,3.0,0.0,2.875,3.875,1652.0,False,True,True,False,False,True
14:130009,14,72,130009,hotpotqa,8,1,False,False,True,0.125,2.0,2.0,2.0,2.0,0.0,2.0,3.0,1377.125,False,True,True,False,False,True
14:47119,14,72,47119,nq,8,7,False,False,True,0.875,1.0,1.0,1.0,1.0,0.0,2.0,2.0,1130.5,False,True,True,False,False,True
14:123875,14,72,123875,hotpotqa,8,5,False,False,True,0.625,1.0,1.0,1.0,1.0,0.0,2.0,2.0,1279.0,False,True,True,False,False,True
14:109334,14,72,109334,hotpotqa,8,3,False,False,True,0.375,2.0,2.0,2.0,2.0,0.0,3.0,3.0,2010.375,False,True,True,False,False,True
15:112352,15,72,112352,hotpotqa,8,3,False,False,True,0.375,2.0,2.0,2.0,2.0,0.0,3.0,3.0,1940.25,False,True,True,False,False,True
15:92167,15,72,92167,hotpotqa,8,2,False,False,True,0.25,1.75,1.0,1.0,1.0,0.0,1.75,2.75,1166.75,False,True,True,False,False,True
16:163632,16,72,163632,hotpotqa,8,5,False,False,True,0.625,4.0,4.0,4.0,4.0,0.0,6.0,5.0,2741.75,False,True,True,False,False,True
16:12278,16,72,12278,nq,8,1,False,False,True,0.125,3.0,3.0,3.0,3.0,0.0,3.0,4.0,2061.125,False,True,True,False,False,True
16:39749,16,72,39749,nq,8,6,False,False,True,0.75,2.0,2.0,2.0,2.0,0.0,3.0,3.0,1830.25,False,True,True,False,False,True
17:71318,17,72,71318,nq,8,6,False,False,True,0.75,2.0,2.0,2.0,2.0,0.0,3.0,3.0,1924.75,False,True,True,False,False,True
17:123546,17,72,123546,hotpotqa,8,3,False,False,True,0.375,1.0,1.0,1.0,1.0,0.0,2.0,2.0,1381.125,False,True,True,False,False,True
19:64396,19,72,64396,nq,8,2,False,False,True,0.25,2.0,2.0,2.0,2.0,0.0,3.0,3.0,1967.75,False,True,True,False,False,True
19:106248,19,72,106248,hotpotqa,8,6,False,False,True,0.75,2.0,2.0,2.0,2.0,0.0,3.0,3.0,2219.5,False,True,True,False,False,True
19:6420,19,72,6420,nq,8,2,False,False,True,0.25,2.0,2.0,2.0,2.0,0.0,2.0,3.0,1351.25,False,True,True,False,False,True
19:92212,19,72,92212,hotpotqa,8,3,False,False,True,0.375,5.625,6.666666666666667,6.0,7.0,1.0,5.625,6.625,2632.375,True,True,True,False,False,True
19:6244,19,72,6244,nq,8,7,False,False,True,0.875,1.0,1.0,1.0,1.0,0.0,1.125,2.0,865.25,False,True,True,False,False,True
20:23749,20,73,23749,nq,8,4,False,False,True,0.5,1.0,1.0,1.0,1.0,0.0,2.0,2.0,1210.5,False,True,True,False,False,True
20:136046,20,73,136046,hotpotqa,8,7,False,False,True,0.875,3.0,3.0,3.0,3.0,0.0,4.0,4.0,2553.25,False,True,True,False,False,True
20:154213,20,73,154213,hotpotqa,8,7,False,False,True,0.875,1.875,2.0,2.0,2.0,0.0,1.875,2.875,1262.25,False,True,True,False,False,True
21:21118,21,73,21118,nq,8,6,False,False,True,0.75,1.25,1.0,1.0,1.0,0.0,1.25,2.25,915.25,False,True,True,False,False,True
21:100601,21,73,100601,hotpotqa,8,2,False,False,True,0.25,4.0,3.0,3.0,3.0,0.0,4.0,5.0,2406.0,False,True,True,False,False,True
22:81071,22,73,81071,hotpotqa,8,4,False,False,True,0.5,1.0,1.0,1.0,1.0,0.0,2.0,2.0,1356.375,False,True,True,False,False,True
22:2048,22,73,2048,nq,8,1,False,False,True,0.125,1.0,1.0,1.0,1.0,0.0,1.0,2.0,797.125,False,True,True,False,False,True
22:59574,22,73,59574,nq,8,1,False,False,True,0.125,2.0,2.0,2.0,2.0,0.0,2.0,3.0,1430.5,False,True,True,False,False,True
22:101930,22,73,101930,hotpotqa,8,1,False,False,True,0.125,2.75,2.0,2.0,2.0,0.0,11.75,3.75,6144.375,False,True,True,False,False,True
23:95846,23,73,95846,hotpotqa,8,3,False,False,True,0.375,2.375,3.0,3.0,3.0,0.0,2.375,3.375,1544.75,False,True,True,False,False,True
23:126799,23,73,126799,hotpotqa,8,3,False,False,True,0.375,2.0,2.0,2.0,2.0,0.0,3.0,3.0,1924.375,False,True,True,False,False,True
23:95794,23,73,95794,hotpotqa,8,6,False,False,True,0.75,5.375,4.833333333333333,3.0,6.0,3.0,6.375,6.375,4540.75,True,True,True,False,False,True
24:111790,24,73,111790,hotpotqa,8,2,False,False,True,0.25,3.25,4.0,4.0,4.0,0.0,4.25,4.25,2658.75,False,True,True,False,False,True
24:34968,24,73,34968,nq,8,6,False,False,True,0.75,1.0,1.0,1.0,1.0,0.0,2.0,2.0,1369.5,False,True,True,False,False,True
24:104985,24,73,104985,hotpotqa,8,7,False,False,True,0.875,1.0,1.0,1.0,1.0,0.0,2.0,2.0,1554.0,False,True,True,False,False,True
24:4869,24,73,4869,nq,8,1,False,False,True,0.125,3.0,3.0,3.0,3.0,0.0,3.0,4.0,1833.875,False,True,True,False,False,True
25:69835,25,73,69835,nq,8,1,False,False,True,0.125,2.875,2.0,2.0,2.0,0.0,3.125,3.875,1940.625,False,True,True,False,False,True
25:20839,25,73,20839,nq,8,5,False,False,True,0.625,3.0,3.0,3.0,3.0,0.0,3.0,4.0,1763.0,False,True,True,False,False,True
25:107380,25,73,107380,hotpotqa,8,6,False,False,True,0.75,2.0,2.0,2.0,2.0,0.0,2.0,3.0,1322.75,False,True,True,False,False,True
25:152246,25,73,152246,hotpotqa,8,5,False,False,True,0.625,2.0,2.0,2.0,2.0,0.0,2.0,3.0,1319.875,False,True,True,False,False,True
26:23993,26,73,23993,nq,8,2,False,False,True,0.25,2.0,2.0,2.0,2.0,0.0,2.0,3.0,1345.125,False,True,True,False,False,True
26:107206,26,73,107206,hotpotqa,8,6,False,False,True,0.75,3.25,4.0,4.0,4.0,0.0,4.25,4.25,2455.75,False,True,True,False,False,True
26:62410,26,73,62410,nq,8,1,False,False,True,0.125,1.0,1.0,1.0,1.0,0.0,2.0,2.0,1235.375,False,True,True,False,False,True
26:137273,26,73,137273,hotpotqa,8,7,False,False,True,0.875,1.0,1.0,1.0,1.0,0.0,2.0,2.0,1354.875,False,True,True,False,False,True
26:138818,26,73,138818,hotpotqa,8,1,False,False,True,0.125,1.0,1.0,1.0,1.0,0.0,2.0,2.0,1292.375,False,True,True,False,False,True
27:59584,27,73,59584,nq,8,1,False,False,True,0.125,1.0,1.0,1.0,1.0,0.0,1.0,2.0,793.875,False,True,True,False,False,True
27:17200,27,73,17200,nq,8,7,False,False,True,0.875,2.0,2.0,2.0,2.0,0.0,3.0,3.0,1668.375,False,True,True,False,False,True
28:60022,28,73,60022,nq,8,7,False,False,True,0.875,3.0,3.0,3.0,3.0,0.0,3.0,4.0,1877.875,False,True,True,False,False,True
28:122799,28,73,122799,hotpotqa,8,2,False,False,True,0.25,1.0,1.0,1.0,1.0,0.0,2.0,2.0,1280.5,False,True,True,False,False,True
29:30272,29,74,30272,nq,8,6,False,False,True,0.75,1.0,1.0,1.0,1.0,0.0,1.0,2.0,791.0,False,True,True,False,False,True
29:63670,29,74,63670,nq,8,7,False,False,True,0.875,1.0,1.0,1.0,1.0,0.0,2.0,2.0,1236.875,False,True,True,False,False,True
29:147735,29,74,147735,hotpotqa,8,1,False,False,True,0.125,1.0,1.0,1.0,1.0,0.0,3.0,2.0,1844.5,False,True,True,False,False,True
30:126182,30,74,126182,hotpotqa,8,3,False,False,True,0.375,3.625,3.0,3.0,3.0,0.0,3.625,4.625,2093.0,False,True,True,False,False,True
30:141900,30,74,141900,hotpotqa,8,7,False,False,True,0.875,2.0,2.0,2.0,2.0,0.0,2.0,3.0,1212.375,False,True,True,False,False,True
30:97573,30,74,97573,hotpotqa,8,1,False,False,True,0.125,1.125,2.0,2.0,2.0,0.0,1.125,2.125,738.5,False,True,True,False,False,True
30:102537,30,74,102537,hotpotqa,8,1,False,False,True,0.125,1.125,2.0,2.0,2.0,0.0,2.125,2.125,1513.625,False,True,True,False,False,True
30:133939,30,74,133939,hotpotqa,8,7,False,False,True,0.875,4.875,5.0,5.0,5.0,0.0,4.875,5.875,2879.875,False,True,True,False,False,True
30:141475,30,74,141475,hotpotqa,8,1,False,False,True,0.125,1.0,1.0,1.0,1.0,0.0,2.0,2.0,1317.375,False,True,True,False,False,True
30:167669,30,74,167669,hotpotqa,8,1,False,False,True,0.125,2.0,2.0,2.0,2.0,0.0,2.0,3.0,1359.0,False,True,True,False,False,True
31:52363,31,74,52363,nq,8,5,False,False,True,0.625,1.0,1.0,1.0,1.0,0.0,1.0,2.0,754.875,False,True,True,False,False,True
31:26807,31,74,26807,nq,8,1,False,False,True,0.125,1.0,1.0,1.0,1.0,0.0,2.0,2.0,1151.75,False,True,True,False,False,True
32:72316,32,74,72316,nq,8,1,False,False,True,0.125,1.0,1.0,1.0,1.0,0.0,1.0,2.0,604.625,False,True,True,False,False,True
33:162700,33,74,162700,hotpotqa,8,1,False,False,True,0.125,2.0,2.0,2.0,2.0,0.0,2.0,3.0,1479.625,False,True,True,False,False,True
33:63524,33,74,63524,nq,8,1,False,False,True,0.125,3.0,3.0,3.0,3.0,0.0,3.0,4.0,1839.5,False,True,True,False,False,True
34:68126,34,74,68126,nq,8,5,False,False,True,0.625,1.375,1.0,1.0,1.0,0.0,3.25,2.375,1982.875,False,True,True,False,False,True
34:161300,34,74,161300,hotpotqa,8,6,False,False,True,0.75,2.0,2.0,2.0,2.0,0.0,3.0,3.0,1761.75,False,True,True,False,False,True
34:126257,34,74,126257,hotpotqa,8,4,False,False,True,0.5,3.0,3.0,3.0,3.0,0.0,4.0,4.0,2348.0,False,True,True,False,False,True
34:140893,34,74,140893,hotpotqa,8,6,False,False,True,0.75,2.25,2.0,2.0,2.0,0.0,3.25,3.25,2134.25,False,True,True,False,False,True
35:128110,35,74,128110,hotpotqa,8,1,False,False,True,0.125,2.75,1.0,1.0,1.0,0.0,2.75,3.75,1742.75,False,True,True,False,False,True
35:156053,35,74,156053,hotpotqa,8,1,False,False,True,0.125,1.625,1.0,1.0,1.0,0.0,3.5,2.625,2336.625,False,True,True,False,False,True
35:14414,35,74,14414,nq,8,5,False,False,True,0.625,1.375,1.0,1.0,1.0,0.0,1.375,2.375,942.375,False,True,True,False,False,True
35:47214,35,74,47214,nq,8,3,False,False,True,0.375,3.625,3.3333333333333335,3.0,4.0,1.0,3.625,4.625,2472.875,True,True,True,False,False,True
36:20176,36,74,20176,nq,8,4,False,False,True,0.5,2.0,1.0,1.0,1.0,0.0,2.0,3.0,1496.0,False,True,True,False,False,True
37:83650,37,74,83650,hotpotqa,8,1,False,False,True,0.125,4.25,6.0,6.0,6.0,0.0,4.25,5.25,2688.375,False,True,True,False,False,True
37:108325,37,74,108325,hotpotqa,8,6,False,False,True,0.75,2.0,2.0,2.0,2.0,0.0,2.75,3.0,1841.75,False,True,True,False,False,True
37:51205,37,74,51205,nq,8,2,False,False,True,0.25,1.0,1.0,1.0,1.0,0.0,2.0,2.0,1276.25,False,True,True,False,False,True
37:7492,37,74,7492,nq,8,6,False,False,True,0.75,4.0,4.0,4.0,4.0,0.0,5.0,5.0,3002.625,False,True,True,False,False,True
37:82998,37,74,82998,hotpotqa,8,5,False,False,True,0.625,2.75,2.0,2.0,2.0,0.0,2.75,3.75,1703.375,False,True,True,False,False,True
37:2020,37,74,2020,nq,8,5,False,False,True,0.625,1.0,1.0,1.0,1.0,0.0,2.0,2.0,1356.625,False,True,True,False,False,True
38:168852,38,75,168852,hotpotqa,8,5,False,False,True,0.625,1.0,1.0,1.0,1.0,0.0,2.0,2.0,1420.875,False,True,True,False,False,True
38:144832,38,75,144832,hotpotqa,8,4,False,False,True,0.5,2.375,2.0,2.0,2.0,0.0,3.375,3.375,2051.5,False,True,True,False,False,True
39:93060,39,75,93060,hotpotqa,8,6,False,False,True,0.75,2.0,2.0,2.0,2.0,0.0,2.0,3.0,1342.0,False,True,True,False,False,True
39:113805,39,75,113805,hotpotqa,8,1,False,False,True,0.125,2.0,2.0,2.0,2.0,0.0,2.0,3.0,1233.0,False,True,True,False,False,True
39:20506,39,75,20506,nq,8,4,False,False,True,0.5,1.0,1.0,1.0,1.0,0.0,2.0,2.0,1198.0,False,True,True,False,False,True
39:157900,39,75,157900,hotpotqa,8,5,False,False,True,0.625,7.0,7.0,7.0,7.0,0.0,7.0,8.0,4193.25,False,True,True,False,False,True
39:22201,39,75,22201,nq,8,5,False,False,True,0.625,2.0,2.0,2.0,2.0,0.0,3.0,3.0,1745.875,False,True,True,False,False,True
39:55432,39,75,55432,nq,8,2,False,False,True,0.25,1.0,1.0,1.0,1.0,0.0,3.0,2.0,1658.5,False,True,True,False,False,True
39:8953,39,75,8953,nq,8,1,False,False,True,0.125,2.0,2.0,2.0,2.0,0.0,2.0,3.0,1647.5,False,True,True,False,False,True
39:124487,39,75,124487,hotpotqa,8,5,False,False,True,0.625,1.0,1.0,1.0,1.0,0.0,2.0,2.0,1287.875,False,True,True,False,False,True
40:14178,40,75,14178,nq,8,2,False,False,True,0.25,1.0,1.0,1.0,1.0,0.0,2.0,2.0,1271.5,False,True,True,False,False,True
41:134893,41,75,134893,hotpotqa,8,4,False,False,True,0.5,1.0,1.0,1.0,1.0,0.0,2.0,2.0,1275.5,False,True,True,False,False,True
41:92825,41,75,92825,hotpotqa,8,4,False,False,True,0.5,1.0,1.0,1.0,1.0,0.0,2.0,2.0,1333.75,False,True,True,False,False,True
41:8174,41,75,8174,nq,8,6,False,False,True,0.75,1.0,1.0,1.0,1.0,0.0,2.0,2.0,1273.5,False,True,True,False,False,True
42:92390,42,75,92390,hotpotqa,8,2,False,False,True,0.25,2.0,2.0,2.0,2.0,0.0,2.0,3.0,1395.5,False,True,True,False,False,True
42:112462,42,75,112462,hotpotqa,8,7,False,False,True,0.875,3.0,3.0,3.0,3.0,0.0,3.0,4.0,1844.875,False,True,True,False,False,True
42:17953,42,75,17953,nq,8,7,False,False,True,0.875,1.125,1.0,1.0,1.0,0.0,1.125,2.125,815.375,False,True,True,False,False,True
43:67573,43,75,67573,nq,8,4,False,False,True,0.5,1.0,1.0,1.0,1.0,0.0,2.0,2.0,1250.0,False,True,True,False,False,True
43:113798,43,75,113798,hotpotqa,8,1,False,False,True,0.125,2.0,2.0,2.0,2.0,0.0,2.0,3.0,1327.375,False,True,True,False,False,True
43:54575,43,75,54575,nq,8,7,False,False,True,0.875,1.0,1.0,1.0,1.0,0.0,2.0,2.0,1383.375,False,True,True,False,False,True
44:124445,44,75,124445,hotpotqa,8,3,False,False,True,0.375,3.0,3.0,3.0,3.0,0.0,4.0,4.0,2564.0,False,True,True,False,False,True
44:2360,44,75,2360,nq,8,3,False,False,True,0.375,2.875,3.0,3.0,3.0,0.0,2.875,3.875,1672.875,False,True,True,False,False,True
44:113375,44,75,113375,hotpotqa,8,7,False,False,True,0.875,2.0,2.0,2.0,2.0,0.0,2.0,3.0,1260.0,False,True,True,False,False,True
44:35711,44,75,35711,nq,8,4,False,False,True,0.5,1.0,1.0,1.0,1.0,0.0,2.0,2.0,1149.375,False,True,True,False,False,True
45:22854,45,75,22854,nq,8,7,False,False,True,0.875,1.0,1.0,1.0,1.0,0.0,2.0,2.0,1185.375,False,True,True,False,False,True
45:89137,45,75,89137,hotpotqa,8,6,False,False,True,0.75,2.25,2.0,2.0,2.0,0.0,2.25,3.25,1415.75,False,True,True,False,False,True
46:85276,46,76,85276,hotpotqa,8,7,False,False,True,0.875,4.0,4.0,4.0,4.0,0.0,4.0,5.0,2017.875,False,True,True,False,False,True
46:106619,46,76,106619,hotpotqa,8,3,False,False,True,0.375,2.375,3.0,3.0,3.0,0.0,2.375,3.375,1521.75,False,True,True,False,False,True
46:46088,46,76,46088,nq,8,5,False,False,True,0.625,1.0,1.0,1.0,1.0,0.0,2.0,2.0,1436.875,False,True,True,False,False,True
46:8592,46,76,8592,nq,8,2,False,False,True,0.25,1.0,1.0,1.0,1.0,0.0,2.0,2.0,1450.75,False,True,True,False,False,True
47:78002,47,76,78002,nq,8,1,False,False,True,0.125,1.875,1.0,1.0,1.0,0.0,2.0,2.875,1397.125,False,True,True,False,False,True
47:90391,47,76,90391,hotpotqa,8,1,False,False,True,0.125,2.0,2.0,2.0,2.0,0.0,2.0,3.0,1276.0,False,True,True,False,False,True
48:136684,48,76,136684,hotpotqa,8,5,False,False,True,0.625,1.0,1.0,1.0,1.0,0.0,2.0,2.0,1339.0,False,True,True,False,False,True
49:90337,49,76,90337,hotpotqa,8,3,False,False,True,0.375,3.0,3.0,3.0,3.0,0.0,3.0,4.0,1831.125,False,True,True,False,False,True
49:121303,49,76,121303,hotpotqa,8,7,False,False,True,0.875,1.875,2.0,2.0,2.0,0.0,1.875,2.875,1192.125,False,True,True,False,False,True
49:145441,49,76,145441,hotpotqa,8,6,False,False,True,0.75,2.25,2.0,2.0,2.0,0.0,2.25,3.25,1357.25,False,True,True,False,False,True
50:163006,50,76,163006,hotpotqa,8,1,False,False,True,0.125,2.0,2.0,2.0,2.0,0.0,2.0,3.0,1504.0,False,True,True,False,False,True
50:84690,50,76,84690,hotpotqa,8,7,False,False,True,0.875,2.125,2.142857142857143,2.0,3.0,1.0,2.125,3.125,1290.75,True,True,True,False,False,True
50:8892,50,76,8892,nq,8,5,False,False,True,0.625,3.0,3.0,3.0,3.0,0.0,3.0,4.0,1888.375,False,True,True,False,False,True
51:99360,51,76,99360,hotpotqa,8,7,False,False,True,0.875,1.0,1.0,1.0,1.0,0.0,2.0,2.0,1231.625,False,True,True,False,False,True
51:46612,51,76,46612,nq,8,2,False,False,True,0.25,4.5,3.0,3.0,3.0,0.0,4.5,5.5,2550.0,False,True,True,False,False,True
51:23389,51,76,23389,nq,8,4,False,False,True,0.5,1.0,1.0,1.0,1.0,0.0,2.0,2.0,1290.0,False,True,True,False,False,True
51:136176,51,76,136176,hotpotqa,8,2,False,False,True,0.25,2.0,2.0,2.0,2.0,0.0,2.0,3.0,1255.25,False,True,True,False,False,True
51:141490,51,76,141490,hotpotqa,8,1,False,False,True,0.125,2.0,2.0,2.0,2.0,0.0,2.0,3.0,1470.0,False,True,True,False,False,True
51:20879,51,76,20879,nq,8,5,False,False,True,0.625,1.0,1.0,1.0,1.0,0.0,2.0,2.0,1506.875,False,True,True,False,False,True
52:30203,52,76,30203,nq,8,6,False,False,True,0.75,1.0,1.0,1.0,1.0,0.0,2.0,2.0,1280.5,False,True,True,False,False,True
52:89909,52,76,89909,hotpotqa,8,1,False,False,True,0.125,2.0,2.0,2.0,2.0,0.0,2.0,3.0,1328.25,False,True,True,False,False,True
52:132029,52,76,132029,hotpotqa,8,2,False,False,True,0.25,2.0,2.0,2.0,2.0,0.0,2.0,3.0,1458.375,False,True,True,False,False,True
52:101512,52,76,101512,hotpotqa,8,5,False,False,True,0.625,2.0,2.0,2.0,2.0,0.0,2.0,3.0,1232.625,False,True,True,False,False,True
53:77893,53,76,77893,nq,8,3,False,False,True,0.375,1.0,1.0,1.0,1.0,0.0,1.0,2.0,727.75,False,True,True,False,False,True
53:157831,53,76,157831,hotpotqa,8,6,False,False,True,0.75,2.5,2.6666666666666665,2.0,3.0,1.0,2.5,3.5,1758.375,True,True,True,False,False,True
53:85608,53,76,85608,hotpotqa,8,4,False,False,True,0.5,2.5,3.0,3.0,3.0,0.0,2.5,3.5,1606.5,False,True,True,False,False,True
54:127834,54,77,127834,hotpotqa,8,5,False,False,True,0.625,1.0,1.0,1.0,1.0,0.0,1.0,2.0,724.375,False,True,True,False,False,True
54:104751,54,77,104751,hotpotqa,8,5,False,False,True,0.625,1.375,1.0,1.0,1.0,0.0,1.375,2.375,1053.75,False,True,True,False,False,True
55:133394,55,77,133394,hotpotqa,8,7,False,False,True,0.875,1.0,1.0,1.0,1.0,0.0,1.0,2.0,861.75,False,True,True,False,False,True
55:73798,55,77,73798,nq,8,2,False,False,True,0.25,2.0,2.0,2.0,2.0,0.0,2.0,3.0,1333.25,False,True,True,False,False,True
56:31150,56,77,31150,nq,8,7,False,False,True,0.875,1.0,1.0,1.0,1.0,0.0,2.0,2.0,1377.125,False,True,True,False,False,True
56:12487,56,77,12487,nq,8,7,False,False,True,0.875,2.125,2.0,2.0,2.0,0.0,2.125,3.125,1429.5,False,True,True,False,False,True
57:76457,57,77,76457,nq,8,1,False,False,True,0.125,1.0,1.0,1.0,1.0,0.0,2.0,2.0,1182.25,False,True,True,False,False,True
57:65598,57,77,65598,nq,8,5,False,False,True,0.625,1.5,1.0,1.0,1.0,0.0,3.5,2.5,2066.375,False,True,True,False,False,True
57:53908,57,77,53908,nq,8,6,False,False,True,0.75,1.0,1.0,1.0,1.0,0.0,2.0,2.0,1343.5,False,True,True,False,False,True
58:21703,58,77,21703,nq,8,4,False,False,True,0.5,1.5,1.0,1.0,1.0,0.0,1.5,2.5,957.5,False,True,True,False,False,True
58:45292,58,77,45292,nq,8,3,False,False,True,0.375,3.0,3.0,3.0,3.0,0.0,3.0,4.0,2030.375,False,True,True,False,False,True
59:147878,59,77,147878,hotpotqa,8,1,False,False,True,0.125,1.0,1.0,1.0,1.0,0.0,2.0,2.0,1228.5,False,True,True,False,False,True
60:11986,60,77,11986,nq,8,3,False,False,True,0.375,1.0,1.0,1.0,1.0,0.0,2.0,2.0,1403.0,False,True,True,False,False,True
61:27734,61,77,27734,nq,8,1,False,False,True,0.125,3.0,3.0,3.0,3.0,0.0,3.0,4.0,1809.375,False,True,True,False,False,True
61:36626,61,77,36626,nq,8,1,False,False,True,0.125,1.0,1.0,1.0,1.0,0.0,4.0,2.0,2108.125,False,True,True,False,False,True
61:22157,61,77,22157,nq,8,3,False,False,True,0.375,1.0,1.0,1.0,1.0,0.0,2.0,2.0,1231.0,False,True,True,False,False,True
61:61237,61,77,61237,nq,8,2,False,False,True,0.25,1.0,1.0,1.0,1.0,0.0,3.0,2.0,1781.25,False,True,True,False,False,True
61:142090,61,77,142090,hotpotqa,8,7,False,False,True,0.875,1.875,2.0,2.0,2.0,0.0,2.875,2.875,1776.5,False,True,True,False,False,True
62:93853,62,77,93853,hotpotqa,8,3,False,False,True,0.375,1.0,1.0,1.0,1.0,0.0,1.625,2.0,1123.75,False,True,True,False,False,True
62:114394,62,77,114394,hotpotqa,8,7,False,False,True,0.875,2.0,2.0,2.0,2.0,0.0,2.0,3.0,1321.25,False,True,True,False,False,True
63:155680,63,77,155680,hotpotqa,8,6,False,False,True,0.75,2.25,2.0,2.0,2.0,0.0,2.25,3.25,1447.25,False,True,True,False,False,True
63:39081,63,77,39081,nq,8,4,False,False,True,0.5,1.0,1.0,1.0,1.0,0.0,3.0,2.0,1554.0,False,True,True,False,False,True
63:163369,63,77,163369,hotpotqa,8,5,False,False,True,0.625,2.0,2.0,2.0,2.0,0.0,2.0,3.0,1299.875,False,True,True,False,False,True
63:159590,63,77,159590,hotpotqa,8,2,False,False,True,0.25,1.0,1.0,1.0,1.0,0.0,2.0,2.0,1378.25,False,True,True,False,False,True
63:166831,63,77,166831,hotpotqa,8,3,False,False,True,0.375,2.0,2.0,2.0,2.0,0.0,2.0,3.0,1253.25,False,True,True,False,False,True
64:12344,64,78,12344,nq,8,7,False,False,True,0.875,1.875,2.0,2.0,2.0,0.0,1.875,2.875,1162.75,False,True,True,False,False,True
64:89297,64,78,89297,hotpotqa,8,2,False,False,True,0.25,2.75,2.0,2.0,2.0,0.0,2.75,3.75,1759.0,False,True,True,False,False,True
65:49500,65,78,49500,nq,8,1,False,False,True,0.125,1.0,1.0,1.0,1.0,0.0,3.0,2.0,2060.125,False,True,True,False,False,True
65:116704,65,78,116704,hotpotqa,8,6,False,False,True,0.75,2.0,2.0,2.0,2.0,0.0,2.0,3.0,1284.0,False,True,True,False,False,True
66:116632,66,78,116632,hotpotqa,8,4,False,False,True,0.5,1.0,1.0,1.0,1.0,0.0,2.0,2.0,1279.0,False,True,True,False,False,True
67:116394,67,78,116394,hotpotqa,8,7,False,False,True,0.875,1.0,1.0,1.0,1.0,0.0,2.0,2.0,1235.75,False,True,True,False,False,True
67:142450,67,78,142450,hotpotqa,8,5,False,False,True,0.625,5.0,5.0,5.0,5.0,0.0,5.0,6.0,3292.375,False,True,True,False,False,True
68:54021,68,78,54021,nq,8,7,False,False,True,0.875,1.0,1.0,1.0,1.0,0.0,1.0,2.0,787.5,False,True,True,False,False,True
68:43459,68,78,43459,nq,8,7,False,False,True,0.875,1.0,1.0,1.0,1.0,0.0,2.0,2.0,1231.25,False,True,True,False,False,True
68:85071,68,78,85071,hotpotqa,8,7,False,False,True,0.875,1.875,2.0,2.0,2.0,0.0,2.875,2.875,1941.0,False,True,True,False,False,True
68:112099,68,78,112099,hotpotqa,8,5,False,False,True,0.625,2.0,2.0,2.0,2.0,0.0,2.0,3.0,1347.75,False,True,True,False,False,True
69:46826,69,78,46826,nq,8,1,False,False,True,0.125,1.0,1.0,1.0,1.0,0.0,3.0,2.0,1825.375,False,True,True,False,False,True
69:113406,69,78,113406,hotpotqa,8,5,False,False,True,0.625,1.0,1.0,1.0,1.0,0.0,2.0,2.0,1471.625,False,True,True,False,False,True
69:24187,69,78,24187,nq,8,2,False,False,True,0.25,1.75,1.0,1.0,1.0,0.0,1.75,2.75,1209.75,False,True,True,False,False,True
70:37883,70,78,37883,nq,8,6,False,False,True,0.75,2.75,3.0,3.0,3.0,0.0,2.75,3.75,1700.25,False,True,True,False,False,True
70:130417,70,78,130417,hotpotqa,8,7,False,False,True,0.875,2.875,2.5714285714285716,2.0,3.0,1.0,3.875,3.875,2236.125,True,True,True,False,False,True
71:150014,71,78,150014,hotpotqa,8,5,False,False,True,0.625,2.0,2.0,2.0,2.0,0.0,2.0,3.0,1402.0,False,True,True,False,False,True
71:10423,71,78,10423,nq,8,3,False,False,True,0.375,2.0,1.0,1.0,1.0,0.0,2.0,3.0,1455.5,False,True,True,False,False,True
72:168072,72,78,168072,hotpotqa,8,7,False,False,True,0.875,1.0,1.0,1.0,1.0,0.0,2.0,2.0,1289.625,False,True,True,False,False,True
74:2426,74,78,2426,nq,8,5,False,False,True,0.625,1.0,1.0,1.0,1.0,0.0,3.0,2.0,1741.375,False,True,True,False,False,True
75:115037,75,78,115037,hotpotqa,8,2,False,False,True,0.25,1.25,2.0,2.0,2.0,0.0,1.25,2.25,880.0,False,True,True,False,False,True
75:134690,75,78,134690,hotpotqa,8,1,False,False,True,0.125,1.0,1.0,1.0,1.0,0.0,2.0,2.0,1264.25,False,True,True,False,False,True
75:137854,75,78,137854,hotpotqa,8,1,False,False,True,0.125,1.0,1.0,1.0,1.0,0.0,2.0,2.0,1115.875,False,True,True,False,False,True
75:86695,75,78,86695,hotpotqa,8,2,False,False,True,0.25,1.0,1.0,1.0,1.0,0.0,2.0,2.0,1336.5,False,True,True,False,False,True
75:87096,75,78,87096,hotpotqa,8,6,False,False,True,0.75,3.0,3.0,3.0,3.0,0.0,3.0,4.0,1877.5,False,True,True,False,False,True
76:147184,76,78,147184,hotpotqa,8,4,False,False,True,0.5,1.0,1.0,1.0,1.0,0.0,2.0,2.0,1248.5,False,True,True,False,False,True
77:98364,77,78,98364,hotpotqa,8,1,False,False,True,0.125,2.0,2.0,2.0,2.0,0.0,2.0,3.0,1331.625,False,True,True,False,False,True
77:128624,77,78,128624,hotpotqa,8,7,False,False,True,0.875,1.0,1.0,1.0,1.0,0.0,2.0,2.0,1366.5,False,True,True,False,False,True
77:128055,77,78,128055,hotpotqa,8,4,False,False,True,0.5,1.0,1.0,1.0,1.0,0.0,2.0,2.0,1234.0,False,True,True,False,False,True
78:93523,78,79,93523,hotpotqa,8,6,False,False,True,0.75,1.875,1.8333333333333333,1.0,2.0,1.0,2.875,2.875,1794.0,True,True,True,False,False,True
79:113118,79,79,113118,hotpotqa,8,7,False,False,True,0.875,1.125,1.0,1.0,1.0,0.0,2.125,2.125,1433.5,False,True,True,False,False,True
79:84095,79,79,84095,hotpotqa,8,3,False,False,True,0.375,1.0,1.0,1.0,1.0,0.0,3.0,2.0,1722.25,False,True,True,False,False,True
79:137672,79,79,137672,hotpotqa,8,1,False,False,True,0.125,2.0,2.0,2.0,2.0,0.0,3.0,3.0,1910.875,False,True,True,False,False,True
79:88635,79,79,88635,hotpotqa,8,5,False,False,True,0.625,1.0,1.0,1.0,1.0,0.0,2.0,2.0,1434.875,False,True,True,False,False,True
79:119028,79,79,119028,hotpotqa,8,3,False,False,True,0.375,2.25,2.6666666666666665,2.0,3.0,1.0,3.25,3.25,2120.25,True,True,True,False,False,True
80:140221,80,79,140221,hotpotqa,8,6,False,False,True,0.75,1.0,1.0,1.0,1.0,0.0,2.0,2.0,1251.0,False,True,True,False,False,True
80:20170,80,79,20170,nq,8,4,False,False,True,0.5,1.0,1.0,1.0,1.0,0.0,2.0,2.0,1369.5,False,True,True,False,False,True
81:30382,81,79,30382,nq,8,4,False,False,True,0.5,1.0,1.0,1.0,1.0,0.0,1.0,2.0,789.5,False,True,True,False,False,True
81:67049,81,79,67049,nq,8,7,False,False,True,0.875,2.0,2.0,2.0,2.0,0.0,2.0,3.0,1379.25,False,True,True,False,False,True
81:107710,81,79,107710,hotpotqa,8,2,False,False,True,0.25,1.0,1.0,1.0,1.0,0.0,2.0,2.0,1355.25,False,True,True,False,False,True
81:79731,81,79,79731,hotpotqa,8,3,False,False,True,0.375,2.0,2.0,2.0,2.0,0.0,2.0,3.0,1344.875,False,True,True,False,False,True
81:89524,81,79,89524,hotpotqa,8,3,False,False,True,0.375,2.0,2.0,2.0,2.0,0.0,2.0,3.0,1264.0,False,True,True,False,False,True
83:94683,83,79,94683,hotpotqa,8,3,False,False,True,0.375,1.0,1.0,1.0,1.0,0.0,2.0,2.0,1347.5,False,True,True,False,False,True
83:103084,83,79,103084,hotpotqa,8,5,False,False,True,0.625,2.0,2.0,2.0,2.0,0.0,2.0,3.0,1396.375,False,True,True,False,False,True
83:122220,83,79,122220,hotpotqa,8,3,False,False,True,0.375,2.0,2.0,2.0,2.0,0.0,3.0,3.0,1894.125,False,True,True,False,False,True
83:1225,83,79,1225,nq,8,1,False,False,True,0.125,1.0,1.0,1.0,1.0,0.0,3.0,2.0,1655.5,False,True,True,False,False,True
83:34809,83,79,34809,nq,8,6,False,False,True,0.75,1.0,1.0,1.0,1.0,0.0,1.25,2.0,866.0,False,True,True,False,False,True
84:130920,84,79,130920,hotpotqa,8,7,False,False,True,0.875,1.0,1.0,1.0,1.0,0.0,2.0,2.0,1405.5,False,True,True,False,False,True
84:93034,84,79,93034,hotpotqa,8,3,False,False,True,0.375,2.0,2.0,2.0,2.0,0.0,2.0,3.0,1285.875,False,True,True,False,False,True
85:157019,85,79,157019,hotpotqa,8,7,False,False,True,0.875,1.0,1.0,1.0,1.0,0.0,1.0,2.0,700.25,False,True,True,False,False,True
85:92731,85,79,92731,hotpotqa,8,2,False,False,True,0.25,1.0,1.0,1.0,1.0,0.0,2.0,2.0,1347.375,False,True,True,False,False,True
85:92821,85,79,92821,hotpotqa,8,7,False,False,True,0.875,1.875,2.0,2.0,2.0,0.0,2.875,2.875,1703.5,False,True,True,False,False,True
85:95374,85,79,95374,hotpotqa,8,4,False,False,True,0.5,1.0,1.0,1.0,1.0,0.0,2.0,2.0,1293.0,False,True,True,False,False,True
86:96877,86,79,96877,hotpotqa,8,5,False,False,True,0.625,2.0,2.0,2.0,2.0,0.0,2.0,3.0,1432.5,False,True,True,False,False,True
86:152334,86,79,152334,hotpotqa,8,2,False,False,True,0.25,2.5,1.0,1.0,1.0,0.0,3.5,3.5,1788.75,False,True,True,False,False,True
86:90102,86,79,90102,hotpotqa,8,3,False,False,True,0.375,1.375,2.0,2.0,2.0,0.0,2.375,2.375,1565.5,False,True,True,False,False,True
86:10706,86,79,10706,nq,8,7,False,False,True,0.875,2.125,2.0,2.0,2.0,0.0,3.125,3.125,1955.375,False,True,True,False,False,True
86:73572,86,79,73572,nq,8,1,False,False,True,0.125,1.625,4.0,4.0,4.0,0.0,2.625,2.625,1744.375,False,True,True,False,False,True
86:16779,86,79,16779,nq,8,7,False,False,True,0.875,2.0,2.0,2.0,2.0,0.0,2.0,3.0,1174.5,False,True,True,False,False,True
86:158505,86,79,158505,hotpotqa,8,5,False,False,True,0.625,2.0,2.0,2.0,2.0,0.0,3.0,3.0,1914.75,False,True,True,False,False,True
87:97951,87,80,97951,hotpotqa,8,6,False,False,True,0.75,2.0,2.0,2.0,2.0,0.0,2.0,3.0,1242.0,False,True,True,False,False,True
87:105451,87,80,105451,hotpotqa,8,7,False,False,True,0.875,3.0,3.0,3.0,3.0,0.0,3.0,4.0,1837.375,False,True,True,False,False,True
88:133076,88,80,133076,hotpotqa,8,1,False,False,True,0.125,2.0,2.0,2.0,2.0,0.0,3.0,3.0,1997.25,False,True,True,False,False,True
88:36050,88,80,36050,nq,8,3,False,False,True,0.375,1.0,1.0,1.0,1.0,0.0,3.0,2.0,1783.875,False,True,True,False,False,True
88:96820,88,80,96820,hotpotqa,8,1,False,False,True,0.125,1.875,1.0,1.0,1.0,0.0,1.875,2.875,1212.5,False,True,True,False,False,True
89:134071,89,80,134071,hotpotqa,8,1,False,False,True,0.125,2.0,2.0,2.0,2.0,0.0,3.0,3.0,1994.5,False,True,True,False,False,True
89:67376,89,80,67376,nq,8,1,False,False,True,0.125,1.0,1.0,1.0,1.0,0.0,1.0,2.0,815.875,False,True,True,False,False,True
89:61979,89,80,61979,nq,8,7,False,False,True,0.875,1.0,1.0,1.0,1.0,0.0,2.0,2.0,1431.875,False,True,True,False,False,True
90:78271,90,80,78271,nq,8,2,False,False,True,0.25,2.25,3.0,3.0,3.0,0.0,3.25,3.25,2215.0,False,True,True,False,False,True
90:51274,90,80,51274,nq,8,7,False,False,True,0.875,1.0,1.0,1.0,1.0,0.0,2.0,2.0,1260.0,False,True,True,False,False,True
91:124781,91,80,124781,hotpotqa,8,2,False,False,True,0.25,1.0,1.0,1.0,1.0,0.0,2.0,2.0,1227.5,False,True,True,False,False,True
92:89161,92,80,89161,hotpotqa,8,3,False,False,True,0.375,3.0,3.0,3.0,3.0,0.0,3.0,4.0,1815.5,False,True,True,False,False,True
93:271,93,80,271,nq,8,1,False,False,True,0.125,1.0,1.0,1.0,1.0,0.0,1.0,2.0,711.0,False,True,True,False,False,True
93:20582,93,80,20582,nq,8,5,False,False,True,0.625,1.625,2.0,2.0,2.0,0.0,2.625,2.625,1604.375,False,True,True,False,False,True
94:105846,94,80,105846,hotpotqa,8,6,False,False,True,0.75,1.75,2.0,2.0,2.0,0.0,2.75,2.75,1628.5,False,True,True,False,False,True
94:25149,94,80,25149,nq,8,4,False,False,True,0.5,1.0,1.0,1.0,1.0,0.0,2.0,2.0,1289.0,False,True,True,False,False,True
96:111864,96,80,111864,hotpotqa,8,5,False,False,True,0.625,1.0,1.0,1.0,1.0,0.0,1.0,2.0,840.25,False,True,True,False,False,True
97:21034,97,80,21034,nq,8,4,False,False,True,0.5,1.0,1.0,1.0,1.0,0.0,2.0,2.0,1395.5,False,True,True,False,False,True
98:101976,98,80,101976,hotpotqa,8,3,False,False,True,0.375,2.0,2.0,2.0,2.0,0.0,2.0,3.0,1185.125,False,True,True,False,False,True
99:5611,99,80,5611,nq,8,3,False,False,True,0.375,2.0,2.0,2.0,2.0,0.0,2.0,3.0,1421.25,False,True,True,False,False,True
99:149281,99,80,149281,hotpotqa,8,2,False,False,True,0.25,1.0,1.0,1.0,1.0,0.0,2.0,2.0,1294.5,False,True,True,False,False,True
99:129869,99,80,129869,hotpotqa,8,5,False,False,True,0.625,1.0,1.0,1.0,1.0,0.0,2.0,2.0,1423.625,False,True,True,False,False,True
99:147163,99,80,147163,hotpotqa,8,6,False,False,True,0.75,1.0,1.0,1.0,1.0,0.0,2.0,2.0,1320.0,False,True,True,False,False,True
99:14669,99,80,14669,nq,8,7,False,False,True,0.875,1.0,1.0,1.0,1.0,0.0,2.0,2.0,1382.125,False,True,True,False,False,True
100:11612,100,81,11612,nq,8,5,False,False,True,0.625,1.0,1.0,1.0,1.0,0.0,2.0,2.0,1321.375,False,True,True,False,False,True
100:156681,100,81,156681,hotpotqa,8,4,False,False,True,0.5,1.5,1.0,1.0,1.0,0.0,2.5,2.5,1927.5,False,True,True,False,False,True
101:47564,101,81,47564,nq,8,2,False,False,True,0.25,2.0,2.0,2.0,2.0,0.0,2.0,3.0,1194.5,False,True,True,False,False,True
101:57414,101,81,57414,nq,8,1,False,False,True,0.125,3.0,3.0,3.0,3.0,0.0,3.0,4.0,2066.625,False,True,True,False,False,True
101:113447,101,81,113447,hotpotqa,8,1,False,False,True,0.125,2.0,2.0,2.0,2.0,0.0,3.0,3.0,1833.0,False,True,True,False,False,True
101:111293,101,81,111293,hotpotqa,8,7,False,False,True,0.875,1.0,1.0,1.0,1.0,0.0,1.0,2.0,799.875,False,True,True,False,False,True
101:50760,101,81,50760,nq,8,3,False,False,True,0.375,1.625,1.0,1.0,1.0,0.0,1.625,2.625,1315.875,False,True,True,False,False,True
102:39137,102,81,39137,nq,8,3,False,False,True,0.375,2.875,3.0,3.0,3.0,0.0,3.875,3.875,2566.875,False,True,True,False,False,True
102:48382,102,81,48382,nq,8,2,False,False,True,0.25,2.0,2.0,2.0,2.0,0.0,3.0,3.0,1825.25,False,True,True,False,False,True
103:8652,103,81,8652,nq,8,6,False,False,True,0.75,1.0,1.0,1.0,1.0,0.0,2.0,2.0,1219.5,False,True,True,False,False,True
103:141369,103,81,141369,hotpotqa,8,5,False,False,True,0.625,2.375,2.0,2.0,2.0,0.0,2.375,3.375,1562.5,False,True,True,False,False,True
103:153401,103,81,153401,hotpotqa,8,7,False,False,True,0.875,2.0,2.0,2.0,2.0,0.0,3.0,3.0,1880.125,False,True,True,False,False,True
103:41574,103,81,41574,nq,8,2,False,False,True,0.25,1.0,1.0,1.0,1.0,0.0,2.0,2.0,1327.5,False,True,True,False,False,True
103:81864,103,81,81864,hotpotqa,8,1,False,False,True,0.125,3.0,3.0,3.0,3.0,0.0,3.0,4.0,1869.0,False,True,True,False,False,True
104:57424,104,81,57424,nq,8,6,False,False,True,0.75,1.0,1.0,1.0,1.0,0.0,2.0,2.0,1374.75,False,True,True,False,False,True
104:74461,104,81,74461,nq,8,7,False,False,True,0.875,1.0,1.0,1.0,1.0,0.0,2.0,2.0,1443.5,False,True,True,False,False,True
104:121715,104,81,121715,hotpotqa,8,4,False,False,True,0.5,5.5,4.0,4.0,4.0,0.0,5.5,6.5,3006.375,False,True,True,False,False,True
105:151362,105,81,151362,hotpotqa,8,7,False,False,True,0.875,4.0,4.0,4.0,4.0,0.0,4.0,5.0,1982.375,False,True,True,False,False,True
105:137750,105,81,137750,hotpotqa,8,6,False,False,True,0.75,2.0,2.0,2.0,2.0,0.0,4.0,3.0,2306.5,False,True,True,False,False,True
105:163101,105,81,163101,hotpotqa,8,7,False,False,True,0.875,2.0,2.0,2.0,2.0,0.0,2.0,3.0,1217.125,False,True,True,False,False,True
106:134315,106,81,134315,hotpotqa,8,7,False,False,True,0.875,1.0,1.0,1.0,1.0,0.0,2.0,2.0,1296.625,False,True,True,False,False,True
106:51081,106,81,51081,nq,8,7,False,False,True,0.875,1.125,1.0,1.0,1.0,0.0,1.125,2.125,834.75,False,True,True,False,False,True
106:26842,106,81,26842,nq,8,3,False,False,True,0.375,1.0,1.0,1.0,1.0,0.0,3.0,2.0,1523.25,False,True,True,False,False,True
106:161984,106,81,161984,hotpotqa,8,6,False,False,True,0.75,2.5,3.0,3.0,3.0,0.0,3.5,3.5,2152.75,False,True,True,False,False,True
106:150414,106,81,150414,hotpotqa,8,7,False,False,True,0.875,2.0,2.0,2.0,2.0,0.0,2.0,3.0,1810.625,False,True,True,False,False,True
106:48805,106,81,48805,nq,8,2,False,False,True,0.25,1.75,1.0,1.0,1.0,0.0,2.0,2.75,1245.25,False,True,True,False,False,True
106:148132,106,81,148132,hotpotqa,8,2,False,False,True,0.25,2.0,2.0,2.0,2.0,0.0,2.0,3.0,1217.25,False,True,True,False,False,True
107:64598,107,82,64598,nq,8,5,False,False,True,0.625,3.625,4.0,4.0,4.0,0.0,3.625,4.625,2122.0,False,True,True,False,False,True
108:86301,108,82,86301,hotpotqa,8,6,False,False,True,0.75,2.25,2.0,2.0,2.0,0.0,3.25,3.25,2083.25,False,True,True,False,False,True
108:64225,108,82,64225,nq,8,2,False,False,True,0.25,1.25,2.0,2.0,2.0,0.0,1.25,2.25,910.25,False,True,True,False,False,True
108:115006,108,82,115006,hotpotqa,8,7,False,False,True,0.875,1.0,1.0,1.0,1.0,0.0,1.0,2.0,727.125,False,True,True,False,False,True
109:108628,109,82,108628,hotpotqa,8,6,False,False,True,0.75,1.75,2.0,2.0,2.0,0.0,2.0,2.75,1433.0,False,True,True,False,False,True
109:60667,109,82,60667,nq,8,3,False,False,True,0.375,1.0,1.0,1.0,1.0,0.0,2.0,2.0,1276.5,False,True,True,False,False,True
109:24632,109,82,24632,nq,8,5,False,False,True,0.625,3.0,3.0,3.0,3.0,0.0,3.0,4.0,1614.875,False,True,True,False,False,True
109:35315,109,82,35315,nq,8,3,False,False,True,0.375,2.0,2.0,2.0,2.0,0.0,3.0,3.0,2028.125,False,True,True,False,False,True
109:157867,109,82,157867,hotpotqa,8,7,False,False,True,0.875,1.0,1.0,1.0,1.0,0.0,2.0,2.0,1388.625,False,True,True,False,False,True
110:22296,110,82,22296,nq,8,4,False,False,True,0.5,1.0,1.0,1.0,1.0,0.0,2.0,2.0,1211.0,False,True,True,False,False,True
110:55012,110,82,55012,nq,8,4,False,False,True,0.5,2.75,3.0,3.0,3.0,0.0,2.75,3.75,1683.0,False,True,True,False,False,True
110:84842,110,82,84842,hotpotqa,8,6,False,False,True,0.75,1.75,2.0,2.0,2.0,0.0,2.75,2.75,1960.0,False,True,True,False,False,True
110:151870,110,82,151870,hotpotqa,8,3,False,False,True,0.375,1.0,1.0,1.0,1.0,0.0,2.0,2.0,1289.0,False,True,True,False,False,True
110:120641,110,82,120641,hotpotqa,8,1,False,False,True,0.125,1.0,1.0,1.0,1.0,0.0,2.0,2.0,1301.125,False,True,True,False,False,True
110:93958,110,82,93958,hotpotqa,8,2,False,False,True,0.25,1.0,1.0,1.0,1.0,0.0,2.0,2.0,1245.75,False,True,True,False,False,True
111:18402,111,82,18402,nq,8,2,False,False,True,0.25,1.0,1.0,1.0,1.0,0.0,3.0,2.0,2076.0,False,True,True,False,False,True
111:130665,111,82,130665,hotpotqa,8,3,False,False,True,0.375,1.0,1.0,1.0,1.0,0.0,2.0,2.0,1199.5,False,True,True,False,False,True
111:139788,111,82,139788,hotpotqa,8,5,False,False,True,0.625,2.0,2.0,2.0,2.0,0.0,2.0,3.0,1375.625,False,True,True,False,False,True
111:112707,111,82,112707,hotpotqa,8,2,False,False,True,0.25,1.0,1.0,1.0,1.0,0.0,2.0,2.0,1443.75,False,True,True,False,False,True
111:67417,111,82,67417,nq,8,3,False,False,True,0.375,2.0,2.0,2.0,2.0,0.0,3.0,3.0,1840.25,False,True,True,False,False,True
112:136231,112,82,136231,hotpotqa,8,2,False,False,True,0.25,1.0,1.0,1.0,1.0,0.0,2.0,2.0,1296.25,False,True,True,False,False,True
112:36325,112,82,36325,nq,8,5,False,False,True,0.625,1.0,1.0,1.0,1.0,0.0,3.0,2.0,1848.125,False,True,True,False,False,True
112:86564,112,82,86564,hotpotqa,8,1,False,False,True,0.125,1.125,2.0,2.0,2.0,0.0,1.125,2.125,847.875,False,True,True,False,False,True
112:148709,112,82,148709,hotpotqa,8,6,False,False,True,0.75,1.0,1.0,1.0,1.0,0.0,2.0,2.0,1266.0,False,True,True,False,False,True
112:36524,112,82,36524,nq,8,6,False,False,True,0.75,1.0,1.0,1.0,1.0,0.0,2.0,2.0,1282.0,False,True,True,False,False,True
112:155867,112,82,155867,hotpotqa,8,3,False,False,True,0.375,2.625,2.0,2.0,2.0,0.0,2.625,3.625,1619.875,False,True,True,False,False,True
112:14915,112,82,14915,nq,8,7,False,False,True,0.875,1.0,1.0,1.0,1.0,0.0,2.0,2.0,1065.125,False,True,True,False,False,True
113:51532,113,82,51532,nq,8,4,False,False,True,0.5,2.0,2.0,2.0,2.0,0.0,2.0,3.0,1310.0,False,True,True,False,False,True
115:81707,115,83,81707,hotpotqa,8,7,False,False,True,0.875,2.0,2.0,2.0,2.0,0.0,2.0,3.0,1307.75,False,True,True,False,False,True
115:35669,115,83,35669,nq,8,1,False,False,True,0.125,1.0,1.0,1.0,1.0,0.0,2.0,2.0,1279.125,False,True,True,False,False,True
116:152173,116,83,152173,hotpotqa,8,5,False,False,True,0.625,3.125,3.0,3.0,3.0,0.0,3.75,4.125,2160.375,False,True,True,False,False,True
118:145512,118,83,145512,hotpotqa,8,4,False,False,True,0.5,3.0,3.0,3.0,3.0,0.0,5.0,4.0,3068.0,False,True,True,False,False,True
119:106044,119,83,106044,hotpotqa,8,4,False,False,True,0.5,2.0,2.0,2.0,2.0,0.0,2.0,3.0,1612.5,False,True,True,False,False,True
119:111861,119,83,111861,hotpotqa,8,6,False,False,True,0.75,1.0,1.0,1.0,1.0,0.0,2.0,2.0,1258.75,False,True,True,False,False,True
120:49327,120,83,49327,nq,8,1,False,False,True,0.125,2.0,2.0,2.0,2.0,0.0,3.0,3.0,1813.875,False,True,True,False,False,True
120:102908,120,83,102908,hotpotqa,8,5,False,False,True,0.625,3.0,3.0,3.0,3.0,0.0,3.0,4.0,1971.0,False,True,True,False,False,True
120:84212,120,83,84212,hotpotqa,8,5,False,False,True,0.625,1.0,1.0,1.0,1.0,0.0,2.0,2.0,1403.25,False,True,True,False,False,True
121:122034,121,83,122034,hotpotqa,8,5,False,False,True,0.625,2.0,2.0,2.0,2.0,0.0,2.0,3.0,1328.625,False,True,True,False,False,True
121:115208,121,83,115208,hotpotqa,8,7,False,False,True,0.875,1.0,1.0,1.0,1.0,0.0,1.125,2.0,760.75,False,True,True,False,False,True
121:159178,121,83,159178,hotpotqa,8,1,False,False,True,0.125,1.0,1.0,1.0,1.0,0.0,2.0,2.0,1297.875,False,True,True,False,False,True
122:27844,122,83,27844,nq,8,1,False,False,True,0.125,1.875,1.0,1.0,1.0,0.0,1.875,2.875,1256.625,False,True,True,False,False,True
122:144403,122,83,144403,hotpotqa,8,2,False,False,True,0.25,1.0,1.0,1.0,1.0,0.0,2.0,2.0,1306.75,False,True,True,False,False,True
123:122294,123,83,122294,hotpotqa,8,6,False,False,True,0.75,3.0,3.0,3.0,3.0,0.0,3.0,4.0,1754.75,False,True,True,False,False,True
124:67352,124,83,67352,nq,8,5,False,False,True,0.625,1.375,1.0,1.0,1.0,0.0,1.375,2.375,1009.875,False,True,True,False,False,True
124:102041,124,83,102041,hotpotqa,8,3,False,False,True,0.375,1.0,1.0,1.0,1.0,0.0,2.0,2.0,1238.5,False,True,True,False,False,True
125:17348,125,83,17348,nq,8,5,False,False,True,0.625,1.0,1.0,1.0,1.0,0.0,3.0,2.0,1640.125,False,True,True,False,False,True
125:99221,125,83,99221,hotpotqa,8,7,False,False,True,0.875,1.0,1.0,1.0,1.0,0.0,1.0,2.0,829.875,False,True,True,False,False,True
125:39578,125,83,39578,nq,8,1,False,False,True,0.125,2.0,2.0,2.0,2.0,0.0,2.0,3.0,1242.375,False,True,True,False,False,True
126:20220,126,83,20220,nq,8,6,False,False,True,0.75,1.75,2.0,2.0,2.0,0.0,1.75,2.75,1228.25,False,True,True,False,False,True
126:122318,126,83,122318,hotpotqa,8,1,False,False,True,0.125,2.0,2.0,2.0,2.0,0.0,2.0,3.0,1233.0,False,True,True,False,False,True
126:92631,126,83,92631,hotpotqa,8,5,False,False,True,0.625,1.0,1.0,1.0,1.0,0.0,2.0,2.0,1323.125,False,True,True,False,False,True
127:86791,127,83,86791,hotpotqa,8,2,False,False,True,0.25,2.0,2.0,2.0,2.0,0.0,2.0,3.0,1341.0,False,True,True,False,False,True
127:79902,127,83,79902,hotpotqa,8,7,False,False,True,0.875,1.0,1.0,1.0,1.0,0.0,2.0,2.0,1382.625,False,True,True,False,False,True
127:35900,127,83,35900,nq,8,1,False,False,True,0.125,5.875,5.0,5.0,5.0,0.0,7.875,6.875,4815.0,False,True,True,False,False,True
127:1261,127,83,1261,nq,8,2,False,False,True,0.25,1.875,1.0,1.0,1.0,0.0,1.875,2.875,1317.125,False,True,True,False,False,True
128:157758,128,84,157758,hotpotqa,8,6,False,False,True,0.75,2.0,2.0,2.0,2.0,0.0,2.0,3.0,1262.5,False,True,True,False,False,True
128:26460,128,84,26460,nq,8,4,False,False,True,0.5,2.5,2.0,2.0,2.0,0.0,3.5,3.5,2004.5,False,True,True,False,False,True
128:13422,128,84,13422,nq,8,7,False,False,True,0.875,1.0,1.0,1.0,1.0,0.0,1.0,2.0,722.0,False,True,True,False,False,True
129:9827,129,84,9827,nq,8,7,False,False,True,0.875,2.0,2.0,2.0,2.0,0.0,2.0,3.0,1221.0,False,True,True,False,False,True
129:75490,129,84,75490,nq,8,5,False,False,True,0.625,6.5,7.0,7.0,7.0,0.0,9.25,7.5,3346.875,False,True,True,False,False,True
129:88192,129,84,88192,hotpotqa,8,1,False,False,True,0.125,6.25,2.0,2.0,2.0,0.0,6.25,7.25,3972.625,False,True,True,False,False,True
129:117207,129,84,117207,hotpotqa,8,7,False,False,True,0.875,2.0,2.0,2.0,2.0,0.0,2.0,3.0,1319.5,False,True,True,False,False,True
130:15987,130,84,15987,nq,8,1,False,False,True,0.125,1.0,1.0,1.0,1.0,0.0,2.0,2.0,1160.5,False,True,True,False,False,True
131:133154,131,84,133154,hotpotqa,8,4,False,False,True,0.5,1.75,2.0,2.0,2.0,0.0,1.75,2.75,1199.375,False,True,True,False,False,True
131:69881,131,84,69881,nq,8,3,False,False,True,0.375,1.0,1.0,1.0,1.0,0.0,3.0,2.0,1934.75,False,True,True,False,False,True
132:124649,132,84,124649,hotpotqa,8,5,False,False,True,0.625,2.0,2.0,2.0,2.0,0.0,2.0,3.0,1270.375,False,True,True,False,False,True
132:33963,132,84,33963,nq,8,3,False,False,True,0.375,1.0,1.0,1.0,1.0,0.0,1.0,2.0,784.5,False,True,True,False,False,True
132:64972,132,84,64972,nq,8,2,False,False,True,0.25,1.0,1.0,1.0,1.0,0.0,2.0,2.0,1051.5,False,True,True,False,False,True
133:60388,133,84,60388,nq,8,4,False,False,True,0.5,1.0,1.0,1.0,1.0,0.0,1.5,2.0,941.5,False,True,True,False,False,True
133:100625,133,84,100625,hotpotqa,8,6,False,False,True,0.75,3.0,3.0,3.0,3.0,0.0,3.0,4.0,1983.0,False,True,True,False,False,True
133:77616,133,84,77616,nq,8,6,False,False,True,0.75,3.875,3.0,3.0,3.0,0.0,3.875,4.875,3189.5,False,True,True,False,False,True
134:142503,134,84,142503,hotpotqa,8,1,False,False,True,0.125,2.25,4.0,4.0,4.0,0.0,2.25,3.25,1542.75,False,True,True,False,False,True
134:147842,134,84,147842,hotpotqa,8,3,False,False,True,0.375,1.375,2.0,2.0,2.0,0.0,2.375,2.375,1835.25,False,True,True,False,False,True
134:116122,134,84,116122,hotpotqa,8,3,False,False,True,0.375,1.0,1.0,1.0,1.0,0.0,1.0,2.0,632.25,False,True,True,False,False,True
135:168092,135,84,168092,hotpotqa,8,6,False,False,True,0.75,1.0,1.0,1.0,1.0,0.0,2.0,2.0,1431.75,False,True,True,False,False,True
135:114888,135,84,114888,hotpotqa,8,7,False,False,True,0.875,1.125,1.0,1.0,1.0,0.0,2.0,2.125,1224.0,False,True,True,False,False,True
135:117938,135,84,117938,hotpotqa,8,7,False,False,True,0.875,2.0,2.0,2.0,2.0,0.0,2.0,3.0,1267.375,False,True,True,False,False,True
135:62028,135,84,62028,nq,8,1,False,False,True,0.125,2.875,2.0,2.0,2.0,0.0,3.875,3.875,2621.75,False,True,True,False,False,True
136:142894,136,84,142894,hotpotqa,8,1,False,False,True,0.125,1.125,2.0,2.0,2.0,0.0,1.125,2.125,787.25,False,True,True,False,False,True
137:21484,137,84,21484,nq,8,1,False,False,True,0.125,1.0,1.0,1.0,1.0,0.0,2.0,2.0,1302.875,False,True,True,False,False,True
137:116998,137,84,116998,hotpotqa,8,6,False,False,True,0.75,1.75,2.0,2.0,2.0,0.0,2.75,2.75,1799.25,False,True,True,False,False,True
138:136884,138,84,136884,hotpotqa,8,7,False,False,True,0.875,2.0,2.0,2.0,2.0,0.0,2.0,3.0,1304.0,False,True,True,False,False,True
138:15828,138,84,15828,nq,8,5,False,False,True,0.625,3.0,3.0,3.0,3.0,0.0,3.0,4.0,1891.875,False,True,True,False,False,True
138:139646,138,84,139646,hotpotqa,8,6,False,False,True,0.75,1.0,1.0,1.0,1.0,0.0,2.0,2.0,1359.5,False,True,True,False,False,True
138:16910,138,84,16910,nq,8,1,False,False,True,0.125,1.125,2.0,2.0,2.0,0.0,1.125,2.125,829.625,False,True,True,False,False,True
138:159909,138,84,159909,hotpotqa,8,2,False,False,True,0.25,3.0,3.0,3.0,3.0,0.0,3.0,4.0,1950.875,False,True,True,False,False,True
139:107021,139,85,107021,hotpotqa,8,6,False,False,True,0.75,2.0,2.0,2.0,2.0,0.0,2.0,3.0,1239.5,False,True,True,False,False,True
139:51094,139,85,51094,nq,8,7,False,False,True,0.875,1.0,1.0,1.0,1.0,0.0,2.0,2.0,1285.75,False,True,True,False,False,True
139:10582,139,85,10582,nq,8,1,False,False,True,0.125,1.0,1.0,1.0,1.0,0.0,1.125,2.0,787.375,False,True,True,False,False,True
139:116821,139,85,116821,hotpotqa,8,5,False,False,True,0.625,2.0,2.0,2.0,2.0,0.0,2.0,3.0,1319.5,False,True,True,False,False,True
139:88030,139,85,88030,hotpotqa,8,7,False,False,True,0.875,2.0,2.0,2.0,2.0,0.0,2.0,3.0,1255.75,False,True,True,False,False,True
140:37836,140,85,37836,nq,8,6,False,False,True,0.75,1.0,1.0,1.0,1.0,0.0,2.25,2.0,1267.875,False,True,True,False,False,True
140:113073,140,85,113073,hotpotqa,8,6,False,False,True,0.75,1.0,1.0,1.0,1.0,0.0,2.0,2.0,1265.25,False,True,True,False,False,True
140:103174,140,85,103174,hotpotqa,8,6,False,False,True,0.75,1.75,2.0,2.0,2.0,0.0,3.75,2.75,2468.5,False,True,True,False,False,True
140:150157,140,85,150157,hotpotqa,8,7,False,False,True,0.875,2.0,2.0,2.0,2.0,0.0,2.0,3.0,1274.375,False,True,True,False,False,True
140:127798,140,85,127798,hotpotqa,8,7,False,False,True,0.875,2.0,2.0,2.0,2.0,0.0,3.0,3.0,1973.0,False,True,True,False,False,True
141:133959,141,85,133959,hotpotqa,8,5,False,False,True,0.625,1.0,1.0,1.0,1.0,0.0,2.0,2.0,1246.75,False,True,True,False,False,True
141:34012,141,85,34012,nq,8,1,False,False,True,0.125,1.0,1.0,1.0,1.0,0.0,3.0,2.0,1767.625,False,True,True,False,False,True
141:131619,141,85,131619,hotpotqa,8,2,False,False,True,0.25,5.875,2.5,2.0,3.0,1.0,5.875,6.875,3661.125,True,True,True,False,False,True
141:159152,141,85,159152,hotpotqa,8,3,False,False,True,0.375,1.0,1.0,1.0,1.0,0.0,2.0,2.0,1190.75,False,True,True,False,False,True
142:57302,142,85,57302,nq,8,7,False,False,True,0.875,1.0,1.0,1.0,1.0,0.0,3.0,2.0,1859.125,False,True,True,False,False,True
142:129499,142,85,129499,hotpotqa,8,1,False,False,True,0.125,2.0,2.0,2.0,2.0,0.0,3.0,3.0,1958.625,False,True,True,False,False,True
142:107543,142,85,107543,hotpotqa,8,6,False,False,True,0.75,2.0,2.0,2.0,2.0,0.0,2.0,3.0,1224.0,False,True,True,False,False,True
143:1233,143,85,1233,nq,8,5,False,False,True,0.625,3.375,3.0,3.0,3.0,0.0,3.375,4.375,1693.125,False,True,True,False,False,True
143:33795,143,85,33795,nq,8,4,False,False,True,0.5,1.0,1.0,1.0,1.0,0.0,2.0,2.0,1343.0,False,True,True,False,False,True
144:62613,144,85,62613,nq,8,1,False,False,True,0.125,2.0,2.0,2.0,2.0,0.0,3.0,3.0,1851.5,False,True,True,False,False,True
144:39516,144,85,39516,nq,8,4,False,False,True,0.5,1.0,1.0,1.0,1.0,0.0,1.0,2.0,707.0,False,True,True,False,False,True
144:72954,144,85,72954,nq,8,7,False,False,True,0.875,2.125,2.0,2.0,2.0,0.0,2.125,3.125,1385.5,False,True,True,False,False,True
144:73791,144,85,73791,nq,8,7,False,False,True,0.875,1.0,1.0,1.0,1.0,0.0,2.0,2.0,1184.875,False,True,True,False,False,True
145:127903,145,85,127903,hotpotqa,8,7,False,False,True,0.875,2.0,2.0,2.0,2.0,0.0,2.0,3.0,1384.5,False,True,True,False,False,True
145:40725,145,85,40725,nq,8,7,False,False,True,0.875,2.0,2.0,2.0,2.0,0.0,2.0,3.0,1229.125,False,True,True,False,False,True
145:53397,145,85,53397,nq,8,1,False,False,True,0.125,1.0,1.0,1.0,1.0,0.0,2.0,2.0,1190.75,False,True,True,False,False,True
145:51886,145,85,51886,nq,8,7,False,False,True,0.875,1.0,1.0,1.0,1.0,0.0,3.0,2.0,1798.375,False,True,True,False,False,True
146:157983,146,86,157983,hotpotqa,8,5,False,False,True,0.625,2.375,2.0,2.0,2.0,0.0,3.375,3.375,2109.625,False,True,True,False,False,True
146:44888,146,86,44888,nq,8,7,False,False,True,0.875,1.0,1.0,1.0,1.0,0.0,1.875,2.0,1255.125,False,True,True,False,False,True
146:66591,146,86,66591,nq,8,3,False,False,True,0.375,2.0,2.0,2.0,2.0,0.0,4.0,3.0,2234.125,False,True,True,False,False,True
146:108677,146,86,108677,hotpotqa,8,4,False,False,True,0.5,1.5,2.0,2.0,2.0,0.0,2.5,2.5,1608.75,False,True,True,False,False,True
147:49970,147,86,49970,nq,8,3,False,False,True,0.375,1.0,1.0,1.0,1.0,0.0,2.0,2.0,1374.5,False,True,True,False,False,True
147:128609,147,86,128609,hotpotqa,8,7,False,False,True,0.875,1.0,1.0,1.0,1.0,0.0,1.875,2.0,1215.75,False,True,True,False,False,True
147:69677,147,86,69677,nq,8,4,False,False,True,0.5,1.0,1.0,1.0,1.0,0.0,2.0,2.0,1318.5,False,True,True,False,False,True
147:129101,147,86,129101,hotpotqa,8,5,False,False,True,0.625,2.0,2.0,2.0,2.0,0.0,2.0,3.0,1211.0,False,True,True,False,False,True
148:85453,148,86,85453,hotpotqa,8,1,False,False,True,0.125,2.0,2.0,2.0,2.0,0.0,2.0,3.0,1294.125,False,True,True,False,False,True
148:162614,148,86,162614,hotpotqa,8,4,False,False,True,0.5,1.0,1.0,1.0,1.0,0.0,2.0,2.0,1212.5,False,True,True,False,False,True
148:133835,148,86,133835,hotpotqa,8,2,False,False,True,0.25,2.5,3.0,3.0,3.0,0.0,2.5,3.5,1634.375,False,True,True,False,False,True
148:103073,148,86,103073,hotpotqa,8,4,False,False,True,0.5,3.0,3.0,3.0,3.0,0.0,3.0,4.0,1920.0,False,True,True,False,False,True
149:79429,149,86,79429,hotpotqa,8,1,False,False,True,0.125,1.0,1.0,1.0,1.0,0.0,2.0,2.0,1281.25,False,True,True,False,False,True
149:148141,149,86,148141,hotpotqa,8,1,False,False,True,0.125,3.25,2.0,2.0,2.0,0.0,3.25,4.25,3098.625,False,True,True,False,False,True
149:70603,149,86,70603,nq,8,7,False,False,True,0.875,1.0,1.0,1.0,1.0,0.0,3.0,2.0,1815.5,False,True,True,False,False,True
149:115888,149,86,115888,hotpotqa,8,4,False,False,True,0.5,3.25,3.0,3.0,3.0,0.0,3.25,4.25,2094.25,False,True,True,False,False,True
149:26390,149,86,26390,nq,8,4,False,False,True,0.5,1.5,1.0,1.0,1.0,0.0,2.5,2.5,1501.5,False,True,True,False,False,True
150:103338,150,86,103338,hotpotqa,8,6,False,False,True,0.75,2.0,2.0,2.0,2.0,0.0,2.0,3.0,1350.25,False,True,True,False,False,True
150:86491,150,86,86491,hotpotqa,8,7,False,False,True,0.875,1.0,1.0,1.0,1.0,0.0,2.0,2.0,1264.875,False,True,True,False,False,True
151:148454,151,86,148454,hotpotqa,8,3,False,False,True,0.375,1.0,1.0,1.0,1.0,0.0,1.0,2.0,746.0,False,True,True,False,False,True
151:17130,151,86,17130,nq,8,7,False,False,True,0.875,1.0,1.0,1.0,1.0,0.0,2.0,2.0,1221.25,False,True,True,False,False,True
152:40446,152,86,40446,nq,8,1,False,False,True,0.125,1.0,1.0,1.0,1.0,0.0,2.0,2.0,1243.875,False,True,True,False,False,True
152:109244,152,86,109244,hotpotqa,8,5,False,False,True,0.625,1.0,1.0,1.0,1.0,0.0,3.0,2.0,1694.875,False,True,True,False,False,True
152:72934,152,86,72934,nq,8,5,False,False,True,0.625,1.0,1.0,1.0,1.0,0.0,2.0,2.0,1199.75,False,True,True,False,False,True
152:37505,152,86,37505,nq,8,1,False,False,True,0.125,2.625,2.0,2.0,2.0,0.0,2.625,3.625,1501.75,False,True,True,False,False,True
154:147237,154,86,147237,hotpotqa,8,6,False,False,True,0.75,1.0,1.0,1.0,1.0,0.0,2.0,2.0,1297.75,False,True,True,False,False,True
154:58265,154,86,58265,nq,8,3,False,False,True,0.375,3.0,3.0,3.0,3.0,0.0,3.625,4.0,2068.0,False,True,True,False,False,True
155:116047,155,87,116047,hotpotqa,8,6,False,False,True,0.75,1.75,2.0,2.0,2.0,0.0,2.75,2.75,1559.0,False,True,True,False,False,True
156:104676,156,87,104676,hotpotqa,8,7,False,False,True,0.875,2.125,2.0,2.0,2.0,0.0,3.125,3.125,1515.25,False,True,True,False,False,True
156:99715,156,87,99715,hotpotqa,8,1,False,False,True,0.125,3.0,3.0,3.0,3.0,0.0,3.0,4.0,2024.375,False,True,True,False,False,True
156:18059,156,87,18059,nq,8,3,False,False,True,0.375,1.0,1.0,1.0,1.0,0.0,2.0,2.0,1279.0,False,True,True,False,False,True
156:18193,156,87,18193,nq,8,1,False,False,True,0.125,1.0,1.0,1.0,1.0,0.0,1.0,2.0,772.25,False,True,True,False,False,True
157:167544,157,87,167544,hotpotqa,8,1,False,False,True,0.125,3.0,3.0,3.0,3.0,0.0,3.0,4.0,1965.75,False,True,True,False,False,True
157:14130,157,87,14130,nq,8,7,False,False,True,0.875,1.0,1.0,1.0,1.0,0.0,1.0,2.0,717.125,False,True,True,False,False,True
158:58187,158,87,58187,nq,8,5,False,False,True,0.625,3.0,3.0,3.0,3.0,0.0,3.0,4.0,1652.125,False,True,True,False,False,True
158:126030,158,87,126030,hotpotqa,8,4,False,False,True,0.5,2.5,2.0,2.0,2.0,0.0,2.5,3.5,1624.0,False,True,True,False,False,True
158:137394,158,87,137394,hotpotqa,8,5,False,False,True,0.625,2.375,2.0,2.0,2.0,0.0,2.375,3.375,1510.25,False,True,True,False,False,True
159:53989,159,87,53989,nq,8,1,False,False,True,0.125,1.0,1.0,1.0,1.0,0.0,1.0,2.0,701.5,False,True,True,False,False,True
159:13595,159,87,13595,nq,8,1,False,False,True,0.125,2.875,2.0,2.0,2.0,0.0,2.875,3.875,1881.875,False,True,True,False,False,True
161:62551,161,87,62551,nq,8,3,False,False,True,0.375,1.0,1.0,1.0,1.0,0.0,2.0,2.0,1273.875,False,True,True,False,False,True
161:92391,161,87,92391,hotpotqa,8,7,False,False,True,0.875,1.0,1.0,1.0,1.0,0.0,2.0,2.0,1362.375,False,True,True,False,False,True
161:119406,161,87,119406,hotpotqa,8,6,False,False,True,0.75,3.75,4.0,4.0,4.0,0.0,3.75,4.75,2580.5,False,True,True,False,False,True
161:138675,161,87,138675,hotpotqa,8,3,False,False,True,0.375,3.625,3.0,3.0,3.0,0.0,3.625,4.625,2406.0,False,True,True,False,False,True
161:100588,161,87,100588,hotpotqa,8,7,False,False,True,0.875,1.875,2.0,2.0,2.0,0.0,2.875,2.875,1797.0,False,True,True,False,False,True
163:128648,163,87,128648,hotpotqa,8,1,False,False,True,0.125,2.0,2.0,2.0,2.0,0.0,2.0,3.0,1259.75,False,True,True,False,False,True
164:19333,164,87,19333,nq,8,7,False,False,True,0.875,1.625,1.5714285714285714,1.0,2.0,1.0,2.0,2.625,1282.5,True,True,True,False,False,True
164:14270,164,87,14270,nq,8,6,False,False,True,0.75,1.0,1.0,1.0,1.0,0.0,2.0,2.0,1254.0,False,True,True,False,False,True
165:145894,165,87,145894,hotpotqa,8,7,False,False,True,0.875,1.875,2.0,2.0,2.0,0.0,2.0,2.875,1337.625,False,True,True,False,False,True
165:113389,165,87,113389,hotpotqa,8,1,False,False,True,0.125,3.0,3.0,3.0,3.0,0.0,3.0,4.0,1746.875,False,True,True,False,False,True
165:80921,165,87,80921,hotpotqa,8,1,False,False,True,0.125,4.125,4.0,4.0,4.0,0.0,5.125,5.125,2458.5,False,True,True,False,False,True
165:65930,165,87,65930,nq,8,1,False,False,True,0.125,1.875,1.0,1.0,1.0,0.0,1.875,2.875,1334.875,False,True,True,False,False,True
165:167591,165,87,167591,hotpotqa,8,1,False,False,True,0.125,2.0,2.0,2.0,2.0,0.0,3.0,3.0,2050.125,False,True,True,False,False,True
165:167260,165,87,167260,hotpotqa,8,4,False,False,True,0.5,1.0,1.0,1.0,1.0,0.0,2.0,2.0,1291.0,False,True,True,False,False,True
166:40573,166,88,40573,nq,8,4,False,False,True,0.5,2.0,2.0,2.0,2.0,0.0,2.0,3.0,1318.0,False,True,True,False,False,True
167:140010,167,88,140010,hotpotqa,8,1,False,False,True,0.125,3.0,3.0,3.0,3.0,0.0,3.0,4.0,2092.0,False,True,True,False,False,True
167:106115,167,88,106115,hotpotqa,8,7,False,False,True,0.875,2.0,2.0,2.0,2.0,0.0,2.0,3.0,1437.0,False,True,True,False,False,True
167:1917,167,88,1917,nq,8,6,False,False,True,0.75,2.5,3.0,3.0,3.0,0.0,7.5,3.5,3805.625,False,True,True,False,False,True
167:153577,167,88,153577,hotpotqa,8,6,False,False,True,0.75,3.0,3.0,3.0,3.0,0.0,4.0,4.0,2794.75,False,True,True,False,False,True
168:57178,168,88,57178,nq,8,1,False,False,True,0.125,2.0,2.0,2.0,2.0,0.0,2.0,3.0,1260.875,False,True,True,False,False,True
168:134765,168,88,134765,hotpotqa,8,5,False,False,True,0.625,2.0,2.0,2.0,2.0,0.0,2.0,3.0,1211.5,False,True,True,False,False,True
168:81415,168,88,81415,hotpotqa,8,6,False,False,True,0.75,1.0,1.0,1.0,1.0,0.0,2.0,2.0,1324.75,False,True,True,False,False,True
168:126608,168,88,126608,hotpotqa,8,1,False,False,True,0.125,1.0,1.0,1.0,1.0,0.0,2.0,2.0,1491.75,False,True,True,False,False,True
168:156609,168,88,156609,hotpotqa,8,6,False,False,True,0.75,1.0,1.0,1.0,1.0,0.0,1.0,2.0,713.25,False,True,True,False,False,True
168:99873,168,88,99873,hotpotqa,8,1,False,False,True,0.125,3.125,4.0,4.0,4.0,0.0,3.125,4.125,2299.625,False,True,True,False,False,True
169:3197,169,88,3197,nq,8,7,False,False,True,0.875,1.0,1.0,1.0,1.0,0.0,2.0,2.0,1442.625,False,True,True,False,False,True
169:15002,169,88,15002,nq,8,5,False,False,True,0.625,1.0,1.0,1.0,1.0,0.0,2.0,2.0,1234.0,False,True,True,False,False,True
170:87440,170,88,87440,hotpotqa,8,2,False,False,True,0.25,1.75,1.0,1.0,1.0,0.0,2.75,2.75,1433.0,False,True,True,False,False,True
170:71358,170,88,71358,nq,8,4,False,False,True,0.5,1.0,1.0,1.0,1.0,0.0,2.0,2.0,1313.25,False,True,True,False,False,True
171:48033,171,88,48033,nq,8,5,False,False,True,0.625,1.625,2.0,2.0,2.0,0.0,1.625,2.625,1006.375,False,True,True,False,False,True
171:72065,171,88,72065,nq,8,3,False,False,True,0.375,2.0,2.0,2.0,2.0,0.0,2.0,3.0,1303.125,False,True,True,False,False,True
171:113670,171,88,113670,hotpotqa,8,6,False,False,True,0.75,2.0,2.0,2.0,2.0,0.0,2.0,3.0,1392.75,False,True,True,False,False,True
172:14237,172,88,14237,nq,8,5,False,False,True,0.625,1.0,1.0,1.0,1.0,0.0,2.0,2.0,1179.375,False,True,True,False,False,True
172:162117,172,88,162117,hotpotqa,8,1,False,False,True,0.125,2.0,2.0,2.0,2.0,0.0,3.0,3.0,2017.125,False,True,True,False,False,True
172:66138,172,88,66138,nq,8,2,False,False,True,0.25,3.375,2.0,2.0,2.0,0.0,4.375,4.375,2803.625,False,True,True,False,False,True
173:88555,173,88,88555,hotpotqa,8,1,False,False,True,0.125,1.0,1.0,1.0,1.0,0.0,2.0,2.0,1340.25,False,True,True,False,False,True
173:140461,173,88,140461,hotpotqa,8,4,False,False,True,0.5,3.0,3.0,3.0,3.0,0.0,3.0,4.0,1929.5,False,True,True,False,False,True
174:3100,174,88,3100,nq,8,2,False,False,True,0.25,1.25,2.0,2.0,2.0,0.0,1.25,2.25,887.0,False,True,True,False,False,True
174:22721,174,88,22721,nq,8,1,False,False,True,0.125,1.0,1.0,1.0,1.0,0.0,1.0,2.0,770.75,False,True,True,False,False,True
174:83170,174,88,83170,hotpotqa,8,1,False,False,True,0.125,1.0,1.0,1.0,1.0,0.0,2.0,2.0,1238.75,False,True,True,False,False,True
174:161862,174,88,161862,hotpotqa,8,7,False,False,True,0.875,2.0,2.0,2.0,2.0,0.0,3.0,3.0,2021.5,False,True,True,False,False,True
175:128565,175,89,128565,hotpotqa,8,4,False,False,True,0.5,1.0,1.0,1.0,1.0,0.0,2.0,2.0,1412.0,False,True,True,False,False,True
176:88217,176,89,88217,hotpotqa,8,3,False,False,True,0.375,1.0,1.0,1.0,1.0,0.0,2.0,2.0,1261.125,False,True,True,False,False,True
178:151324,178,89,151324,hotpotqa,8,7,False,False,True,0.875,2.0,2.0,2.0,2.0,0.0,2.0,3.0,1341.375,False,True,True,False,False,True
178:103585,178,89,103585,hotpotqa,8,1,False,False,True,0.125,1.0,1.0,1.0,1.0,0.0,1.0,2.0,797.5,False,True,True,False,False,True
178:13216,178,89,13216,nq,8,4,False,False,True,0.5,1.0,1.0,1.0,1.0,0.0,2.0,2.0,1320.0,False,True,True,False,False,True
178:98823,178,89,98823,hotpotqa,8,1,False,False,True,0.125,1.0,1.0,1.0,1.0,0.0,2.0,2.0,1234.375,False,True,True,False,False,True
179:79291,179,89,79291,hotpotqa,8,7,False,False,True,0.875,1.0,1.0,1.0,1.0,0.0,3.0,2.0,1902.125,False,True,True,False,False,True
180:19769,180,89,19769,nq,8,1,False,False,True,0.125,2.0,2.0,2.0,2.0,0.0,2.0,3.0,1336.625,False,True,True,False,False,True
180:159193,180,89,159193,hotpotqa,8,7,False,False,True,0.875,1.875,2.0,2.0,2.0,0.0,2.875,2.875,1837.375,False,True,True,False,False,True
180:127315,180,89,127315,hotpotqa,8,1,False,False,True,0.125,5.125,6.0,6.0,6.0,0.0,5.125,6.125,2898.375,False,True,True,False,False,True
181:9451,181,89,9451,nq,8,7,False,False,True,0.875,1.0,1.0,1.0,1.0,0.0,2.0,2.0,1159.25,False,True,True,False,False,True
181:27275,181,89,27275,nq,8,7,False,False,True,0.875,3.0,3.0,3.0,3.0,0.0,3.0,4.0,1820.375,False,True,True,False,False,True
181:19914,181,89,19914,nq,8,4,False,False,True,0.5,1.0,1.0,1.0,1.0,0.0,2.0,2.0,1269.0,False,True,True,False,False,True
181:120041,181,89,120041,hotpotqa,8,2,False,False,True,0.25,2.0,2.0,2.0,2.0,0.0,4.0,3.0,2370.25,False,True,True,False,False,True
181:144886,181,89,144886,hotpotqa,8,4,False,False,True,0.5,2.0,2.0,2.0,2.0,0.0,2.0,3.0,1280.0,False,True,True,False,False,True
182:523,182,89,523,nq,8,6,False,False,True,0.75,2.25,2.0,2.0,2.0,0.0,2.25,3.25,1625.5,False,True,True,False,False,True
182:111140,182,89,111140,hotpotqa,8,4,False,False,True,0.5,3.0,3.0,3.0,3.0,0.0,3.0,4.0,1988.0,False,True,True,False,False,True
182:32616,182,89,32616,nq,8,7,False,False,True,0.875,1.0,1.0,1.0,1.0,0.0,1.0,2.0,718.0,False,True,True,False,False,True
182:118738,182,89,118738,hotpotqa,8,1,False,False,True,0.125,1.0,1.0,1.0,1.0,0.0,2.0,2.0,1232.0,False,True,True,False,False,True
182:76115,182,89,76115,nq,8,7,False,False,True,0.875,1.875,2.0,2.0,2.0,0.0,2.875,2.875,1605.0,False,True,True,False,False,True
183:16040,183,89,16040,nq,8,1,False,False,True,0.125,1.0,1.0,1.0,1.0,0.0,2.0,2.0,1328.625,False,True,True,False,False,True
183:63475,183,89,63475,nq,8,4,False,False,True,0.5,1.0,1.0,1.0,1.0,0.0,2.0,2.0,1287.0,False,True,True,False,False,True
183:5970,183,89,5970,nq,8,7,False,False,True,0.875,3.0,3.0,3.0,3.0,0.0,3.0,4.0,1773.25,False,True,True,False,False,True
184:124227,184,89,124227,hotpotqa,8,6,False,False,True,0.75,2.0,2.0,2.0,2.0,0.0,2.0,3.0,1283.0,False,True,True,False,False,True
184:119272,184,89,119272,hotpotqa,8,3,False,False,True,0.375,2.0,2.0,2.0,2.0,0.0,3.0,3.0,1924.25,False,True,True,False,False,True
185:51204,185,89,51204,nq,8,7,False,False,True,0.875,1.0,1.0,1.0,1.0,0.0,2.0,2.0,1358.125,False,True,True,False,False,True
185:36644,185,89,36644,nq,8,2,False,False,True,0.25,1.0,1.0,1.0,1.0,0.0,3.0,2.0,1739.0,False,True,True,False,False,True
186:34081,186,90,34081,nq,8,7,False,False,True,0.875,1.0,1.0,1.0,1.0,0.0,2.0,2.0,1253.25,False,True,True,False,False,True
186:50326,186,90,50326,nq,8,7,False,False,True,0.875,1.125,1.0,1.0,1.0,0.0,2.0,2.125,1356.25,False,True,True,False,False,True
187:600,187,90,600,nq,8,6,False,False,True,0.75,1.25,1.0,1.0,1.0,0.0,1.25,2.25,929.375,False,True,True,False,False,True
187:77187,187,90,77187,nq,8,1,False,False,True,0.125,2.0,2.0,2.0,2.0,0.0,2.0,3.0,1250.25,False,True,True,False,False,True
188:109574,188,90,109574,hotpotqa,8,1,False,False,True,0.125,3.0,3.0,3.0,3.0,0.0,3.0,4.0,1985.25,False,True,True,False,False,True
189:108397,189,90,108397,hotpotqa,8,7,False,False,True,0.875,1.125,1.0,1.0,1.0,0.0,1.125,2.125,848.625,False,True,True,False,False,True
190:92645,190,90,92645,hotpotqa,8,2,False,False,True,0.25,1.0,1.0,1.0,1.0,0.0,2.0,2.0,1368.5,False,True,True,False,False,True
190:55065,190,90,55065,nq,8,4,False,False,True,0.5,1.0,1.0,1.0,1.0,0.0,2.5,2.0,1638.0,False,True,True,False,False,True
190:8848,190,90,8848,nq,8,1,False,False,True,0.125,1.0,1.0,1.0,1.0,0.0,2.75,2.0,1673.875,False,True,True,False,False,True
191:98302,191,90,98302,hotpotqa,8,1,False,False,True,0.125,1.0,1.0,1.0,1.0,0.0,2.0,2.0,1238.75,False,True,True,False,False,True
191:2584,191,90,2584,nq,8,2,False,False,True,0.25,1.0,1.0,1.0,1.0,0.0,2.0,2.0,1217.75,False,True,True,False,False,True
192:152585,192,90,152585,hotpotqa,8,1,False,False,True,0.125,1.125,2.0,2.0,2.0,0.0,1.125,2.125,840.375,False,True,True,False,False,True
192:122535,192,90,122535,hotpotqa,8,7,False,False,True,0.875,2.0,2.0,2.0,2.0,0.0,2.0,3.0,1354.125,False,True,True,False,False,True
192:5152,192,90,5152,nq,8,7,False,False,True,0.875,2.0,2.0,2.0,2.0,0.0,2.0,3.0,1601.625,False,True,True,False,False,True
192:76945,192,90,76945,nq,8,5,False,False,True,0.625,1.0,1.0,1.0,1.0,0.0,2.0,2.0,1181.125,False,True,True,False,False,True
193:117223,193,90,117223,hotpotqa,8,2,False,False,True,0.25,2.0,2.0,2.0,2.0,0.0,2.0,3.0,1275.0,False,True,True,False,False,True
193:26391,193,90,26391,nq,8,6,False,False,True,0.75,2.25,2.0,2.0,2.0,0.0,2.25,3.25,1572.75,False,True,True,False,False,True
194:87293,194,90,87293,hotpotqa,8,4,False,False,True,0.5,2.5,2.0,2.0,2.0,0.0,2.5,3.5,1654.5,False,True,True,False,False,True
194:79507,194,90,79507,hotpotqa,8,7,False,False,True,0.875,1.0,1.0,1.0,1.0,0.0,2.0,2.0,1182.5,False,True,True,False,False,True
194:61378,194,90,61378,nq,8,6,False,False,True,0.75,1.0,1.0,1.0,1.0,0.0,2.0,2.0,1361.75,False,True,True,False,False,True
195:65821,195,90,65821,nq,8,3,False,False,True,0.375,2.0,2.0,2.0,2.0,0.0,3.0,3.0,1927.0,False,True,True,False,False,True
195:149003,195,90,149003,hotpotqa,8,4,False,False,True,0.5,1.0,1.0,1.0,1.0,0.0,2.0,2.0,1293.0,False,True,True,False,False,True
195:110031,195,90,110031,hotpotqa,8,4,False,False,True,0.5,1.0,1.0,1.0,1.0,0.0,2.0,2.0,1452.625,False,True,True,False,False,True
196:41324,196,90,41324,nq,8,5,False,False,True,0.625,1.0,1.0,1.0,1.0,0.0,1.625,2.0,1008.875,False,True,True,False,False,True
196:26132,196,90,26132,nq,8,4,False,False,True,0.5,1.5,1.0,1.0,1.0,0.0,1.5,2.5,1052.375,False,True,True,False,False,True
196:57766,196,90,57766,nq,8,5,False,False,True,0.625,1.0,1.0,1.0,1.0,0.0,2.0,2.0,1243.125,False,True,True,False,False,True
196:83565,196,90,83565,hotpotqa,8,7,False,False,True,0.875,3.0,3.0,3.0,3.0,0.0,3.0,4.0,1866.375,False,True,True,False,False,True
196:15965,196,90,15965,nq,8,1,False,False,True,0.125,1.0,1.0,1.0,1.0,0.0,2.0,2.0,1167.375,False,True,True,False,False,True
197:160585,197,91,160585,hotpotqa,8,5,False,False,True,0.625,1.0,1.0,1.0,1.0,0.0,2.0,2.0,1226.625,False,True,True,False,False,True
197:87163,197,91,87163,hotpotqa,8,3,False,False,True,0.375,3.0,3.0,3.0,3.0,0.0,3.0,4.0,1889.875,False,True,True,False,False,True
197:117046,197,91,117046,hotpotqa,8,2,False,False,True,0.25,2.0,2.0,2.0,2.0,0.0,3.0,3.0,1850.75,False,True,True,False,False,True
197:126636,197,91,126636,hotpotqa,8,1,False,False,True,0.125,2.125,3.0,3.0,3.0,0.0,3.125,3.125,2112.375,False,True,True,False,False,True
197:28031,197,91,28031,nq,8,5,False,False,True,0.625,3.625,4.0,4.0,4.0,0.0,3.625,4.625,2317.5,False,True,True,False,False,True
198:85083,198,91,85083,hotpotqa,8,1,False,False,True,0.125,1.0,1.0,1.0,1.0,0.0,2.0,2.0,1264.875,False,True,True,False,False,True
198:16388,198,91,16388,nq,8,7,False,False,True,0.875,1.0,1.0,1.0,1.0,0.0,2.0,2.0,1164.25,False,True,True,False,False,True
198:109004,198,91,109004,hotpotqa,8,6,False,False,True,0.75,2.0,2.0,2.0,2.0,0.0,2.0,3.0,1339.0,False,True,True,False,False,True
199:22875,199,91,22875,nq,8,6,False,False,True,0.75,2.75,3.0,3.0,3.0,0.0,2.75,3.75,1725.0,False,True,True,False,False,True
199:5332,199,91,5332,nq,8,2,False,False,True,0.25,2.0,2.0,2.0,2.0,0.0,2.0,3.0,1177.5,False,True,True,False,False,True
199:46788,199,91,46788,nq,8,4,False,False,True,0.5,2.0,2.0,2.0,2.0,0.0,2.0,3.0,1351.625,False,True,True,False,False,True
199:16194,199,91,16194,nq,8,2,False,False,True,0.25,1.75,1.0,1.0,1.0,0.0,2.75,2.75,1860.875,False,True,True,False,False,True
199:156787,199,91,156787,hotpotqa,8,6,False,False,True,0.75,2.0,2.0,2.0,2.0,0.0,2.0,3.0,1335.25,False,True,True,False,False,True
200:167591,200,91,167591,hotpotqa,8,6,False,False,True,0.75,3.0,3.0,3.0,3.0,0.0,3.0,4.0,2088.75,False,True,True,False,False,True
201:148166,201,91,148166,hotpotqa,8,2,False,False,True,0.25,2.0,2.0,2.0,2.0,0.0,2.0,3.0,1489.0,False,True,True,False,False,True
201:114063,201,91,114063,hotpotqa,8,7,False,False,True,0.875,2.0,2.0,2.0,2.0,0.0,3.0,3.0,1879.875,False,True,True,False,False,True
201:53717,201,91,53717,nq,8,5,False,False,True,0.625,1.0,1.0,1.0,1.0,0.0,2.0,2.0,1258.25,False,True,True,False,False,True
202:102752,202,91,102752,hotpotqa,8,1,False,False,True,0.125,1.0,1.0,1.0,1.0,0.0,2.0,2.0,1488.625,False,True,True,False,False,True
202:104837,202,91,104837,hotpotqa,8,1,False,False,True,0.125,2.0,2.0,2.0,2.0,0.0,6.0,3.0,3479.375,False,True,True,False,False,True
202:160450,202,91,160450,hotpotqa,8,7,False,False,True,0.875,2.0,2.0,2.0,2.0,0.0,2.0,3.0,1466.875,False,True,True,False,False,True
202:66366,202,91,66366,nq,8,1,False,False,True,0.125,1.125,2.0,2.0,2.0,0.0,1.125,2.125,754.25,False,True,True,False,False,True
203:35832,203,91,35832,nq,8,1,False,False,True,0.125,1.125,2.0,2.0,2.0,0.0,1.125,2.125,829.875,False,True,True,False,False,True
203:125958,203,91,125958,hotpotqa,8,5,False,False,True,0.625,2.0,2.0,2.0,2.0,0.0,2.0,3.0,1291.625,False,True,True,False,False,True
203:60632,203,91,60632,nq,8,2,False,False,True,0.25,2.5,1.0,1.0,1.0,0.0,3.5,3.5,1929.5,False,True,True,False,False,True
203:88825,203,91,88825,hotpotqa,8,7,False,False,True,0.875,1.0,1.0,1.0,1.0,0.0,2.0,2.0,1370.25,False,True,True,False,False,True
203:109890,203,91,109890,hotpotqa,8,2,False,False,True,0.25,1.0,1.0,1.0,1.0,0.0,2.0,2.0,1228.5,False,True,True,False,False,True
204:46891,204,91,46891,nq,8,6,False,False,True,0.75,1.0,1.0,1.0,1.0,0.0,1.0,2.0,779.5,False,True,True,False,False,True
204:103880,204,91,103880,hotpotqa,8,7,False,False,True,0.875,1.875,2.0,2.0,2.0,0.0,2.0,2.875,1311.25,False,True,True,False,False,True
204:58098,204,91,58098,nq,8,3,False,False,True,0.375,1.0,1.0,1.0,1.0,0.0,4.0,2.0,2197.125,False,True,True,False,False,True
205:115404,205,92,115404,hotpotqa,8,1,False,False,True,0.125,1.875,1.0,1.0,1.0,0.0,2.875,2.875,1676.125,False,True,True,False,False,True
205:125520,205,92,125520,hotpotqa,8,5,False,False,True,0.625,1.625,2.0,2.0,2.0,0.0,2.625,2.625,1657.625,False,True,True,False,False,True
205:25415,205,92,25415,nq,8,5,False,False,True,0.625,1.75,2.0,2.0,2.0,0.0,2.75,2.75,1378.25,False,True,True,False,False,True
206:84576,206,92,84576,hotpotqa,8,6,False,False,True,0.75,1.0,1.0,1.0,1.0,0.0,2.0,2.0,1282.5,False,True,True,False,False,True
206:53789,206,92,53789,nq,8,4,False,False,True,0.5,1.0,1.0,1.0,1.0,0.0,3.0,2.0,1645.5,False,True,True,False,False,True
207:86998,207,92,86998,hotpotqa,8,1,False,False,True,0.125,2.125,3.0,3.0,3.0,0.0,2.125,3.125,1429.875,False,True,True,False,False,True
207:134960,207,92,134960,hotpotqa,8,2,False,False,True,0.25,2.0,2.0,2.0,2.0,0.0,3.0,3.0,2083.5,False,True,True,False,False,True
207:122185,207,92,122185,hotpotqa,8,3,False,False,True,0.375,1.0,1.0,1.0,1.0,0.0,2.0,2.0,1220.5,False,True,True,False,False,True
207:60425,207,92,60425,nq,8,5,False,False,True,0.625,3.0,3.0,3.0,3.0,0.0,3.0,4.0,1812.75,False,True,True,False,False,True
207:49941,207,92,49941,nq,8,2,False,False,True,0.25,2.0,2.0,2.0,2.0,0.0,2.0,3.0,1292.0,False,True,True,False,False,True
208:148376,208,92,148376,hotpotqa,8,1,False,False,True,0.125,1.0,1.0,1.0,1.0,0.0,2.0,2.0,1311.5,False,True,True,False,False,True
208:9013,208,92,9013,nq,8,5,False,False,True,0.625,1.625,1.4,1.0,2.0,1.0,2.0,2.625,1302.875,True,True,True,False,False,True
209:104682,209,92,104682,hotpotqa,8,2,False,False,True,0.25,7.0,7.0,7.0,7.0,0.0,7.0,8.0,4880.75,False,True,True,False,False,True
209:141467,209,92,141467,hotpotqa,8,7,False,False,True,0.875,2.0,2.0,2.0,2.0,0.0,3.0,3.0,1750.25,False,True,True,False,False,True
209:21197,209,92,21197,nq,8,6,False,False,True,0.75,1.0,1.0,1.0,1.0,0.0,3.0,2.0,1677.5,False,True,True,False,False,True
210:21115,210,92,21115,nq,8,3,False,False,True,0.375,1.0,1.0,1.0,1.0,0.0,2.0,2.0,1191.5,False,True,True,False,False,True
210:73777,210,92,73777,nq,8,1,False,False,True,0.125,1.0,1.0,1.0,1.0,0.0,2.0,2.0,1148.75,False,True,True,False,False,True
210:62386,210,92,62386,nq,8,4,False,False,True,0.5,2.0,1.0,1.0,1.0,0.0,3.0,3.0,1740.5,False,True,True,False,False,True
210:156111,210,92,156111,hotpotqa,8,1,False,False,True,0.125,1.125,2.0,2.0,2.0,0.0,1.125,2.125,806.375,False,True,True,False,False,True
210:168661,210,92,168661,hotpotqa,8,4,False,False,True,0.5,1.5,1.0,1.0,1.0,0.0,2.5,2.5,1660.0,False,True,True,False,False,True
210:74677,210,92,74677,nq,8,4,False,False,True,0.5,1.0,1.0,1.0,1.0,0.0,2.0,2.0,1267.0,False,True,True,False,False,True
211:22747,211,92,22747,nq,8,5,False,False,True,0.625,2.875,3.0,3.0,3.0,0.0,2.875,3.875,2332.125,False,True,True,False,False,True
211:72212,211,92,72212,nq,8,5,False,False,True,0.625,1.0,1.0,1.0,1.0,0.0,3.0,2.0,1890.75,False,True,True,False,False,True
211:13334,211,92,13334,nq,8,1,False,False,True,0.125,1.0,1.0,1.0,1.0,0.0,4.0,2.0,2397.375,False,True,True,False,False,True
212:149762,212,92,149762,hotpotqa,8,5,False,False,True,0.625,2.0,2.0,2.0,2.0,0.0,2.0,3.0,1402.5,False,True,True,False,False,True
212:157388,212,92,157388,hotpotqa,8,5,False,False,True,0.625,3.0,3.0,3.0,3.0,0.0,4.0,4.0,2580.375,False,True,True,False,False,True
213:73917,213,92,73917,nq,8,2,False,False,True,0.25,3.0,3.0,3.0,3.0,0.0,3.0,4.0,2242.25,False,True,True,False,False,True
213:65674,213,92,65674,nq,8,3,False,False,True,0.375,1.0,1.0,1.0,1.0,0.0,2.0,2.0,1243.5,False,True,True,False,False,True
214:19740,214,93,19740,nq,8,2,False,False,True,0.25,1.625,1.0,1.0,1.0,0.0,1.75,2.625,1180.875,False,True,True,False,False,True
214:55110,214,93,55110,nq,8,6,False,False,True,0.75,1.75,2.0,2.0,2.0,0.0,2.75,2.75,1884.75,False,True,True,False,False,True
214:113040,214,93,113040,hotpotqa,8,1,False,False,True,0.125,1.0,1.0,1.0,1.0,0.0,2.0,2.0,1435.125,False,True,True,False,False,True
214:154038,214,93,154038,hotpotqa,8,7,False,False,True,0.875,2.0,2.0,2.0,2.0,0.0,2.0,3.0,1291.125,False,True,True,False,False,True
214:104260,214,93,104260,hotpotqa,8,1,False,False,True,0.125,2.0,2.0,2.0,2.0,0.0,2.0,3.0,1358.625,False,True,True,False,False,True
214:91590,214,93,91590,hotpotqa,8,6,False,False,True,0.75,2.0,2.0,2.0,2.0,0.0,2.0,3.0,1307.5,False,True,True,False,False,True
215:114514,215,93,114514,hotpotqa,8,5,False,False,True,0.625,2.625,2.0,2.0,2.0,0.0,2.625,3.625,2083.625,False,True,True,False,False,True
215:153340,215,93,153340,hotpotqa,8,6,False,False,True,0.75,2.0,2.0,2.0,2.0,0.0,3.0,3.0,2055.5,False,True,True,False,False,True
215:86172,215,93,86172,hotpotqa,8,6,False,False,True,0.75,1.25,1.0,1.0,1.0,0.0,2.25,2.25,1378.25,False,True,True,False,False,True
217:89867,217,93,89867,hotpotqa,8,5,False,False,True,0.625,1.625,2.0,2.0,2.0,0.0,2.625,2.625,1476.375,False,True,True,False,False,True
218:126440,218,93,126440,hotpotqa,8,7,False,False,True,0.875,1.0,1.0,1.0,1.0,0.0,2.0,2.0,1407.25,False,True,True,False,False,True
218:120348,218,93,120348,hotpotqa,8,1,False,False,True,0.125,2.125,3.0,3.0,3.0,0.0,2.125,3.125,1491.125,False,True,True,False,False,True
218:18747,218,93,18747,nq,8,3,False,False,True,0.375,1.0,1.0,1.0,1.0,0.0,2.0,2.0,1259.375,False,True,True,False,False,True
218:128178,218,93,128178,hotpotqa,8,2,False,False,True,0.25,1.25,2.0,2.0,2.0,0.0,3.0,2.25,1948.25,False,True,True,False,False,True
219:27079,219,93,27079,nq,8,1,False,False,True,0.125,2.0,2.0,2.0,2.0,0.0,3.0,3.0,1816.0,False,True,True,False,False,True
219:143486,219,93,143486,hotpotqa,8,3,False,False,True,0.375,1.0,1.0,1.0,1.0,0.0,2.0,2.0,1193.75,False,True,True,False,False,True
219:27352,219,93,27352,nq,8,1,False,False,True,0.125,1.0,1.0,1.0,1.0,0.0,3.0,2.0,1820.25,False,True,True,False,False,True
220:41032,220,93,41032,nq,8,4,False,False,True,0.5,2.0,2.0,2.0,2.0,0.0,2.0,3.0,1463.5,False,True,True,False,False,True
220:22009,220,93,22009,nq,8,5,False,False,True,0.625,1.0,1.0,1.0,1.0,0.0,2.0,2.0,1323.25,False,True,True,False,False,True
221:136101,221,93,136101,hotpotqa,8,7,False,False,True,0.875,2.25,2.0,2.0,2.0,0.0,2.25,3.25,1613.125,False,True,True,False,False,True
222:34979,222,93,34979,nq,8,6,False,False,True,0.75,1.0,1.0,1.0,1.0,0.0,4.0,2.0,2211.25,False,True,True,False,False,True
223:133297,223,93,133297,hotpotqa,8,7,False,False,True,0.875,1.0,1.0,1.0,1.0,0.0,1.125,2.0,737.875,False,True,True,False,False,True
223:43205,223,93,43205,nq,8,7,False,False,True,0.875,1.0,1.0,1.0,1.0,0.0,1.0,2.0,730.25,False,True,True,False,False,True
224:99640,224,94,99640,hotpotqa,8,1,False,False,True,0.125,2.0,2.0,2.0,2.0,0.0,3.0,3.0,1805.25,False,True,True,False,False,True
224:30894,224,94,30894,nq,8,4,False,False,True,0.5,2.5,2.0,2.0,2.0,0.0,2.5,3.5,1615.5,False,True,True,False,False,True
226:2407,226,94,2407,nq,8,4,False,False,True,0.5,1.0,1.0,1.0,1.0,0.0,2.0,2.0,1250.5,False,True,True,False,False,True
226:69105,226,94,69105,nq,8,5,False,False,True,0.625,1.0,1.0,1.0,1.0,0.0,2.0,2.0,1287.0,False,True,True,False,False,True
226:117225,226,94,117225,hotpotqa,8,6,False,False,True,0.75,1.0,1.0,1.0,1.0,0.0,2.0,2.0,1209.0,False,True,True,False,False,True
227:13273,227,94,13273,nq,8,7,False,False,True,0.875,1.875,2.0,2.0,2.0,0.0,1.875,2.875,1165.75,False,True,True,False,False,True
227:38580,227,94,38580,nq,8,7,False,False,True,0.875,2.0,2.0,2.0,2.0,0.0,3.0,3.0,1849.0,False,True,True,False,False,True
227:20017,227,94,20017,nq,8,2,False,False,True,0.25,1.0,1.0,1.0,1.0,0.0,2.0,2.0,1176.0,False,True,True,False,False,True
227:167654,227,94,167654,hotpotqa,8,5,False,False,True,0.625,1.375,1.0,1.0,1.0,0.0,1.375,2.375,961.0,False,True,True,False,False,True
228:84313,228,94,84313,hotpotqa,8,6,False,False,True,0.75,1.75,2.0,2.0,2.0,0.0,2.75,2.75,1645.5,False,True,True,False,False,True
228:79438,228,94,79438,hotpotqa,8,7,False,False,True,0.875,1.0,1.0,1.0,1.0,0.0,2.0,2.0,1281.375,False,True,True,False,False,True
228:94356,228,94,94356,hotpotqa,8,1,False,False,True,0.125,1.0,1.0,1.0,1.0,0.0,2.0,2.0,1294.875,False,True,True,False,False,True
228:153853,228,94,153853,hotpotqa,8,1,False,False,True,0.125,1.0,1.0,1.0,1.0,0.0,1.0,2.0,879.75,False,True,True,False,False,True
229:89902,229,94,89902,hotpotqa,8,1,False,False,True,0.125,1.375,2.0,2.0,2.0,0.0,1.375,2.375,946.625,False,True,True,False,False,True
229:43719,229,94,43719,nq,8,6,False,False,True,0.75,1.0,1.0,1.0,1.0,0.0,1.25,2.0,849.75,False,True,True,False,False,True
229:154691,229,94,154691,hotpotqa,8,4,False,False,True,0.5,1.5,1.0,1.0,1.0,0.0,2.5,2.5,1626.5,False,True,True,False,False,True
230:67081,230,94,67081,nq,8,7,False,False,True,0.875,1.0,1.0,1.0,1.0,0.0,2.0,2.0,1276.75,False,True,True,False,False,True
230:17353,230,94,17353,nq,8,2,False,False,True,0.25,2.0,2.0,2.0,2.0,0.0,3.0,3.0,1855.5,False,True,True,False,False,True
230:111249,230,94,111249,hotpotqa,8,6,False,False,True,0.75,2.0,2.0,2.0,2.0,0.0,3.0,3.0,1794.125,False,True,True,False,False,True
230:54041,230,94,54041,nq,8,7,False,False,True,0.875,3.875,3.857142857142857,3.0,4.0,1.0,4.0,4.875,2392.625,True,True,True,False,False,True
230:146105,230,94,146105,hotpotqa,8,6,False,False,True,0.75,1.0,1.0,1.0,1.0,0.0,2.0,2.0,1307.0,False,True,True,False,False,True
231:13053,231,94,13053,nq,8,2,False,False,True,0.25,1.0,1.0,1.0,1.0,0.0,2.0,2.0,1106.0,False,True,True,False,False,True
232:89734,232,94,89734,hotpotqa,8,1,False,False,True,0.125,2.0,2.0,2.0,2.0,0.0,3.0,3.0,1801.5,False,True,True,False,False,True
232:145640,232,94,145640,hotpotqa,8,7,False,False,True,0.875,2.0,2.0,2.0,2.0,0.0,2.0,3.0,1366.5,False,True,True,False,False,True
232:165919,232,94,165919,hotpotqa,8,3,False,False,True,0.375,1.625,1.0,1.0,1.0,0.0,2.625,2.625,1855.875,False,True,True,False,False,True
233:30059,233,94,30059,nq,8,1,False,False,True,0.125,2.0,2.0,2.0,2.0,0.0,3.0,3.0,1848.375,False,True,True,False,False,True
233:28050,233,94,28050,nq,8,7,False,False,True,0.875,1.0,1.0,1.0,1.0,0.0,1.125,2.0,1049.875,False,True,True,False,False,True
233:148027,233,94,148027,hotpotqa,8,1,False,False,True,0.125,1.0,1.0,1.0,1.0,0.0,2.0,2.0,1220.625,False,True,True,False,False,True
233:12953,233,94,12953,nq,8,6,False,False,True,0.75,2.0,2.0,2.0,2.0,0.0,2.0,3.0,1176.25,False,True,True,False,False,True
234:108296,234,95,108296,hotpotqa,8,7,False,False,True,0.875,1.0,1.0,1.0,1.0,0.0,2.0,2.0,1300.125,False,True,True,False,False,True
235:96707,235,95,96707,hotpotqa,8,1,False,False,True,0.125,2.0,2.0,2.0,2.0,0.0,3.0,3.0,1829.0,False,True,True,False,False,True
235:44795,235,95,44795,nq,8,5,False,False,True,0.625,1.0,1.0,1.0,1.0,0.0,1.0,2.0,744.25,False,True,True,False,False,True
235:124278,235,95,124278,hotpotqa,8,4,False,False,True,0.5,2.0,2.0,2.0,2.0,0.0,2.0,3.0,1307.0,False,True,True,False,False,True
235:32375,235,95,32375,nq,8,2,False,False,True,0.25,1.0,1.0,1.0,1.0,0.0,2.0,2.0,1182.5,False,True,True,False,False,True
236:81428,236,95,81428,hotpotqa,8,1,False,False,True,0.125,1.0,1.0,1.0,1.0,0.0,2.0,2.0,1269.75,False,True,True,False,False,True
236:158306,236,95,158306,hotpotqa,8,2,False,False,True,0.25,2.0,2.0,2.0,2.0,0.0,3.0,3.0,1820.625,False,True,True,False,False,True
236:158524,236,95,158524,hotpotqa,8,1,False,False,True,0.125,1.0,1.0,1.0,1.0,0.0,2.0,2.0,1361.875,False,True,True,False,False,True
237:67874,237,95,67874,nq,8,3,False,False,True,0.375,1.625,1.0,1.0,1.0,0.0,2.625,2.625,1676.125,False,True,True,False,False,True
237:89555,237,95,89555,hotpotqa,8,2,False,False,True,0.25,2.0,2.0,2.0,2.0,0.0,3.0,3.0,1928.75,False,True,True,False,False,True
238:145624,238,95,145624,hotpotqa,8,4,False,False,True,0.5,1.5,1.0,1.0,1.0,0.0,1.5,2.5,1110.0,False,True,True,False,False,True
238:41839,238,95,41839,nq,8,3,False,False,True,0.375,3.5,3.0,3.0,3.0,0.0,4.5,4.5,2917.0,False,True,True,False,False,True
238:128881,238,95,128881,hotpotqa,8,5,False,False,True,0.625,1.0,1.0,1.0,1.0,0.0,1.75,2.0,998.75,False,True,True,False,False,True
239:126743,239,95,126743,hotpotqa,8,3,False,False,True,0.375,1.0,1.0,1.0,1.0,0.0,2.0,2.0,1307.625,False,True,True,False,False,True
240:109421,240,95,109421,hotpotqa,8,7,False,False,True,0.875,1.0,1.0,1.0,1.0,0.0,2.0,2.0,1305.875,False,True,True,False,False,True
240:25993,240,95,25993,nq,8,7,False,False,True,0.875,1.0,1.0,1.0,1.0,0.0,1.875,2.0,1162.25,False,True,True,False,False,True
240:30298,240,95,30298,nq,8,7,False,False,True,0.875,2.75,2.7142857142857144,2.0,3.0,1.0,2.75,3.75,1699.625,True,True,True,False,False,True
240:54247,240,95,54247,nq,8,4,False,False,True,0.5,1.0,1.0,1.0,1.0,0.0,1.0,2.0,764.5,False,True,True,False,False,True
240:144170,240,95,144170,hotpotqa,8,4,False,False,True,0.5,2.0,2.0,2.0,2.0,0.0,2.0,3.0,1209.375,False,True,True,False,False,True
240:83618,240,95,83618,hotpotqa,8,4,False,False,True,0.5,1.0,1.0,1.0,1.0,0.0,2.0,2.0,1477.0,False,True,True,False,False,True
241:107281,241,95,107281,hotpotqa,8,6,False,False,True,0.75,2.0,2.0,2.0,2.0,0.0,3.0,3.0,1853.25,False,True,True,False,False,True
241:144583,241,95,144583,hotpotqa,8,5,False,False,True,0.625,2.25,3.0,3.0,3.0,0.0,2.25,3.25,1642.75,False,True,True,False,False,True
241:69418,241,95,69418,nq,8,4,False,False,True,0.5,1.5,2.0,2.0,2.0,0.0,2.0,2.5,1187.5,False,True,True,False,False,True
241:154435,241,95,154435,hotpotqa,8,7,False,False,True,0.875,2.0,2.0,2.0,2.0,0.0,3.0,3.0,2100.375,False,True,True,False,False,True
241:99015,241,95,99015,hotpotqa,8,2,False,False,True,0.25,1.0,1.0,1.0,1.0,0.0,2.0,2.0,1239.75,False,True,True,False,False,True
241:7720,241,95,7720,nq,8,6,False,False,True,0.75,2.0,2.0,2.0,2.0,0.0,3.0,3.0,1750.0,False,True,True,False,False,True
242:123666,242,96,123666,hotpotqa,8,1,False,False,True,0.125,2.0,2.0,2.0,2.0,0.0,2.0,3.0,1462.25,False,True,True,False,False,True
242:134243,242,96,134243,hotpotqa,8,5,False,False,True,0.625,1.0,1.0,1.0,1.0,0.0,2.0,2.0,1339.125,False,True,True,False,False,True
242:158043,242,96,158043,hotpotqa,8,7,False,False,True,0.875,4.0,4.0,4.0,4.0,0.0,4.0,5.0,2310.25,False,True,True,False,False,True
242:167663,242,96,167663,hotpotqa,8,4,False,False,True,0.5,1.0,1.0,1.0,1.0,0.0,2.0,2.0,1269.5,False,True,True,False,False,True
242:167959,242,96,167959,hotpotqa,8,1,False,False,True,0.125,1.0,1.0,1.0,1.0,0.0,2.0,2.0,1323.625,False,True,True,False,False,True
243:123850,243,96,123850,hotpotqa,8,4,False,False,True,0.5,1.0,1.0,1.0,1.0,0.0,2.0,2.0,1242.0,False,True,True,False,False,True
243:25946,243,96,25946,nq,8,2,False,False,True,0.25,2.25,3.0,3.0,3.0,0.0,2.25,3.25,1517.625,False,True,True,False,False,True
244:63608,244,96,63608,nq,8,7,False,False,True,0.875,1.0,1.0,1.0,1.0,0.0,2.0,2.0,1304.125,False,True,True,False,False,True
245:161613,245,96,161613,hotpotqa,8,7,False,False,True,0.875,2.875,3.0,3.0,3.0,0.0,2.875,3.875,1753.875,False,True,True,False,False,True
245:53614,245,96,53614,nq,8,6,False,False,True,0.75,1.0,1.0,1.0,1.0,0.0,1.0,2.0,766.75,False,True,True,False,False,True
245:43904,245,96,43904,nq,8,3,False,False,True,0.375,1.0,1.0,1.0,1.0,0.0,2.0,2.0,1171.75,False,True,True,False,False,True
245:138880,245,96,138880,hotpotqa,8,2,False,False,True,0.25,2.0,2.0,2.0,2.0,0.0,2.0,3.0,1305.0,False,True,True,False,False,True
246:163440,246,96,163440,hotpotqa,8,6,False,False,True,0.75,1.0,1.0,1.0,1.0,0.0,2.0,2.0,1377.25,False,True,True,False,False,True
246:94697,246,96,94697,hotpotqa,8,1,False,False,True,0.125,2.25,4.0,4.0,4.0,0.0,2.25,3.25,1532.75,False,True,True,False,False,True
246:137059,246,96,137059,hotpotqa,8,7,False,False,True,0.875,1.875,2.0,2.0,2.0,0.0,2.875,2.875,2135.125,False,True,True,False,False,True
247:133365,247,96,133365,hotpotqa,8,1,False,False,True,0.125,2.125,3.0,3.0,3.0,0.0,2.125,3.125,1388.5,False,True,True,False,False,True
247:133350,247,96,133350,hotpotqa,8,7,False,False,True,0.875,1.0,1.0,1.0,1.0,0.0,2.0,2.0,1285.5,False,True,True,False,False,True
247:69601,247,96,69601,nq,8,2,False,False,True,0.25,1.0,1.0,1.0,1.0,0.0,2.0,2.0,1240.75,False,True,True,False,False,True
247:110951,247,96,110951,hotpotqa,8,7,False,False,True,0.875,1.0,1.0,1.0,1.0,0.0,2.0,2.0,1220.0,False,True,True,False,False,True
248:70658,248,96,70658,nq,8,4,False,False,True,0.5,1.0,1.0,1.0,1.0,0.0,2.375,2.0,1414.25,False,True,True,False,False,True
248:160155,248,96,160155,hotpotqa,8,7,False,False,True,0.875,1.0,1.0,1.0,1.0,0.0,2.0,2.0,1257.125,False,True,True,False,False,True
248:104045,248,96,104045,hotpotqa,8,4,False,False,True,0.5,2.0,2.0,2.0,2.0,0.0,2.0,3.0,1295.5,False,True,True,False,False,True
249:48868,249,96,48868,nq,8,6,False,False,True,0.75,1.125,1.0,1.0,1.0,0.0,1.875,2.125,1207.125,False,True,True,False,False,True
249:156242,249,96,156242,hotpotqa,8,7,False,False,True,0.875,1.0,1.0,1.0,1.0,0.0,2.0,2.0,1240.75,False,True,True,False,False,True
250:167583,250,96,167583,hotpotqa,8,4,False,False,True,0.5,1.0,1.0,1.0,1.0,0.0,2.0,2.0,1368.25,False,True,True,False,False,True
250:27786,250,96,27786,nq,8,1,False,False,True,0.125,2.0,2.0,2.0,2.0,0.0,3.0,3.0,1764.75,False,True,True,False,False,True
250:66123,250,96,66123,nq,8,4,False,False,True,0.5,1.0,1.0,1.0,1.0,0.0,2.0,2.0,1203.5,False,True,True,False,False,True
250:156941,250,96,156941,hotpotqa,8,4,False,False,True,0.5,2.0,2.0,2.0,2.0,0.0,2.0,3.0,1249.0,False,True,True,False,False,True
251:74413,251,97,74413,nq,8,1,False,False,True,0.125,1.0,1.0,1.0,1.0,0.0,2.0,2.0,1262.5,False,True,True,False,False,True
251:88815,251,97,88815,hotpotqa,8,2,False,False,True,0.25,2.875,3.0,3.0,3.0,0.0,3.875,3.875,2470.125,False,True,True,False,False,True
252:136299,252,97,136299,hotpotqa,8,3,False,False,True,0.375,2.0,2.0,2.0,2.0,0.0,3.0,3.0,1958.125,False,True,True,False,False,True
252:42064,252,97,42064,nq,8,4,False,False,True,0.5,1.0,1.0,1.0,1.0,0.0,1.0,2.0,639.5,False,True,True,False,False,True
252:98975,252,97,98975,hotpotqa,8,7,False,False,True,0.875,1.125,1.0,1.0,1.0,0.0,1.125,2.125,829.5,False,True,True,False,False,True
252:58736,252,97,58736,nq,8,5,False,False,True,0.625,2.25,2.0,2.0,2.0,0.0,2.25,3.25,1582.125,False,True,True,False,False,True
252:69510,252,97,69510,nq,8,7,False,False,True,0.875,1.0,1.0,1.0,1.0,0.0,2.0,2.0,1357.0,False,True,True,False,False,True
253:63193,253,97,63193,nq,8,3,False,False,True,0.375,1.0,1.0,1.0,1.0,0.0,1.0,2.0,744.5,False,True,True,False,False,True
253:50557,253,97,50557,nq,8,1,False,False,True,0.125,1.0,1.0,1.0,1.0,0.0,1.125,2.0,826.25,False,True,True,False,False,True
253:156922,253,97,156922,hotpotqa,8,2,False,False,True,0.25,1.25,2.0,2.0,2.0,0.0,1.25,2.25,951.75,False,True,True,False,False,True
253:62434,253,97,62434,nq,8,1,False,False,True,0.125,1.0,1.0,1.0,1.0,0.0,1.0,2.0,783.25,False,True,True,False,False,True
254:98764,254,97,98764,hotpotqa,8,6,False,False,True,0.75,2.75,3.0,3.0,3.0,0.0,2.75,3.75,1829.5,False,True,True,False,False,True
254:87979,254,97,87979,hotpotqa,8,2,False,False,True,0.25,1.0,1.0,1.0,1.0,0.0,2.0,2.0,1246.5,False,True,True,False,False,True
255:117690,255,97,117690,hotpotqa,8,5,False,False,True,0.625,1.0,1.0,1.0,1.0,0.0,2.0,2.0,1468.625,False,True,True,False,False,True
255:71948,255,97,71948,nq,8,3,False,False,True,0.375,1.0,1.0,1.0,1.0,0.0,2.0,2.0,1158.25,False,True,True,False,False,True
255:58315,255,97,58315,nq,8,3,False,False,True,0.375,1.0,1.0,1.0,1.0,0.0,2.0,2.0,1128.25,False,True,True,False,False,True
256:2795,256,97,2795,nq,8,4,False,False,True,0.5,1.0,1.0,1.0,1.0,0.0,4.0,2.0,2333.5,False,True,True,False,False,True
256:62960,256,97,62960,nq,8,3,False,False,True,0.375,1.0,1.0,1.0,1.0,0.0,2.0,2.0,1563.125,False,True,True,False,False,True
257:50991,257,97,50991,nq,8,2,False,False,True,0.25,1.75,1.0,1.0,1.0,0.0,1.75,2.75,1269.75,False,True,True,False,False,True
258:31752,258,97,31752,nq,8,4,False,False,True,0.5,1.0,1.0,1.0,1.0,0.0,2.0,2.0,1286.5,False,True,True,False,False,True
258:14582,258,97,14582,nq,8,3,False,False,True,0.375,1.625,1.0,1.0,1.0,0.0,2.0,2.625,1379.625,False,True,True,False,False,True
258:96826,258,97,96826,hotpotqa,8,7,False,False,True,0.875,1.0,1.0,1.0,1.0,0.0,2.0,2.0,1311.375,False,True,True,False,False,True
258:84419,258,97,84419,hotpotqa,8,2,False,False,True,0.25,3.0,3.0,3.0,3.0,0.0,3.0,4.0,2118.5,False,True,True,False,False,True
258:117541,258,97,117541,hotpotqa,8,6,False,False,True,0.75,2.0,2.0,2.0,2.0,0.0,2.0,3.0,1507.25,False,True,True,False,False,True
259:101580,259,97,101580,hotpotqa,8,4,False,False,True,0.5,1.0,1.0,1.0,1.0,0.0,2.0,2.0,1325.25,False,True,True,False,False,True
260:145395,260,97,145395,hotpotqa,8,1,False,False,True,0.125,2.0,2.0,2.0,2.0,0.0,2.125,3.0,1303.375,False,True,True,False,False,True
260:157904,260,97,157904,hotpotqa,8,6,False,False,True,0.75,1.75,2.0,2.0,2.0,0.0,2.75,2.75,1672.5,False,True,True,False,False,True
262:129349,262,98,129349,hotpotqa,8,7,False,False,True,0.875,2.0,2.0,2.0,2.0,0.0,2.0,3.0,1261.5,False,True,True,False,False,True
262:137570,262,98,137570,hotpotqa,8,4,False,False,True,0.5,1.0,1.0,1.0,1.0,0.0,2.0,2.0,1214.5,False,True,True,False,False,True
262:131136,262,98,131136,hotpotqa,8,1,False,False,True,0.125,4.0,4.0,4.0,4.0,0.0,4.0,5.0,2470.875,False,True,True,False,False,True
262:118701,262,98,118701,hotpotqa,8,7,False,False,True,0.875,1.0,1.0,1.0,1.0,0.0,2.0,2.0,1327.375,False,True,True,False,False,True
262:96419,262,98,96419,hotpotqa,8,3,False,False,True,0.375,2.0,2.0,2.0,2.0,0.0,2.0,3.0,1275.25,False,True,True,False,False,True
262:28960,262,98,28960,nq,8,6,False,False,True,0.75,1.0,1.0,1.0,1.0,0.0,1.0,2.0,641.25,False,True,True,False,False,True
262:74089,262,98,74089,nq,8,6,False,False,True,0.75,1.125,1.0,1.0,1.0,0.0,1.125,2.125,759.375,False,True,True,False,False,True
263:97956,263,98,97956,hotpotqa,8,3,False,False,True,0.375,1.0,1.0,1.0,1.0,0.0,2.0,2.0,1289.625,False,True,True,False,False,True
264:128815,264,98,128815,hotpotqa,8,7,False,False,True,0.875,3.0,3.0,3.0,3.0,0.0,3.0,4.0,1862.375,False,True,True,False,False,True
266:105760,266,98,105760,hotpotqa,8,2,False,False,True,0.25,2.0,2.0,2.0,2.0,0.0,3.0,3.0,1732.75,False,True,True,False,False,True
266:86474,266,98,86474,hotpotqa,8,3,False,False,True,0.375,1.0,1.0,1.0,1.0,0.0,2.0,2.0,1348.125,False,True,True,False,False,True
266:32647,266,98,32647,nq,8,4,False,False,True,0.5,1.0,1.0,1.0,1.0,0.0,2.0,2.0,1226.5,False,True,True,False,False,True
266:75707,266,98,75707,nq,8,1,False,False,True,0.125,1.0,1.0,1.0,1.0,0.0,2.0,2.0,1357.125,False,True,True,False,False,True
267:89283,267,98,89283,hotpotqa,8,6,False,False,True,0.75,1.0,1.0,1.0,1.0,0.0,3.0,2.0,1855.625,False,True,True,False,False,True
267:140741,267,98,140741,hotpotqa,8,1,False,False,True,0.125,2.0,2.0,2.0,2.0,0.0,2.0,3.0,1385.5,False,True,True,False,False,True
267:119904,267,98,119904,hotpotqa,8,2,False,False,True,0.25,1.0,1.0,1.0,1.0,0.0,2.0,2.0,1309.75,False,True,True,False,False,True
267:48977,267,98,48977,nq,8,3,False,False,True,0.375,3.0,3.0,3.0,3.0,0.0,3.0,4.0,2154.375,False,True,True,False,False,True
268:26262,268,98,26262,nq,8,3,False,False,True,0.375,1.0,1.0,1.0,1.0,0.0,1.0,2.0,697.875,False,True,True,False,False,True
268:89364,268,98,89364,hotpotqa,8,5,False,False,True,0.625,1.625,2.0,2.0,2.0,0.0,1.625,2.625,1036.75,False,True,True,False,False,True
269:45708,269,98,45708,nq,8,4,False,False,True,0.5,1.0,1.0,1.0,1.0,0.0,2.0,2.0,1414.0,False,True,True,False,False,True
269:15744,269,98,15744,nq,8,7,False,False,True,0.875,3.0,3.0,3.0,3.0,0.0,3.0,4.0,2079.625,False,True,True,False,False,True
270:121761,270,98,121761,hotpotqa,8,6,False,False,True,0.75,2.75,3.0,3.0,3.0,0.0,2.75,3.75,1739.0,False,True,True,False,False,True
270:119726,270,98,119726,hotpotqa,8,1,False,False,True,0.125,2.0,2.0,2.0,2.0,0.0,3.0,3.0,1871.75,False,True,True,False,False,True
270:137698,270,98,137698,hotpotqa,8,2,False,False,True,0.25,3.0,3.0,3.0,3.0,0.0,3.0,4.0,1505.125,False,True,True,False,False,True
270:158998,270,98,158998,hotpotqa,8,1,False,False,True,0.125,2.0,2.0,2.0,2.0,0.0,2.0,3.0,1340.75,False,True,True,False,False,True
270:103236,270,98,103236,hotpotqa,8,5,False,False,True,0.625,1.0,1.0,1.0,1.0,0.0,2.0,2.0,1249.0,False,True,True,False,False,True
271:159923,271,99,159923,hotpotqa,8,2,False,False,True,0.25,2.0,2.0,2.0,2.0,0.0,3.0,3.0,2009.5,False,True,True,False,False,True
271:168709,271,99,168709,hotpotqa,8,1,False,False,True,0.125,2.0,2.0,2.0,2.0,0.0,3.0,3.0,1829.5,False,True,True,False,False,True
273:135040,273,99,135040,hotpotqa,8,6,False,False,True,0.75,1.75,2.0,2.0,2.0,0.0,2.75,2.75,1765.5,False,True,True,False,False,True
273:166666,273,99,166666,hotpotqa,8,7,False,False,True,0.875,1.875,2.0,2.0,2.0,0.0,1.875,2.875,1250.875,False,True,True,False,False,True
273:88090,273,99,88090,hotpotqa,8,7,False,False,True,0.875,1.0,1.0,1.0,1.0,0.0,2.0,2.0,1252.625,False,True,True,False,False,True
274:161670,274,99,161670,hotpotqa,8,7,False,False,True,0.875,1.0,1.0,1.0,1.0,0.0,2.0,2.0,1299.125,False,True,True,False,False,True
274:60908,274,99,60908,nq,8,7,False,False,True,0.875,1.0,1.0,1.0,1.0,0.0,2.0,2.0,1205.0,False,True,True,False,False,True
275:114717,275,99,114717,hotpotqa,8,7,False,False,True,0.875,1.0,1.0,1.0,1.0,0.0,2.0,2.0,1248.75,False,True,True,False,False,True
275:98464,275,99,98464,hotpotqa,8,5,False,False,True,0.625,1.0,1.0,1.0,1.0,0.0,2.0,2.0,1270.375,False,True,True,False,False,True
275:59212,275,99,59212,nq,8,6,False,False,True,0.75,2.0,2.0,2.0,2.0,0.0,3.0,3.0,1612.5,False,True,True,False,False,True
275:517,275,99,517,nq,8,5,False,False,True,0.625,1.0,1.0,1.0,1.0,0.0,1.0,2.0,752.875,False,True,True,False,False,True
275:67169,275,99,67169,nq,8,7,False,False,True,0.875,1.0,1.0,1.0,1.0,0.0,2.0,2.0,1398.875,False,True,True,False,False,True
275:47832,275,99,47832,nq,8,6,False,False,True,0.75,1.0,1.0,1.0,1.0,0.0,2.0,2.0,1163.0,False,True,True,False,False,True
276:39652,276,99,39652,nq,8,6,False,False,True,0.75,1.0,1.0,1.0,1.0,0.0,2.0,2.0,1335.25,False,True,True,False,False,True
276:17527,276,99,17527,nq,8,1,False,False,True,0.125,1.125,2.0,2.0,2.0,0.0,1.125,2.125,863.5,False,True,True,False,False,True
276:64577,276,99,64577,nq,8,3,False,False,True,0.375,1.0,1.0,1.0,1.0,0.0,2.0,2.0,1272.125,False,True,True,False,False,True
276:160516,276,99,160516,hotpotqa,8,1,False,False,True,0.125,1.0,1.0,1.0,1.0,0.0,2.0,2.0,1248.875,False,True,True,False,False,True
277:51442,277,99,51442,nq,8,1,False,False,True,0.125,1.0,1.0,1.0,1.0,0.0,2.0,2.0,1290.25,False,True,True,False,False,True
277:149753,277,99,149753,hotpotqa,8,2,False,False,True,0.25,2.25,3.0,3.0,3.0,0.0,3.25,3.25,1972.5,False,True,True,False,False,True
277:169219,277,99,169219,hotpotqa,8,1,False,False,True,0.125,1.0,1.0,1.0,1.0,0.0,2.0,2.0,1378.875,False,True,True,False,False,True
278:77244,278,99,77244,nq,8,1,False,False,True,0.125,2.0,2.0,2.0,2.0,0.0,2.0,3.0,1315.375,False,True,True,False,False,True
278:163602,278,99,163602,hotpotqa,8,5,False,False,True,0.625,2.0,2.0,2.0,2.0,0.0,2.0,3.0,1324.0,False,True,True,False,False,True
278:14051,278,99,14051,nq,8,6,False,False,True,0.75,2.0,2.0,2.0,2.0,0.0,2.0,3.0,1379.75,False,True,True,False,False,True
278:109021,278,99,109021,hotpotqa,8,2,False,False,True,0.25,2.0,2.0,2.0,2.0,0.0,2.0,3.0,1355.5,False,True,True,False,False,True
279:35855,279,99,35855,nq,8,4,False,False,True,0.5,1.0,1.0,1.0,1.0,0.0,3.0,2.0,1538.0,False,True,True,False,False,True
279:78130,279,99,78130,nq,8,4,False,False,True,0.5,1.0,1.0,1.0,1.0,0.0,2.5,2.0,1659.875,False,True,True,False,False,True
281:162342,281,99,162342,hotpotqa,8,7,False,False,True,0.875,1.875,2.0,2.0,2.0,0.0,2.875,2.875,1744.0,False,True,True,False,False,True
281:86548,281,99,86548,hotpotqa,8,6,False,False,True,0.75,1.0,1.0,1.0,1.0,0.0,2.0,2.0,1255.5,False,True,True,False,False,True
283:93376,283,100,93376,hotpotqa,8,5,False,False,True,0.625,3.0,3.0,3.0,3.0,0.0,3.0,4.0,1926.625,False,True,True,False,False,True
283:141470,283,100,141470,hotpotqa,8,1,False,False,True,0.125,1.0,1.0,1.0,1.0,0.0,2.0,2.0,1332.0,False,True,True,False,False,True
284:169417,284,100,169417,hotpotqa,8,5,False,False,True,0.625,1.0,1.0,1.0,1.0,0.0,2.0,2.0,1236.0,False,True,True,False,False,True
286:43010,286,100,43010,nq,8,1,False,False,True,0.125,1.0,1.0,1.0,1.0,0.0,2.0,2.0,1252.5,False,True,True,False,False,True
286:117343,286,100,117343,hotpotqa,8,3,False,False,True,0.375,1.0,1.0,1.0,1.0,0.0,1.0,2.0,715.25,False,True,True,False,False,True
286:49544,286,100,49544,nq,8,6,False,False,True,0.75,1.125,1.0,1.0,1.0,0.0,1.125,2.125,822.125,False,True,True,False,False,True
286:47744,286,100,47744,nq,8,4,False,False,True,0.5,1.0,1.0,1.0,1.0,0.0,2.0,2.0,1249.25,False,True,True,False,False,True
286:30255,286,100,30255,nq,8,7,False,False,True,0.875,1.0,1.0,1.0,1.0,0.0,1.0,2.0,712.125,False,True,True,False,False,True
286:168435,286,100,168435,hotpotqa,8,1,False,False,True,0.125,1.0,1.0,1.0,1.0,0.0,2.0,2.0,1353.625,False,True,True,False,False,True
287:29405,287,100,29405,nq,8,7,False,False,True,0.875,2.875,3.0,3.0,3.0,0.0,2.875,3.875,2022.875,False,True,True,False,False,True
287:89594,287,100,89594,hotpotqa,8,6,False,False,True,0.75,5.5,5.0,5.0,5.0,0.0,7.5,6.5,4374.0,False,True,True,False,False,True
288:25877,288,100,25877,nq,8,2,False,False,True,0.25,1.0,1.0,1.0,1.0,0.0,10.0,2.0,5011.125,False,True,True,False,False,True
288:120418,288,100,120418,hotpotqa,8,5,False,False,True,0.625,2.0,2.0,2.0,2.0,0.0,2.0,3.0,1279.375,False,True,True,False,False,True
288:154501,288,100,154501,hotpotqa,8,7,False,False,True,0.875,2.0,2.0,2.0,2.0,0.0,2.0,3.0,1570.625,False,True,True,False,False,True
288:81177,288,100,81177,hotpotqa,8,3,False,False,True,0.375,3.25,2.0,2.0,2.0,0.0,3.25,4.25,2166.0,False,True,True,False,False,True
288:18425,288,100,18425,nq,8,3,False,False,True,0.375,2.0,2.0,2.0,2.0,0.0,3.0,3.0,1919.625,False,True,True,False,False,True
289:38632,289,100,38632,nq,8,4,False,False,True,0.5,1.0,1.0,1.0,1.0,0.0,3.0,2.0,1742.0,False,True,True,False,False,True
289:44446,289,100,44446,nq,8,7,False,False,True,0.875,1.0,1.0,1.0,1.0,0.0,3.0,2.0,2022.75,False,True,True,False,False,True
289:112769,289,100,112769,hotpotqa,8,1,False,False,True,0.125,1.125,2.0,2.0,2.0,0.0,1.125,2.125,824.375,False,True,True,False,False,True
290:100156,290,100,100156,hotpotqa,8,4,False,False,True,0.5,1.0,1.0,1.0,1.0,0.0,2.0,2.0,1475.0,False,True,True,False,False,True
290:112679,290,100,112679,hotpotqa,8,4,False,False,True,0.5,1.0,1.0,1.0,1.0,0.0,3.0,2.0,1780.5,False,True,True,False,False,True
290:104827,290,100,104827,hotpotqa,8,3,False,False,True,0.375,1.0,1.0,1.0,1.0,0.0,2.0,2.0,1241.25,False,True,True,False,False,True
290:75296,290,100,75296,nq,8,1,False,False,True,0.125,1.0,1.0,1.0,1.0,0.0,1.0,2.0,723.625,False,True,True,False,False,True
291:3081,291,100,3081,nq,8,1,False,False,True,0.125,1.125,2.0,2.0,2.0,0.0,1.125,2.125,799.5,False,True,True,False,False,True
291:60086,291,100,60086,nq,8,2,False,False,True,0.25,1.0,1.0,1.0,1.0,0.0,2.0,2.0,1168.375,False,True,True,False,False,True
291:166391,291,100,166391,hotpotqa,8,4,False,False,True,0.5,1.0,1.0,1.0,1.0,0.0,3.0,2.0,1796.0,False,True,True,False,False,True
291:28372,291,100,28372,nq,8,3,False,False,True,0.375,1.0,1.0,1.0,1.0,0.0,1.625,2.0,1012.375,False,True,True,False,False,True
292:11674,292,100,11674,nq,8,6,False,False,True,0.75,1.0,1.0,1.0,1.0,0.0,2.0,2.0,1471.75,False,True,True,False,False,True
292:83709,292,100,83709,hotpotqa,8,6,False,False,True,0.75,4.0,4.0,4.0,4.0,0.0,4.0,5.0,2418.25,False,True,True,False,False,True
293:40621,293,100,40621,nq,8,4,False,False,True,0.5,1.5,2.0,2.0,2.0,0.0,1.5,2.5,1071.5,False,True,True,False,False,True
293:30693,293,100,30693,nq,8,2,False,False,True,0.25,1.75,1.0,1.0,1.0,0.0,1.75,2.75,1139.75,False,True,True,False,False,True
294:32358,294,101,32358,nq,8,5,False,False,True,0.625,1.0,1.0,1.0,1.0,0.0,1.0,2.0,673.125,False,True,True,False,False,True
294:142994,294,101,142994,hotpotqa,8,7,False,False,True,0.875,1.0,1.0,1.0,1.0,0.0,2.0,2.0,1271.875,False,True,True,False,False,True
294:158410,294,101,158410,hotpotqa,8,4,False,False,True,0.5,2.0,2.0,2.0,2.0,0.0,2.0,3.0,1340.5,False,True,True,False,False,True
294:25000,294,101,25000,nq,8,1,False,False,True,0.125,1.0,1.0,1.0,1.0,0.0,1.0,2.0,653.25,False,True,True,False,False,True
295:89033,295,101,89033,hotpotqa,8,4,False,False,True,0.5,1.5,2.0,2.0,2.0,0.0,1.5,2.5,1027.0,False,True,True,False,False,True
295:23192,295,101,23192,nq,8,4,False,False,True,0.5,2.0,2.0,2.0,2.0,0.0,2.0,3.0,1408.5,False,True,True,False,False,True
295:159415,295,101,159415,hotpotqa,8,2,False,False,True,0.25,1.25,2.0,2.0,2.0,0.0,1.25,2.25,951.75,False,True,True,False,False,True
295:74824,295,101,74824,nq,8,1,False,False,True,0.125,1.0,1.0,1.0,1.0,0.0,2.0,2.0,1236.5,False,True,True,False,False,True
296:19801,296,101,19801,nq,8,6,False,False,True,0.75,2.0,2.0,2.0,2.0,0.0,2.0,3.0,1559.25,False,True,True,False,False,True
296:16303,296,101,16303,nq,8,7,False,False,True,0.875,1.0,1.0,1.0,1.0,0.0,2.0,2.0,1146.0,False,True,True,False,False,True
296:74241,296,101,74241,nq,8,7,False,False,True,0.875,1.0,1.0,1.0,1.0,0.0,1.0,2.0,689.75,False,True,True,False,False,True
296:163329,296,101,163329,hotpotqa,8,1,False,False,True,0.125,1.0,1.0,1.0,1.0,0.0,2.0,2.0,1390.875,False,True,True,False,False,True
297:110462,297,101,110462,hotpotqa,8,2,False,False,True,0.25,2.0,2.0,2.0,2.0,0.0,2.0,3.0,1503.0,False,True,True,False,False,True
297:97896,297,101,97896,hotpotqa,8,2,False,False,True,0.25,3.0,3.0,3.0,3.0,0.0,3.0,4.0,1808.125,False,True,True,False,False,True
297:158125,297,101,158125,hotpotqa,8,2,False,False,True,0.25,1.25,2.0,2.0,2.0,0.0,2.25,2.25,1411.0,False,True,True,False,False,True
297:59450,297,101,59450,nq,8,5,False,False,True,0.625,1.0,1.0,1.0,1.0,0.0,2.0,2.0,1295.25,False,True,True,False,False,True
297:42750,297,101,42750,nq,8,6,False,False,True,0.75,1.0,1.0,1.0,1.0,0.0,2.0,2.0,1267.0,False,True,True,False,False,True
298:48861,298,101,48861,nq,8,1,False,False,True,0.125,1.0,1.0,1.0,1.0,0.0,5.0,2.0,2834.375,False,True,True,False,False,True
298:130131,298,101,130131,hotpotqa,8,7,False,False,True,0.875,1.0,1.0,1.0,1.0,0.0,2.0,2.0,1401.75,False,True,True,False,False,True
298:69645,298,101,69645,nq,8,7,False,False,True,0.875,1.0,1.0,1.0,1.0,0.0,2.0,2.0,1329.25,False,True,True,False,False,True
299:93937,299,101,93937,hotpotqa,8,6,False,False,True,0.75,1.0,1.0,1.0,1.0,0.0,2.0,2.0,1158.25,False,True,True,False,False,True
299:151743,299,101,151743,hotpotqa,8,6,False,False,True,0.75,1.0,1.0,1.0,1.0,0.0,3.0,2.0,2048.5,False,True,True,False,False,True
300:23319,300,101,23319,nq,8,3,False,False,True,0.375,1.0,1.0,1.0,1.0,0.0,2.0,2.0,1323.5,False,True,True,False,False,True
300:123025,300,101,123025,hotpotqa,8,7,False,False,True,0.875,2.0,2.0,2.0,2.0,0.0,2.0,3.0,1307.75,False,True,True,False,False,True
300:106959,300,101,106959,hotpotqa,8,5,False,False,True,0.625,1.0,1.0,1.0,1.0,0.0,2.0,2.0,1199.25,False,True,True,False,False,True
300:45986,300,101,45986,nq,8,3,False,False,True,0.375,2.0,2.0,2.0,2.0,0.0,3.0,3.0,1905.875,False,True,True,False,False,True
301:131443,301,101,131443,hotpotqa,8,7,False,False,True,0.875,2.0,2.0,2.0,2.0,0.0,2.0,3.0,1319.875,False,True,True,False,False,True
301:84907,301,101,84907,hotpotqa,8,1,False,False,True,0.125,2.0,2.0,2.0,2.0,0.0,3.0,3.0,1821.5,False,True,True,False,False,True
301:164712,301,101,164712,hotpotqa,8,4,False,False,True,0.5,1.0,1.0,1.0,1.0,0.0,2.0,2.0,1431.0,False,True,True,False,False,True
301:104043,301,101,104043,hotpotqa,8,1,False,False,True,0.125,1.875,1.0,1.0,1.0,0.0,2.0,2.875,1351.875,False,True,True,False,False,True
301:17103,301,101,17103,nq,8,4,False,False,True,0.5,1.0,1.0,1.0,1.0,0.0,2.0,2.0,1339.0,False,True,True,False,False,True
301:168655,301,101,168655,hotpotqa,8,5,False,False,True,0.625,2.0,2.0,2.0,2.0,0.0,6.25,3.0,3498.125,False,True,True,False,False,True
302:77353,302,102,77353,nq,8,3,False,False,True,0.375,1.0,1.0,1.0,1.0,0.0,2.0,2.0,1384.5,False,True,True,False,False,True
302:62777,302,102,62777,nq,8,1,False,False,True,0.125,1.875,1.0,1.0,1.0,0.0,1.875,2.875,1175.375,False,True,True,False,False,True
303:134233,303,102,134233,hotpotqa,8,7,False,False,True,0.875,1.0,1.0,1.0,1.0,0.0,2.0,2.0,1220.375,False,True,True,False,False,True
303:68686,303,102,68686,nq,8,3,False,False,True,0.375,1.0,1.0,1.0,1.0,0.0,2.0,2.0,1294.125,False,True,True,False,False,True
305:102041,305,102,102041,hotpotqa,8,7,False,False,True,0.875,1.0,1.0,1.0,1.0,0.0,2.0,2.0,1262.625,False,True,True,False,False,True
305:80867,305,102,80867,hotpotqa,8,7,False,False,True,0.875,2.0,2.0,2.0,2.0,0.0,2.0,3.0,1280.875,False,True,True,False,False,True
305:41786,305,102,41786,nq,8,5,False,False,True,0.625,2.0,2.0,2.0,2.0,0.0,3.0,3.0,1961.625,False,True,True,False,False,True
305:148275,305,102,148275,hotpotqa,8,2,False,False,True,0.25,1.0,1.0,1.0,1.0,0.0,2.0,2.0,1307.0,False,True,True,False,False,True
305:85584,305,102,85584,hotpotqa,8,1,False,False,True,0.125,1.0,1.0,1.0,1.0,0.0,2.0,2.0,1423.25,False,True,True,False,False,True
306:75232,306,102,75232,nq,8,6,False,False,True,0.75,1.0,1.0,1.0,1.0,0.0,8.0,2.0,4425.25,False,True,True,False,False,True
307:43195,307,102,43195,nq,8,1,False,False,True,0.125,1.0,1.0,1.0,1.0,0.0,3.0,2.0,1757.625,False,True,True,False,False,True
307:147299,307,102,147299,hotpotqa,8,4,False,False,True,0.5,1.5,2.0,2.0,2.0,0.0,2.5,2.5,1715.125,False,True,True,False,False,True
307:40624,307,102,40624,nq,8,3,False,False,True,0.375,1.0,1.0,1.0,1.0,0.0,2.0,2.0,1167.875,False,True,True,False,False,True
307:121447,307,102,121447,hotpotqa,8,3,False,False,True,0.375,2.0,2.0,2.0,2.0,0.0,3.0,3.0,1747.125,False,True,True,False,False,True
307:127180,307,102,127180,hotpotqa,8,5,False,False,True,0.625,2.0,2.0,2.0,2.0,0.0,2.0,3.0,1516.0,False,True,True,False,False,True
308:143574,308,102,143574,hotpotqa,8,6,False,False,True,0.75,1.0,1.0,1.0,1.0,0.0,2.0,2.0,1281.5,False,True,True,False,False,True
308:169470,308,102,169470,hotpotqa,8,2,False,False,True,0.25,2.0,2.0,2.0,2.0,0.0,2.0,3.0,1316.25,False,True,True,False,False,True
308:140914,308,102,140914,hotpotqa,8,1,False,False,True,0.125,2.0,2.0,2.0,2.0,0.0,2.0,3.0,1258.75,False,True,True,False,False,True
308:124723,308,102,124723,hotpotqa,8,6,False,False,True,0.75,2.0,2.0,2.0,2.0,0.0,2.0,3.0,1475.5,False,True,True,False,False,True
309:163020,309,102,163020,hotpotqa,8,1,False,False,True,0.125,1.0,1.0,1.0,1.0,0.0,2.0,2.0,1286.25,False,True,True,False,False,True
309:22827,309,102,22827,nq,8,1,False,False,True,0.125,1.0,1.0,1.0,1.0,0.0,3.0,2.0,1722.0,False,True,True,False,False,True
309:37911,309,102,37911,nq,8,4,False,False,True,0.5,1.0,1.0,1.0,1.0,0.0,1.0,2.0,783.0,False,True,True,False,False,True
310:29267,310,102,29267,nq,8,3,False,False,True,0.375,1.0,1.0,1.0,1.0,0.0,1.0,2.0,819.5,False,True,True,False,False,True
311:86884,311,102,86884,hotpotqa,8,1,False,False,True,0.125,1.0,1.0,1.0,1.0,0.0,1.0,2.0,719.0,False,True,True,False,False,True
311:1160,311,102,1160,nq,8,7,False,False,True,0.875,1.0,1.0,1.0,1.0,0.0,2.0,2.0,1257.75,False,True,True,False,False,True
312:2940,312,102,2940,nq,8,5,False,False,True,0.625,2.0,2.0,2.0,2.0,0.0,2.0,3.0,1499.875,False,True,True,False,False,True
313:68685,313,103,68685,nq,8,5,False,False,True,0.625,1.0,1.0,1.0,1.0,0.0,1.0,2.0,684.25,False,True,True,False,False,True
313:102916,313,103,102916,hotpotqa,8,3,False,False,True,0.375,2.0,2.0,2.0,2.0,0.0,3.0,3.0,1895.875,False,True,True,False,False,True
313:99490,313,103,99490,hotpotqa,8,1,False,False,True,0.125,2.375,2.0,2.0,2.0,0.0,2.375,3.375,1685.75,False,True,True,False,False,True
313:125457,313,103,125457,hotpotqa,8,7,False,False,True,0.875,1.0,1.0,1.0,1.0,0.0,2.0,2.0,1384.25,False,True,True,False,False,True
313:2472,313,103,2472,nq,8,5,False,False,True,0.625,1.0,1.0,1.0,1.0,0.0,2.0,2.0,1222.625,False,True,True,False,False,True
314:3696,314,103,3696,nq,8,3,False,False,True,0.375,1.625,1.0,1.0,1.0,0.0,2.625,2.625,1581.25,False,True,True,False,False,True
314:127205,314,103,127205,hotpotqa,8,2,False,False,True,0.25,2.0,2.0,2.0,2.0,0.0,2.0,3.0,1678.375,False,True,True,False,False,True
314:130907,314,103,130907,hotpotqa,8,7,False,False,True,0.875,2.0,2.0,2.0,2.0,0.0,3.0,3.0,1828.25,False,True,True,False,False,True
314:37634,314,103,37634,nq,8,4,False,False,True,0.5,2.0,2.0,2.0,2.0,0.0,2.0,3.0,1381.0,False,True,True,False,False,True
314:114950,314,103,114950,hotpotqa,8,4,False,False,True,0.5,1.0,1.0,1.0,1.0,0.0,2.0,2.0,1207.0,False,True,True,False,False,True
315:152575,315,103,152575,hotpotqa,8,5,False,False,True,0.625,2.0,2.0,2.0,2.0,0.0,2.0,3.0,1281.5,False,True,True,False,False,True
315:166570,315,103,166570,hotpotqa,8,7,False,False,True,0.875,2.0,2.0,2.0,2.0,0.0,2.0,3.0,1387.25,False,True,True,False,False,True
315:113640,315,103,113640,hotpotqa,8,5,False,False,True,0.625,1.0,1.0,1.0,1.0,0.0,1.0,2.0,774.5,False,True,True,False,False,True
315:47759,315,103,47759,nq,8,3,False,False,True,0.375,1.0,1.0,1.0,1.0,0.0,3.0,2.0,1821.875,False,True,True,False,False,True
315:11163,315,103,11163,nq,8,1,False,False,True,0.125,1.0,1.0,1.0,1.0,0.0,3.0,2.0,1751.5,False,True,True,False,False,True
316:84574,316,103,84574,hotpotqa,8,6,False,False,True,0.75,1.0,1.0,1.0,1.0,0.0,2.0,2.0,1270.0,False,True,True,False,False,True
316:101915,316,103,101915,hotpotqa,8,2,False,False,True,0.25,1.25,2.0,2.0,2.0,0.0,2.25,2.25,1475.75,False,True,True,False,False,True
316:64529,316,103,64529,nq,8,3,False,False,True,0.375,1.0,1.0,1.0,1.0,0.0,2.0,2.0,1160.625,False,True,True,False,False,True
316:24673,316,103,24673,nq,8,4,False,False,True,0.5,1.0,1.0,1.0,1.0,0.0,2.0,2.0,1219.5,False,True,True,False,False,True
316:150054,316,103,150054,hotpotqa,8,6,False,False,True,0.75,2.0,2.0,2.0,2.0,0.0,3.0,3.0,2103.0,False,True,True,False,False,True
317:168060,317,103,168060,hotpotqa,8,6,False,False,True,0.75,1.0,1.0,1.0,1.0,0.0,2.0,2.0,1373.0,False,True,True,False,False,True
318:148167,318,103,148167,hotpotqa,8,3,False,False,True,0.375,1.0,1.0,1.0,1.0,0.0,2.0,2.0,1311.0,False,True,True,False,False,True
318:107848,318,103,107848,hotpotqa,8,1,False,False,True,0.125,2.0,2.0,2.0,2.0,0.0,3.0,3.0,2151.125,False,True,True,False,False,True
318:160058,318,103,160058,hotpotqa,8,2,False,False,True,0.25,1.0,1.0,1.0,1.0,0.0,2.0,2.0,1259.0,False,True,True,False,False,True
319:164431,319,103,164431,hotpotqa,8,3,False,False,True,0.375,2.0,2.0,2.0,2.0,0.0,2.0,3.0,1389.5,False,True,True,False,False,True
319:156069,319,103,156069,hotpotqa,8,6,False,False,True,0.75,2.0,2.0,2.0,2.0,0.0,2.0,3.0,1236.5,False,True,True,False,False,True
319:122582,319,103,122582,hotpotqa,8,3,False,False,True,0.375,2.875,3.0,3.0,3.0,0.0,2.875,3.875,1946.875,False,True,True,False,False,True
319:146726,319,103,146726,hotpotqa,8,7,False,False,True,0.875,2.125,2.0,2.0,2.0,0.0,2.5,3.125,1697.75,False,True,True,False,False,True
321:124576,321,103,124576,hotpotqa,8,1,False,False,True,0.125,1.0,1.0,1.0,1.0,0.0,2.0,2.0,1417.625,False,True,True,False,False,True
321:37475,321,103,37475,nq,8,7,False,False,True,0.875,1.0,1.0,1.0,1.0,0.0,2.0,2.0,1291.125,False,True,True,False,False,True
322:30876,322,104,30876,nq,8,7,False,False,True,0.875,1.0,1.0,1.0,1.0,0.0,2.0,2.0,1325.5,False,True,True,False,False,True
322:106237,322,104,106237,hotpotqa,8,1,False,False,True,0.125,1.0,1.0,1.0,1.0,0.0,2.0,2.0,1262.375,False,True,True,False,False,True
323:119981,323,104,119981,hotpotqa,8,1,False,False,True,0.125,1.875,1.0,1.0,1.0,0.0,1.875,2.875,1257.625,False,True,True,False,False,True
324:69874,324,104,69874,nq,8,5,False,False,True,0.625,2.0,2.0,2.0,2.0,0.0,3.0,3.0,1844.125,False,True,True,False,False,True
325:35413,325,104,35413,nq,8,6,False,False,True,0.75,1.0,1.0,1.0,1.0,0.0,1.0,2.0,754.25,False,True,True,False,False,True
326:87459,326,104,87459,hotpotqa,8,7,False,False,True,0.875,1.0,1.0,1.0,1.0,0.0,2.0,2.0,1352.625,False,True,True,False,False,True
327:57127,327,104,57127,nq,8,6,False,False,True,0.75,1.0,1.0,1.0,1.0,0.0,1.0,2.0,874.0,False,True,True,False,False,True
327:69881,327,104,69881,nq,8,1,False,False,True,0.125,1.0,1.0,1.0,1.0,0.0,2.0,2.0,1333.0,False,True,True,False,False,True
327:88635,327,104,88635,hotpotqa,8,4,False,False,True,0.5,1.0,1.0,1.0,1.0,0.0,2.0,2.0,1408.5,False,True,True,False,False,True
327:87160,327,104,87160,hotpotqa,8,2,False,False,True,0.25,2.0,2.0,2.0,2.0,0.0,2.625,3.0,1615.75,False,True,True,False,False,True
327:131260,327,104,131260,hotpotqa,8,7,False,False,True,0.875,1.875,2.0,2.0,2.0,0.0,1.875,2.875,1353.75,False,True,True,False,False,True
328:117841,328,104,117841,hotpotqa,8,2,False,False,True,0.25,1.0,1.0,1.0,1.0,0.0,1.0,2.0,827.25,False,True,True,False,False,True
328:166589,328,104,166589,hotpotqa,8,2,False,False,True,0.25,2.0,2.0,2.0,2.0,0.0,2.0,3.0,1283.75,False,True,True,False,False,True
329:40070,329,104,40070,nq,8,6,False,False,True,0.75,1.0,1.0,1.0,1.0,0.0,2.0,2.0,1281.0,False,True,True,False,False,True
329:165996,329,104,165996,hotpotqa,8,6,False,False,True,0.75,1.0,1.0,1.0,1.0,0.0,2.0,2.0,1154.5,False,True,True,False,False,True
330:154160,330,104,154160,hotpotqa,8,1,False,False,True,0.125,2.0,2.0,2.0,2.0,0.0,2.875,3.0,1815.25,False,True,True,False,False,True
330:19689,330,104,19689,nq,8,1,False,False,True,0.125,1.0,1.0,1.0,1.0,0.0,2.0,2.0,1417.25,False,True,True,False,False,True
330:55628,330,104,55628,nq,8,5,False,False,True,0.625,1.0,1.0,1.0,1.0,0.0,2.0,2.0,1280.375,False,True,True,False,False,True
330:78887,330,104,78887,nq,8,7,False,False,True,0.875,2.0,2.0,2.0,2.0,0.0,5.5,3.0,3071.625,False,True,True,False,False,True
331:132168,331,104,132168,hotpotqa,8,1,False,False,True,0.125,2.0,2.0,2.0,2.0,0.0,3.75,3.0,2462.25,False,True,True,False,False,True
331:75343,331,104,75343,nq,8,5,False,False,True,0.625,1.0,1.0,1.0,1.0,0.0,2.0,2.0,1202.875,False,True,True,False,False,True
331:112370,331,104,112370,hotpotqa,8,3,False,False,True,0.375,1.0,1.0,1.0,1.0,0.0,2.0,2.0,1226.125,False,True,True,False,False,True
332:36127,332,104,36127,nq,8,3,False,False,True,0.375,1.0,1.0,1.0,1.0,0.0,2.0,2.0,1176.0,False,True,True,False,False,True
332:87680,332,104,87680,hotpotqa,8,1,False,False,True,0.125,2.0,2.0,2.0,2.0,0.0,2.0,3.0,1325.125,False,True,True,False,False,True
332:95374,332,104,95374,hotpotqa,8,1,False,False,True,0.125,1.0,1.0,1.0,1.0,0.0,2.0,2.0,1284.625,False,True,True,False,False,True
334:149947,334,105,149947,hotpotqa,8,7,False,False,True,0.875,1.0,1.0,1.0,1.0,0.0,2.0,2.0,1252.75,False,True,True,False,False,True
334:134628,334,105,134628,hotpotqa,8,6,False,False,True,0.75,1.0,1.0,1.0,1.0,0.0,2.0,2.0,1254.75,False,True,True,False,False,True
334:128727,334,105,128727,hotpotqa,8,1,False,False,True,0.125,2.0,2.0,2.0,2.0,0.0,3.0,3.0,2045.75,False,True,True,False,False,True
335:47453,335,105,47453,nq,8,7,False,False,True,0.875,1.0,1.0,1.0,1.0,0.0,1.0,2.0,763.625,False,True,True,False,False,True
335:147843,335,105,147843,hotpotqa,8,3,False,False,True,0.375,2.0,2.0,2.0,2.0,0.0,2.0,3.0,1383.625,False,True,True,False,False,True
335:104293,335,105,104293,hotpotqa,8,1,False,False,True,0.125,1.875,1.0,1.0,1.0,0.0,1.875,2.875,1188.625,False,True,True,False,False,True
336:162529,336,105,162529,hotpotqa,8,3,False,False,True,0.375,2.0,2.0,2.0,2.0,0.0,2.0,3.0,1257.5,False,True,True,False,False,True
337:17296,337,105,17296,nq,8,7,False,False,True,0.875,1.0,1.0,1.0,1.0,0.0,2.0,2.0,1269.75,False,True,True,False,False,True
337:74739,337,105,74739,nq,8,7,False,False,True,0.875,1.0,1.0,1.0,1.0,0.0,2.0,2.0,1223.375,False,True,True,False,False,True
337:31952,337,105,31952,nq,8,1,False,False,True,0.125,2.875,3.0,3.0,3.0,0.0,4.625,3.875,3156.75,False,True,True,False,False,True
337:99499,337,105,99499,hotpotqa,8,1,False,False,True,0.125,1.0,1.0,1.0,1.0,0.0,3.0,2.0,1728.375,False,True,True,False,False,True
338:51242,338,105,51242,nq,8,3,False,False,True,0.375,1.0,1.0,1.0,1.0,0.0,3.0,2.0,1701.25,False,True,True,False,False,True
338:4913,338,105,4913,nq,8,2,False,False,True,0.25,3.0,3.0,3.0,3.0,0.0,3.0,4.0,1977.5,False,True,True,False,False,True
338:38938,338,105,38938,nq,8,6,False,False,True,0.75,1.0,1.0,1.0,1.0,0.0,2.0,2.0,1273.25,False,True,True,False,False,True
339:164581,339,105,164581,hotpotqa,8,2,False,False,True,0.25,1.0,1.0,1.0,1.0,0.0,2.0,2.0,1396.25,False,True,True,False,False,True
339:45017,339,105,45017,nq,8,6,False,False,True,0.75,2.0,2.0,2.0,2.0,0.0,2.0,3.0,1337.0,False,True,True,False,False,True
340:138478,340,105,138478,hotpotqa,8,7,False,False,True,0.875,1.0,1.0,1.0,1.0,0.0,1.0,2.0,752.0,False,True,True,False,False,True
341:167374,341,105,167374,hotpotqa,8,6,False,False,True,0.75,1.0,1.0,1.0,1.0,0.0,2.0,2.0,1317.25,False,True,True,False,False,True
342:98099,342,105,98099,hotpotqa,8,3,False,False,True,0.375,1.0,1.0,1.0,1.0,0.0,2.0,2.0,1370.875,False,True,True,False,False,True
342:16570,342,105,16570,nq,8,3,False,False,True,0.375,1.375,2.0,2.0,2.0,0.0,2.375,2.375,1410.75,False,True,True,False,False,True
342:54010,342,105,54010,nq,8,5,False,False,True,0.625,1.0,1.0,1.0,1.0,0.0,3.0,2.0,1827.375,False,True,True,False,False,True
342:60590,342,105,60590,nq,8,5,False,False,True,0.625,2.0,2.0,2.0,2.0,0.0,2.0,3.0,1442.625,False,True,True,False,False,True
342:103098,342,105,103098,hotpotqa,8,5,False,False,True,0.625,1.0,1.0,1.0,1.0,0.0,1.0,2.0,826.25,False,True,True,False,False,True
342:158870,342,105,158870,hotpotqa,8,2,False,False,True,0.25,1.0,1.0,1.0,1.0,0.0,2.0,2.0,1301.25,False,True,True,False,False,True
343:151613,343,105,151613,hotpotqa,8,1,False,False,True,0.125,1.0,1.0,1.0,1.0,0.0,2.0,2.0,1279.625,False,True,True,False,False,True
343:85863,343,105,85863,hotpotqa,8,7,False,False,True,0.875,2.0,2.0,2.0,2.0,0.0,3.0,3.0,1840.5,False,True,True,False,False,True
343:73304,343,105,73304,nq,8,6,False,False,True,0.75,1.0,1.0,1.0,1.0,0.0,2.0,2.0,1386.5,False,True,True,False,False,True
343:84672,343,105,84672,hotpotqa,8,3,False,False,True,0.375,1.0,1.0,1.0,1.0,0.0,1.0,2.0,748.625,False,True,True,False,False,True
344:3416,344,106,3416,nq,8,1,False,False,True,0.125,2.5,2.0,2.0,2.0,0.0,2.5,3.5,1700.0,False,True,True,False,False,True
344:73806,344,106,73806,nq,8,4,False,False,True,0.5,1.0,1.0,1.0,1.0,0.0,3.0,2.0,1794.0,False,True,True,False,False,True
345:47044,345,106,47044,nq,8,2,False,False,True,0.25,1.0,1.0,1.0,1.0,0.0,2.0,2.0,1347.75,False,True,True,False,False,True
345:46625,345,106,46625,nq,8,1,False,False,True,0.125,3.875,5.0,5.0,5.0,0.0,4.875,4.875,3703.0,False,True,True,False,False,True
346:144496,346,106,144496,hotpotqa,8,5,False,False,True,0.625,1.0,1.0,1.0,1.0,0.0,2.0,2.0,1503.5,False,True,True,False,False,True
346:128717,346,106,128717,hotpotqa,8,5,False,False,True,0.625,1.375,1.0,1.0,1.0,0.0,2.375,2.375,1485.875,False,True,True,False,False,True
346:144172,346,106,144172,hotpotqa,8,2,False,False,True,0.25,2.0,2.0,2.0,2.0,0.0,2.0,3.0,1249.5,False,True,True,False,False,True
347:84106,347,106,84106,hotpotqa,8,3,False,False,True,0.375,2.0,2.0,2.0,2.0,0.0,2.0,3.0,1529.625,False,True,True,False,False,True
347:113293,347,106,113293,hotpotqa,8,6,False,False,True,0.75,1.0,1.0,1.0,1.0,0.0,2.0,2.0,1302.375,False,True,True,False,False,True
347:156201,347,106,156201,hotpotqa,8,7,False,False,True,0.875,2.0,2.0,2.0,2.0,0.0,2.0,3.0,1239.125,False,True,True,False,False,True
347:107588,347,106,107588,hotpotqa,8,6,False,False,True,0.75,2.75,3.0,3.0,3.0,0.0,2.75,3.75,1716.5,False,True,True,False,False,True
347:66007,347,106,66007,nq,8,4,False,False,True,0.5,1.0,1.0,1.0,1.0,0.0,1.5,2.0,1054.5,False,True,True,False,False,True
347:166110,347,106,166110,hotpotqa,8,1,False,False,True,0.125,2.0,2.0,2.0,2.0,0.0,2.0,3.0,1638.5,False,True,True,False,False,True
347:144924,347,106,144924,hotpotqa,8,4,False,False,True,0.5,1.0,1.0,1.0,1.0,0.0,2.0,2.0,1248.0,False,True,True,False,False,True
348:132313,348,106,132313,hotpotqa,8,4,False,False,True,0.5,1.0,1.0,1.0,1.0,0.0,2.0,2.0,1314.5,False,True,True,False,False,True
349:64015,349,106,64015,nq,8,1,False,False,True,0.125,1.0,1.0,1.0,1.0,0.0,3.0,2.0,1667.375,False,True,True,False,False,True
349:79143,349,106,79143,nq,8,7,False,False,True,0.875,2.0,2.0,2.0,2.0,0.0,4.0,3.0,2501.75,False,True,True,False,False,True
349:121759,349,106,121759,hotpotqa,8,6,False,False,True,0.75,2.0,2.0,2.0,2.0,0.0,2.25,3.0,1641.125,False,True,True,False,False,True
349:20839,349,106,20839,nq,8,6,False,False,True,0.75,2.0,2.0,2.0,2.0,0.0,2.0,3.0,1290.5,False,True,True,False,False,True
349:36769,349,106,36769,nq,8,6,False,False,True,0.75,3.0,3.0,3.0,3.0,0.0,3.0,4.0,2003.0,False,True,True,False,False,True
350:71552,350,106,71552,nq,8,4,False,False,True,0.5,1.0,1.0,1.0,1.0,0.0,2.0,2.0,1250.75,False,True,True,False,False,True
351:163290,351,106,163290,hotpotqa,8,7,False,False,True,0.875,1.0,1.0,1.0,1.0,0.0,2.0,2.0,1213.375,False,True,True,False,False,True
352:130955,352,106,130955,hotpotqa,8,2,False,False,True,0.25,1.0,1.0,1.0,1.0,0.0,2.0,2.0,1256.375,False,True,True,False,False,True
352:5703,352,106,5703,nq,8,7,False,False,True,0.875,2.0,2.0,2.0,2.0,0.0,2.875,3.0,1760.75,False,True,True,False,False,True
352:100793,352,106,100793,hotpotqa,8,5,False,False,True,0.625,2.0,2.0,2.0,2.0,0.0,2.0,3.0,1406.625,False,True,True,False,False,True
352:116812,352,106,116812,hotpotqa,8,7,False,False,True,0.875,2.0,2.0,2.0,2.0,0.0,2.0,3.0,1206.375,False,True,True,False,False,True
352:148056,352,106,148056,hotpotqa,8,4,False,False,True,0.5,1.0,1.0,1.0,1.0,0.0,2.0,2.0,1220.0,False,True,True,False,False,True
353:129490,353,107,129490,hotpotqa,8,1,False,False,True,0.125,2.0,2.0,2.0,2.0,0.0,3.0,3.0,1962.875,False,True,True,False,False,True
353:86245,353,107,86245,hotpotqa,8,6,False,False,True,0.75,2.0,2.0,2.0,2.0,0.0,2.0,3.0,1273.75,False,True,True,False,False,True
353:99042,353,107,99042,hotpotqa,8,1,False,False,True,0.125,2.0,2.0,2.0,2.0,0.0,6.0,3.0,3546.625,False,True,True,False,False,True
354:132507,354,107,132507,hotpotqa,8,2,False,False,True,0.25,1.0,1.0,1.0,1.0,0.0,2.0,2.0,1335.25,False,True,True,False,False,True
354:159239,354,107,159239,hotpotqa,8,3,False,False,True,0.375,1.0,1.0,1.0,1.0,0.0,2.0,2.0,1176.25,False,True,True,False,False,True
354:7775,354,107,7775,nq,8,6,False,False,True,0.75,1.0,1.0,1.0,1.0,0.0,3.0,2.0,1788.125,False,True,True,False,False,True
355:94784,355,107,94784,hotpotqa,8,2,False,False,True,0.25,1.0,1.0,1.0,1.0,0.0,2.0,2.0,1384.5,False,True,True,False,False,True
355:15903,355,107,15903,nq,8,1,False,False,True,0.125,1.0,1.0,1.0,1.0,0.0,3.0,2.0,1660.875,False,True,True,False,False,True
355:20597,355,107,20597,nq,8,7,False,False,True,0.875,2.0,2.0,2.0,2.0,0.0,2.0,3.0,1402.625,False,True,True,False,False,True
355:103238,355,107,103238,hotpotqa,8,2,False,False,True,0.25,1.0,1.0,1.0,1.0,0.0,2.0,2.0,1296.625,False,True,True,False,False,True
355:40091,355,107,40091,nq,8,7,False,False,True,0.875,1.0,1.0,1.0,1.0,0.0,2.0,2.0,1338.25,False,True,True,False,False,True
356:92949,356,107,92949,hotpotqa,8,5,False,False,True,0.625,2.0,2.0,2.0,2.0,0.0,3.0,3.0,1844.875,False,True,True,False,False,True
356:13598,356,107,13598,nq,8,7,False,False,True,0.875,1.0,1.0,1.0,1.0,0.0,1.0,2.0,749.375,False,True,True,False,False,True
356:99041,356,107,99041,hotpotqa,8,6,False,False,True,0.75,3.0,3.0,3.0,3.0,0.0,3.0,4.0,2320.5,False,True,True,False,False,True
356:30419,356,107,30419,nq,8,6,False,False,True,0.75,1.0,1.0,1.0,1.0,0.0,1.0,2.0,754.75,False,True,True,False,False,True
357:20223,357,107,20223,nq,8,5,False,False,True,0.625,2.0,2.0,2.0,2.0,0.0,2.0,3.0,1547.5,False,True,True,False,False,True
357:69234,357,107,69234,nq,8,7,False,False,True,0.875,1.0,1.0,1.0,1.0,0.0,2.0,2.0,1103.75,False,True,True,False,False,True
358:138703,358,107,138703,hotpotqa,8,4,False,False,True,0.5,1.0,1.0,1.0,1.0,0.0,2.0,2.0,1236.5,False,True,True,False,False,True
358:71082,358,107,71082,nq,8,2,False,False,True,0.25,2.0,2.0,2.0,2.0,0.0,3.0,3.0,1807.25,False,True,True,False,False,True
359:63849,359,107,63849,nq,8,2,False,False,True,0.25,3.0,3.0,3.0,3.0,0.0,3.0,4.0,1766.75,False,True,True,False,False,True
360:54991,360,107,54991,nq,8,6,False,False,True,0.75,1.0,1.0,1.0,1.0,0.0,2.0,2.0,1292.25,False,True,True,False,False,True
360:60515,360,107,60515,nq,8,6,False,False,True,0.75,1.0,1.0,1.0,1.0,0.0,2.0,2.0,1194.25,False,True,True,False,False,True
360:28819,360,107,28819,nq,8,7,False,False,True,0.875,1.0,1.0,1.0,1.0,0.0,2.0,2.0,1240.75,False,True,True,False,False,True
361:10461,361,107,10461,nq,8,3,False,False,True,0.375,1.0,1.0,1.0,1.0,0.0,2.0,2.0,1320.25,False,True,True,False,False,True
361:49231,361,107,49231,nq,8,2,False,False,True,0.25,1.0,1.0,1.0,1.0,0.0,2.0,2.0,1226.25,False,True,True,False,False,True
361:136841,361,107,136841,hotpotqa,8,1,False,False,True,0.125,1.0,1.0,1.0,1.0,0.0,3.0,2.0,1763.25,False,True,True,False,False,True
361:81051,361,107,81051,hotpotqa,8,5,False,False,True,0.625,1.0,1.0,1.0,1.0,0.0,2.0,2.0,1333.125,False,True,True,False,False,True
361:160170,361,107,160170,hotpotqa,8,2,False,False,True,0.25,2.0,2.0,2.0,2.0,0.0,3.0,3.0,1863.75,False,True,True,False,False,True
361:109134,361,107,109134,hotpotqa,8,2,False,False,True,0.25,1.0,1.0,1.0,1.0,0.0,2.0,2.0,1150.5,False,True,True,False,False,True
362:87830,362,108,87830,hotpotqa,8,1,False,False,True,0.125,2.125,3.0,3.0,3.0,0.0,2.125,3.125,1425.875,False,True,True,False,False,True
362:130207,362,108,130207,hotpotqa,8,3,False,False,True,0.375,1.0,1.0,1.0,1.0,0.0,2.0,2.0,1164.5,False,True,True,False,False,True
363:38127,363,108,38127,nq,8,3,False,False,True,0.375,2.0,2.0,2.0,2.0,0.0,2.0,3.0,1167.375,False,True,True,False,False,True
363:58514,363,108,58514,nq,8,3,False,False,True,0.375,1.375,2.0,2.0,2.0,0.0,1.375,2.375,1044.875,False,True,True,False,False,True
363:153974,363,108,153974,hotpotqa,8,2,False,False,True,0.25,1.0,1.0,1.0,1.0,0.0,2.0,2.0,1506.125,False,True,True,False,False,True
364:159940,364,108,159940,hotpotqa,8,2,False,False,True,0.25,2.0,2.0,2.0,2.0,0.0,3.0,3.0,1488.375,False,True,True,False,False,True
364:13718,364,108,13718,nq,8,2,False,False,True,0.25,2.0,2.0,2.0,2.0,0.0,2.0,3.0,1268.875,False,True,True,False,False,True
365:45,365,108,45,nq,8,2,False,False,True,0.25,1.0,1.0,1.0,1.0,0.0,1.0,2.0,700.5,False,True,True,False,False,True
365:108104,365,108,108104,hotpotqa,8,5,False,False,True,0.625,1.0,1.0,1.0,1.0,0.0,1.0,2.0,813.125,False,True,True,False,False,True
366:59718,366,108,59718,nq,8,4,False,False,True,0.5,1.0,1.0,1.0,1.0,0.0,2.0,2.0,1159.625,False,True,True,False,False,True
368:12003,368,108,12003,nq,8,7,False,False,True,0.875,1.0,1.0,1.0,1.0,0.0,1.0,2.0,820.0,False,True,True,False,False,True
369:28585,369,108,28585,nq,8,1,False,False,True,0.125,1.0,1.0,1.0,1.0,0.0,2.0,2.0,1386.625,False,True,True,False,False,True
369:61527,369,108,61527,nq,8,4,False,False,True,0.5,1.0,1.0,1.0,1.0,0.0,2.0,2.0,1199.0,False,True,True,False,False,True
369:30890,369,108,30890,nq,8,3,False,False,True,0.375,1.0,1.0,1.0,1.0,0.0,2.0,2.0,1200.125,False,True,True,False,False,True
369:99428,369,108,99428,hotpotqa,8,7,False,False,True,0.875,1.0,1.0,1.0,1.0,0.0,2.0,2.0,1359.375,False,True,True,False,False,True
369:39835,369,108,39835,nq,8,7,False,False,True,0.875,1.0,1.0,1.0,1.0,0.0,2.0,2.0,1165.25,False,True,True,False,False,True
370:19309,370,108,19309,nq,8,6,False,False,True,0.75,1.0,1.0,1.0,1.0,0.0,1.75,2.0,1020.25,False,True,True,False,False,True
370:17308,370,108,17308,nq,8,3,False,False,True,0.375,1.0,1.0,1.0,1.0,0.0,2.0,2.0,1248.125,False,True,True,False,False,True
370:147981,370,108,147981,hotpotqa,8,4,False,False,True,0.5,1.5,2.0,2.0,2.0,0.0,2.0,2.5,1272.125,False,True,True,False,False,True
370:162707,370,108,162707,hotpotqa,8,6,False,False,True,0.75,2.0,2.0,2.0,2.0,0.0,3.0,3.0,2018.75,False,True,True,False,False,True
370:125042,370,108,125042,hotpotqa,8,7,False,False,True,0.875,1.875,2.0,2.0,2.0,0.0,1.875,2.875,1306.0,False,True,True,False,False,True
370:111535,370,108,111535,hotpotqa,8,4,False,False,True,0.5,1.0,1.0,1.0,1.0,0.0,2.0,2.0,1464.5,False,True,True,False,False,True
371:33021,371,108,33021,nq,8,6,False,False,True,0.75,1.0,1.0,1.0,1.0,0.0,1.0,2.0,756.0,False,True,True,False,False,True
372:116607,372,108,116607,hotpotqa,8,6,False,False,True,0.75,1.0,1.0,1.0,1.0,0.0,2.0,2.0,1356.25,False,True,True,False,False,True
372:141693,372,108,141693,hotpotqa,8,2,False,False,True,0.25,1.0,1.0,1.0,1.0,0.0,2.0,2.0,1325.0,False,True,True,False,False,True
372:161828,372,108,161828,hotpotqa,8,2,False,False,True,0.25,1.0,1.0,1.0,1.0,0.0,1.75,2.0,1114.75,False,True,True,False,False,True
373:14016,373,108,14016,nq,8,6,False,False,True,0.75,2.0,2.0,2.0,2.0,0.0,3.0,3.0,1921.75,False,True,True,False,False,True
373:154685,373,108,154685,hotpotqa,8,1,False,False,True,0.125,1.0,1.0,1.0,1.0,0.0,2.0,2.0,1366.25,False,True,True,False,False,True
374:12616,374,109,12616,nq,8,1,False,False,True,0.125,1.125,2.0,2.0,2.0,0.0,1.25,2.125,912.75,False,True,True,False,False,True
374:60605,374,109,60605,nq,8,7,False,False,True,0.875,1.875,2.0,2.0,2.0,0.0,1.875,2.875,1313.25,False,True,True,False,False,True
374:158052,374,109,158052,hotpotqa,8,4,False,False,True,0.5,2.0,2.0,2.0,2.0,0.0,3.0,3.0,1898.25,False,True,True,False,False,True
374:83043,374,109,83043,hotpotqa,8,7,False,False,True,0.875,1.0,1.0,1.0,1.0,0.0,2.0,2.0,1183.125,False,True,True,False,False,True
375:109370,375,109,109370,hotpotqa,8,5,False,False,True,0.625,1.0,1.0,1.0,1.0,0.0,2.0,2.0,1262.0,False,True,True,False,False,True
375:141678,375,109,141678,hotpotqa,8,6,False,False,True,0.75,1.0,1.0,1.0,1.0,0.0,2.0,2.0,1321.25,False,True,True,False,False,True
375:15976,375,109,15976,nq,8,3,False,False,True,0.375,1.375,2.0,2.0,2.0,0.0,1.375,2.375,997.125,False,True,True,False,False,True
375:24379,375,109,24379,nq,8,6,False,False,True,0.75,1.0,1.0,1.0,1.0,0.0,2.0,2.0,1290.5,False,True,True,False,False,True
375:34435,375,109,34435,nq,8,1,False,False,True,0.125,1.0,1.0,1.0,1.0,0.0,2.0,2.0,1208.875,False,True,True,False,False,True
376:112283,376,109,112283,hotpotqa,8,1,False,False,True,0.125,1.0,1.0,1.0,1.0,0.0,1.125,2.0,797.875,False,True,True,False,False,True
376:82818,376,109,82818,hotpotqa,8,2,False,False,True,0.25,1.25,2.0,2.0,2.0,0.0,1.25,2.25,921.0,False,True,True,False,False,True
377:151388,377,109,151388,hotpotqa,8,4,False,False,True,0.5,1.0,1.0,1.0,1.0,0.0,2.0,2.0,1388.0,False,True,True,False,False,True
377:64263,377,109,64263,nq,8,3,False,False,True,0.375,1.0,1.0,1.0,1.0,0.0,2.0,2.0,1203.875,False,True,True,False,False,True
377:5021,377,109,5021,nq,8,1,False,False,True,0.125,1.875,1.0,1.0,1.0,0.0,2.0,2.875,1397.0,False,True,True,False,False,True
377:82583,377,109,82583,hotpotqa,8,7,False,False,True,0.875,1.0,1.0,1.0,1.0,0.0,2.0,2.0,1348.625,False,True,True,False,False,True
378:116250,378,109,116250,hotpotqa,8,4,False,False,True,0.5,1.0,1.0,1.0,1.0,0.0,2.0,2.0,1466.0,False,True,True,False,False,True
378:93383,378,109,93383,hotpotqa,8,3,False,False,True,0.375,2.0,2.0,2.0,2.0,0.0,2.0,3.0,1340.125,False,True,True,False,False,True
378:82396,378,109,82396,hotpotqa,8,3,False,False,True,0.375,1.0,1.0,1.0,1.0,0.0,3.0,2.0,1740.25,False,True,True,False,False,True
378:13380,378,109,13380,nq,8,4,False,False,True,0.5,1.0,1.0,1.0,1.0,0.0,1.0,2.0,759.5,False,True,True,False,False,True
378:34420,378,109,34420,nq,8,7,False,False,True,0.875,1.0,1.0,1.0,1.0,0.0,2.0,2.0,1202.625,False,True,True,False,False,True
378:62160,378,109,62160,nq,8,3,False,False,True,0.375,1.375,2.0,2.0,2.0,0.0,2.375,2.375,1249.375,False,True,True,False,False,True
379:52156,379,109,52156,nq,8,6,False,False,True,0.75,1.0,1.0,1.0,1.0,0.0,2.0,2.0,1489.5,False,True,True,False,False,True
379:85286,379,109,85286,hotpotqa,8,6,False,False,True,0.75,1.875,1.8333333333333333,1.0,2.0,1.0,2.875,2.875,1876.875,True,True,True,False,False,True
379:108723,379,109,108723,hotpotqa,8,3,False,False,True,0.375,2.0,2.0,2.0,2.0,0.0,2.0,3.0,1375.75,False,True,True,False,False,True
380:82734,380,109,82734,hotpotqa,8,1,False,False,True,0.125,3.0,3.0,3.0,3.0,0.0,4.0,4.0,2462.625,False,True,True,False,False,True
381:77431,381,109,77431,nq,8,5,False,False,True,0.625,1.0,1.0,1.0,1.0,0.0,5.0,2.0,3147.25,False,True,True,False,False,True
381:78141,381,109,78141,nq,8,1,False,False,True,0.125,1.0,1.0,1.0,1.0,0.0,1.0,2.0,805.25,False,True,True,False,False,True
382:30003,382,109,30003,nq,8,1,False,False,True,0.125,2.125,3.0,3.0,3.0,0.0,3.125,3.125,2210.625,False,True,True,False,False,True
382:122970,382,109,122970,hotpotqa,8,2,False,False,True,0.25,2.0,2.0,2.0,2.0,0.0,2.0,3.0,1354.75,False,True,True,False,False,True
383:121497,383,110,121497,hotpotqa,8,2,False,False,True,0.25,2.0,2.0,2.0,2.0,0.0,2.0,3.0,1296.75,False,True,True,False,False,True
383:118140,383,110,118140,hotpotqa,8,6,False,False,True,0.75,2.0,2.0,2.0,2.0,0.0,5.0,3.0,2936.5,False,True,True,False,False,True
383:47820,383,110,47820,nq,8,4,False,False,True,0.5,1.0,1.0,1.0,1.0,0.0,1.0,2.0,702.0,False,True,True,False,False,True
384:158852,384,110,158852,hotpotqa,8,4,False,False,True,0.5,2.0,2.0,2.0,2.0,0.0,2.0,3.0,1443.0,False,True,True,False,False,True
384:43078,384,110,43078,nq,8,5,False,False,True,0.625,1.0,1.0,1.0,1.0,0.0,2.0,2.0,1192.75,False,True,True,False,False,True
384:114783,384,110,114783,hotpotqa,8,2,False,False,True,0.25,1.0,1.0,1.0,1.0,0.0,1.0,2.0,687.75,False,True,True,False,False,True
384:14352,384,110,14352,nq,8,7,False,False,True,0.875,1.0,1.0,1.0,1.0,0.0,2.0,2.0,1197.625,False,True,True,False,False,True
384:26443,384,110,26443,nq,8,7,False,False,True,0.875,2.0,2.0,2.0,2.0,0.0,2.0,3.0,1324.5,False,True,True,False,False,True
385:70339,385,110,70339,nq,8,3,False,False,True,0.375,2.0,2.0,2.0,2.0,0.0,3.0,3.0,1947.0,False,True,True,False,False,True
386:39455,386,110,39455,nq,8,1,False,False,True,0.125,1.0,1.0,1.0,1.0,0.0,2.0,2.0,1295.25,False,True,True,False,False,True
386:132652,386,110,132652,hotpotqa,8,4,False,False,True,0.5,1.0,1.0,1.0,1.0,0.0,2.0,2.0,1362.0,False,True,True,False,False,True
386:121234,386,110,121234,hotpotqa,8,5,False,False,True,0.625,1.0,1.0,1.0,1.0,0.0,2.0,2.0,1262.0,False,True,True,False,False,True
387:130252,387,110,130252,hotpotqa,8,7,False,False,True,0.875,2.0,2.0,2.0,2.0,0.0,2.0,3.0,1270.75,False,True,True,False,False,True
387:3706,387,110,3706,nq,8,7,False,False,True,0.875,1.125,1.0,1.0,1.0,0.0,1.125,2.125,886.0,False,True,True,False,False,True
388:50785,388,110,50785,nq,8,1,False,False,True,0.125,1.0,1.0,1.0,1.0,0.0,2.0,2.0,1260.875,False,True,True,False,False,True
388:145262,388,110,145262,hotpotqa,8,3,False,False,True,0.375,1.0,1.0,1.0,1.0,0.0,3.0,2.0,1840.0,False,True,True,False,False,True
389:154497,389,110,154497,hotpotqa,8,3,False,False,True,0.375,2.0,2.0,2.0,2.0,0.0,2.0,3.0,1317.625,False,True,True,False,False,True
390:17945,390,110,17945,nq,8,2,False,False,True,0.25,1.0,1.0,1.0,1.0,0.0,4.0,2.0,2591.75,False,True,True,False,False,True
390:164894,390,110,164894,hotpotqa,8,3,False,False,True,0.375,2.0,2.0,2.0,2.0,0.0,2.0,3.0,1384.125,False,True,True,False,False,True
390:150043,390,110,150043,hotpotqa,8,1,False,False,True,0.125,2.0,2.0,2.0,2.0,0.0,2.0,3.0,1358.25,False,True,True,False,False,True
391:77842,391,110,77842,nq,8,3,False,False,True,0.375,1.0,1.0,1.0,1.0,0.0,2.0,2.0,1234.25,False,True,True,False,False,True
391:109578,391,110,109578,hotpotqa,8,1,False,False,True,0.125,1.0,1.0,1.0,1.0,0.0,1.0,2.0,779.0,False,True,True,False,False,True
391:147278,391,110,147278,hotpotqa,8,2,False,False,True,0.25,2.0,2.0,2.0,2.0,0.0,2.0,3.0,1283.25,False,True,True,False,False,True
391:12937,391,110,12937,nq,8,7,False,False,True,0.875,1.0,1.0,1.0,1.0,0.0,1.0,2.0,678.5,False,True,True,False,False,True
393:84291,393,110,84291,hotpotqa,8,5,False,False,True,0.625,1.75,1.0,1.0,1.0,0.0,2.75,2.75,1621.875,False,True,True,False,False,True
394:137874,394,110,137874,hotpotqa,8,1,False,False,True,0.125,2.0,2.0,2.0,2.0,0.0,2.0,3.0,1373.25,False,True,True,False,False,True
395:150949,395,110,150949,hotpotqa,8,6,False,False,True,0.75,2.0,2.0,2.0,2.0,0.0,2.0,3.0,1179.0,False,True,True,False,False,True
395:159882,395,110,159882,hotpotqa,8,3,False,False,True,0.375,1.0,1.0,1.0,1.0,0.0,2.0,2.0,1273.0,False,True,True,False,False,True
395:4345,395,110,4345,nq,8,5,False,False,True,0.625,1.0,1.0,1.0,1.0,0.0,3.0,2.0,1883.375,False,True,True,False,False,True
395:122188,395,110,122188,hotpotqa,8,4,False,False,True,0.5,1.0,1.0,1.0,1.0,0.0,2.0,2.0,1241.5,False,True,True,False,False,True
395:148385,395,110,148385,hotpotqa,8,2,False,False,True,0.25,1.0,1.0,1.0,1.0,0.0,2.0,2.0,1264.0,False,True,True,False,False,True
396:101632,396,111,101632,hotpotqa,8,7,False,False,True,0.875,2.0,2.0,2.0,2.0,0.0,2.0,3.0,1286.875,False,True,True,False,False,True
396:43178,396,111,43178,nq,8,1,False,False,True,0.125,1.0,1.0,1.0,1.0,0.0,1.0,2.0,850.75,False,True,True,False,False,True
396:113769,396,111,113769,hotpotqa,8,1,False,False,True,0.125,1.0,1.0,1.0,1.0,0.0,2.0,2.0,1395.0,False,True,True,False,False,True
397:159270,397,111,159270,hotpotqa,8,7,False,False,True,0.875,1.0,1.0,1.0,1.0,0.0,2.0,2.0,1327.625,False,True,True,False,False,True
397:73887,397,111,73887,nq,8,6,False,False,True,0.75,1.0,1.0,1.0,1.0,0.0,1.25,2.0,780.75,False,True,True,False,False,True
399:164985,399,111,164985,hotpotqa,8,5,False,False,True,0.625,1.0,1.0,1.0,1.0,0.0,2.0,2.0,1355.875,False,True,True,False,False,True
400:64784,400,111,64784,nq,8,1,False,False,True,0.125,1.0,1.0,1.0,1.0,0.0,2.375,2.0,1451.125,False,True,True,False,False,True
400:2944,400,111,2944,nq,8,5,False,False,True,0.625,1.0,1.0,1.0,1.0,0.0,2.0,2.0,1149.0,False,True,True,False,False,True
400:162375,400,111,162375,hotpotqa,8,7,False,False,True,0.875,2.0,2.0,2.0,2.0,0.0,2.0,3.0,1275.625,False,True,True,False,False,True
400:56087,400,111,56087,nq,8,3,False,False,True,0.375,1.0,1.0,1.0,1.0,0.0,2.0,2.0,1388.125,False,True,True,False,False,True
400:67268,400,111,67268,nq,8,3,False,False,True,0.375,1.0,1.0,1.0,1.0,0.0,3.0,2.0,1904.625,False,True,True,False,False,True
402:93166,402,111,93166,hotpotqa,8,5,False,False,True,0.625,1.0,1.0,1.0,1.0,0.0,2.0,2.0,1236.0,False,True,True,False,False,True
402:19369,402,111,19369,nq,8,4,False,False,True,0.5,1.0,1.0,1.0,1.0,0.0,3.0,2.0,2041.5,False,True,True,False,False,True
402:65486,402,111,65486,nq,8,3,False,False,True,0.375,1.0,1.0,1.0,1.0,0.0,3.0,2.0,1748.5,False,True,True,False,False,True
402:169311,402,111,169311,hotpotqa,8,1,False,False,True,0.125,2.0,2.0,2.0,2.0,0.0,2.0,3.0,1222.5,False,True,True,False,False,True
402:89307,402,111,89307,hotpotqa,8,5,False,False,True,0.625,2.0,2.0,2.0,2.0,0.0,2.0,3.0,1275.5,False,True,True,False,False,True
402:84063,402,111,84063,hotpotqa,8,3,False,False,True,0.375,1.0,1.0,1.0,1.0,0.0,2.0,2.0,1275.875,False,True,True,False,False,True
402:130317,402,111,130317,hotpotqa,8,7,False,False,True,0.875,3.0,3.0,3.0,3.0,0.0,4.0,4.0,2475.875,False,True,True,False,False,True
402:100845,402,111,100845,hotpotqa,8,1,False,False,True,0.125,2.0,2.0,2.0,2.0,0.0,3.0,3.0,2139.0,False,True,True,False,False,True
402:142140,402,111,142140,hotpotqa,8,7,False,False,True,0.875,2.125,2.0,2.0,2.0,0.0,2.125,3.125,1605.125,False,True,True,False,False,True
403:15816,403,111,15816,nq,8,7,False,False,True,0.875,1.0,1.0,1.0,1.0,0.0,4.0,2.0,2216.125,False,True,True,False,False,True
403:147375,403,111,147375,hotpotqa,8,2,False,False,True,0.25,1.0,1.0,1.0,1.0,0.0,1.125,2.0,995.625,False,True,True,False,False,True
403:2212,403,111,2212,nq,8,7,False,False,True,0.875,1.0,1.0,1.0,1.0,0.0,2.0,2.0,1317.375,False,True,True,False,False,True
404:113142,404,111,113142,hotpotqa,8,3,False,False,True,0.375,1.0,1.0,1.0,1.0,0.0,1.375,2.0,1112.625,False,True,True,False,False,True
405:73014,405,111,73014,nq,8,3,False,False,True,0.375,2.0,2.0,2.0,2.0,0.0,2.0,3.0,1305.0,False,True,True,False,False,True
405:107752,405,111,107752,hotpotqa,8,4,False,False,True,0.5,1.0,1.0,1.0,1.0,0.0,2.0,2.0,1397.0,False,True,True,False,False,True
405:38218,405,111,38218,nq,8,1,False,False,True,0.125,1.0,1.0,1.0,1.0,0.0,2.0,2.0,1159.0,False,True,True,False,False,True
405:133760,405,111,133760,hotpotqa,8,1,False,False,True,0.125,1.0,1.0,1.0,1.0,0.0,2.0,2.0,1622.25,False,True,True,False,False,True
406:39035,406,112,39035,nq,8,6,False,False,True,0.75,1.0,1.0,1.0,1.0,0.0,3.0,2.0,1717.5,False,True,True,False,False,True
406:129210,406,112,129210,hotpotqa,8,5,False,False,True,0.625,1.0,1.0,1.0,1.0,0.0,2.0,2.0,1357.75,False,True,True,False,False,True
407:128051,407,112,128051,hotpotqa,8,4,False,False,True,0.5,1.0,1.0,1.0,1.0,0.0,2.0,2.0,1342.0,False,True,True,False,False,True
407:130163,407,112,130163,hotpotqa,8,1,False,False,True,0.125,1.0,1.0,1.0,1.0,0.0,2.0,2.0,1227.25,False,True,True,False,False,True
407:120856,407,112,120856,hotpotqa,8,7,False,False,True,0.875,2.125,2.0,2.0,2.0,0.0,2.125,3.125,1581.25,False,True,True,False,False,True
407:6787,407,112,6787,nq,8,5,False,False,True,0.625,1.0,1.0,1.0,1.0,0.0,1.0,2.0,721.875,False,True,True,False,False,True
408:58230,408,112,58230,nq,8,7,False,False,True,0.875,1.0,1.0,1.0,1.0,0.0,2.0,2.0,1389.375,False,True,True,False,False,True
408:152776,408,112,152776,hotpotqa,8,1,False,False,True,0.125,2.0,2.0,2.0,2.0,0.0,2.0,3.0,1400.5,False,True,True,False,False,True
408:127123,408,112,127123,hotpotqa,8,7,False,False,True,0.875,1.0,1.0,1.0,1.0,0.0,3.0,2.0,1846.375,False,True,True,False,False,True
408:164128,408,112,164128,hotpotqa,8,5,False,False,True,0.625,2.0,2.0,2.0,2.0,0.0,2.0,3.0,1412.125,False,True,True,False,False,True
408:160907,408,112,160907,hotpotqa,8,1,False,False,True,0.125,2.0,2.0,2.0,2.0,0.0,3.0,3.0,2123.375,False,True,True,False,False,True
409:107993,409,112,107993,hotpotqa,8,6,False,False,True,0.75,2.0,2.0,2.0,2.0,0.0,2.0,3.0,1587.75,False,True,True,False,False,True
410:84054,410,112,84054,hotpotqa,8,6,False,False,True,0.75,2.0,2.0,2.0,2.0,0.0,2.0,3.0,1289.25,False,True,True,False,False,True
410:147301,410,112,147301,hotpotqa,8,3,False,False,True,0.375,2.0,2.0,2.0,2.0,0.0,2.0,3.0,1364.25,False,True,True,False,False,True
411:49695,411,112,49695,nq,8,4,False,False,True,0.5,1.0,1.0,1.0,1.0,0.0,1.0,2.0,791.25,False,True,True,False,False,True
411:11751,411,112,11751,nq,8,3,False,False,True,0.375,1.0,1.0,1.0,1.0,0.0,3.0,2.0,1873.625,False,True,True,False,False,True
411:112166,411,112,112166,hotpotqa,8,1,False,False,True,0.125,1.0,1.0,1.0,1.0,0.0,2.0,2.0,1270.625,False,True,True,False,False,True
411:98962,411,112,98962,hotpotqa,8,3,False,False,True,0.375,2.0,2.0,2.0,2.0,0.0,2.0,3.0,1297.25,False,True,True,False,False,True
412:66225,412,112,66225,nq,8,7,False,False,True,0.875,2.0,2.0,2.0,2.0,0.0,2.0,3.0,1648.0,False,True,True,False,False,True
412:139673,412,112,139673,hotpotqa,8,1,False,False,True,0.125,1.0,1.0,1.0,1.0,0.0,2.0,2.0,1301.25,False,True,True,False,False,True
413:97072,413,112,97072,hotpotqa,8,5,False,False,True,0.625,1.0,1.0,1.0,1.0,0.0,2.0,2.0,1264.0,False,True,True,False,False,True
413:98939,413,112,98939,hotpotqa,8,6,False,False,True,0.75,2.0,2.0,2.0,2.0,0.0,5.75,3.0,3314.75,False,True,True,False,False,True
413:35338,413,112,35338,nq,8,7,False,False,True,0.875,1.0,1.0,1.0,1.0,0.0,2.0,2.0,1406.875,False,True,True,False,False,True
413:129292,413,112,129292,hotpotqa,8,5,False,False,True,0.625,1.0,1.0,1.0,1.0,0.0,2.0,2.0,1418.375,False,True,True,False,False,True
414:149994,414,112,149994,hotpotqa,8,3,False,False,True,0.375,1.0,1.0,1.0,1.0,0.0,2.0,2.0,1327.125,False,True,True,False,False,True
414:111885,414,112,111885,hotpotqa,8,1,False,False,True,0.125,1.0,1.0,1.0,1.0,0.0,2.0,2.0,1229.25,False,True,True,False,False,True
414:114748,414,112,114748,hotpotqa,8,6,False,False,True,0.75,2.0,2.0,2.0,2.0,0.0,2.0,3.0,1439.5,False,True,True,False,False,True
415:137838,415,112,137838,hotpotqa,8,7,False,False,True,0.875,1.0,1.0,1.0,1.0,0.0,2.0,2.0,1354.5,False,True,True,False,False,True
415:102836,415,112,102836,hotpotqa,8,5,False,False,True,0.625,2.0,2.0,2.0,2.0,0.0,2.0,3.0,1184.875,False,True,True,False,False,True
415:25670,415,112,25670,nq,8,4,False,False,True,0.5,1.0,1.0,1.0,1.0,0.0,2.0,2.0,1143.5,False,True,True,False,False,True
415:14639,415,112,14639,nq,8,7,False,False,True,0.875,1.0,1.0,1.0,1.0,0.0,2.0,2.0,1203.5,False,True,True,False,False,True
415:10362,415,112,10362,nq,8,6,False,False,True,0.75,1.0,1.0,1.0,1.0,0.0,3.0,2.0,1674.25,False,True,True,False,False,True
415:131084,415,112,131084,hotpotqa,8,7,False,False,True,0.875,2.0,2.0,2.0,2.0,0.0,2.0,3.0,1264.375,False,True,True,False,False,True
415:80709,415,112,80709,hotpotqa,8,2,False,False,True,0.25,1.0,1.0,1.0,1.0,0.0,2.0,2.0,1362.25,False,True,True,False,False,True
416:153699,416,113,153699,hotpotqa,8,1,False,False,True,0.125,2.125,3.0,3.0,3.0,0.0,2.125,3.125,1480.875,False,True,True,False,False,True
416:120890,416,113,120890,hotpotqa,8,3,False,False,True,0.375,1.0,1.0,1.0,1.0,0.0,2.0,2.0,1232.875,False,True,True,False,False,True
416:129201,416,113,129201,hotpotqa,8,7,False,False,True,0.875,2.125,2.0,2.0,2.0,0.0,2.125,3.125,1561.25,False,True,True,False,False,True
416:138319,416,113,138319,hotpotqa,8,3,False,False,True,0.375,2.0,2.0,2.0,2.0,0.0,2.0,3.0,1240.5,False,True,True,False,False,True
417:80227,417,113,80227,hotpotqa,8,7,False,False,True,0.875,2.0,2.0,2.0,2.0,0.0,6.375,3.0,4068.625,False,True,True,False,False,True
417:48382,417,113,48382,nq,8,2,False,False,True,0.25,2.0,2.0,2.0,2.0,0.0,3.0,3.0,1870.75,False,True,True,False,False,True
418:56298,418,113,56298,nq,8,1,False,False,True,0.125,1.0,1.0,1.0,1.0,0.0,1.0,2.0,797.625,False,True,True,False,False,True
418:122460,418,113,122460,hotpotqa,8,5,False,False,True,0.625,1.625,2.0,2.0,2.0,0.0,1.625,2.625,1023.25,False,True,True,False,False,True
419:10672,419,113,10672,nq,8,6,False,False,True,0.75,1.0,1.0,1.0,1.0,0.0,2.0,2.0,1224.5,False,True,True,False,False,True
419:40792,419,113,40792,nq,8,6,False,False,True,0.75,3.0,3.0,3.0,3.0,0.0,3.0,4.0,2130.75,False,True,True,False,False,True
419:1548,419,113,1548,nq,8,5,False,False,True,0.625,1.0,1.0,1.0,1.0,0.0,2.0,2.0,1114.25,False,True,True,False,False,True
419:80784,419,113,80784,hotpotqa,8,2,False,False,True,0.25,1.0,1.0,1.0,1.0,0.0,2.0,2.0,1448.75,False,True,True,False,False,True
419:50302,419,113,50302,nq,8,6,False,False,True,0.75,1.0,1.0,1.0,1.0,0.0,2.0,2.0,1227.75,False,True,True,False,False,True
420:155941,420,113,155941,hotpotqa,8,3,False,False,True,0.375,1.0,1.0,1.0,1.0,0.0,2.0,2.0,1318.125,False,True,True,False,False,True
420:103480,420,113,103480,hotpotqa,8,6,False,False,True,0.75,2.0,2.0,2.0,2.0,0.0,2.0,3.0,1207.25,False,True,True,False,False,True
420:154514,420,113,154514,hotpotqa,8,4,False,False,True,0.5,2.0,2.0,2.0,2.0,0.0,2.0,3.0,1371.0,False,True,True,False,False,True
420:32889,420,113,32889,nq,8,3,False,False,True,0.375,1.0,1.0,1.0,1.0,0.0,1.0,2.0,674.75,False,True,True,False,False,True
420:109348,420,113,109348,hotpotqa,8,6,False,False,True,0.75,1.0,1.0,1.0,1.0,0.0,2.0,2.0,1340.75,False,True,True,False,False,True
420:161166,420,113,161166,hotpotqa,8,3,False,False,True,0.375,2.375,3.0,3.0,3.0,0.0,3.375,3.375,2197.625,False,True,True,False,False,True
420:116503,420,113,116503,hotpotqa,8,6,False,False,True,0.75,2.0,2.0,2.0,2.0,0.0,2.0,3.0,1380.875,False,True,True,False,False,True
421:34789,421,113,34789,nq,8,4,False,False,True,0.5,1.0,1.0,1.0,1.0,0.0,1.0,2.0,784.5,False,True,True,False,False,True
421:110122,421,113,110122,hotpotqa,8,6,False,False,True,0.75,1.0,1.0,1.0,1.0,0.0,2.0,2.0,1244.25,False,True,True,False,False,True
422:13332,422,113,13332,nq,8,6,False,False,True,0.75,1.0,1.0,1.0,1.0,0.0,2.0,2.0,1188.25,False,True,True,False,False,True
422:61740,422,113,61740,nq,8,2,False,False,True,0.25,1.0,1.0,1.0,1.0,0.0,1.0,2.0,735.75,False,True,True,False,False,True
422:61048,422,113,61048,nq,8,2,False,False,True,0.25,1.0,1.0,1.0,1.0,0.0,2.0,2.0,1211.5,False,True,True,False,False,True
422:127875,422,113,127875,hotpotqa,8,4,False,False,True,0.5,1.0,1.0,1.0,1.0,0.0,2.0,2.0,1299.5,False,True,True,False,False,True
422:134897,422,113,134897,hotpotqa,8,1,False,False,True,0.125,1.0,1.0,1.0,1.0,0.0,2.0,2.0,1243.875,False,True,True,False,False,True
422:8751,422,113,8751,nq,8,1,False,False,True,0.125,1.0,1.0,1.0,1.0,0.0,2.0,2.0,1248.625,False,True,True,False,False,True
423:168834,423,113,168834,hotpotqa,8,2,False,False,True,0.25,1.75,1.0,1.0,1.0,0.0,2.75,2.75,1792.5,False,True,True,False,False,True
423:39535,423,113,39535,nq,8,6,False,False,True,0.75,1.0,1.0,1.0,1.0,0.0,2.0,2.0,1252.5,False,True,True,False,False,True
423:27502,423,113,27502,nq,8,1,False,False,True,0.125,1.0,1.0,1.0,1.0,0.0,2.0,2.0,1291.375,False,True,True,False,False,True
424:76551,424,114,76551,nq,8,7,False,False,True,0.875,2.0,2.0,2.0,2.0,0.0,2.0,3.0,1439.875,False,True,True,False,False,True
424:117070,424,114,117070,hotpotqa,8,7,False,False,True,0.875,1.0,1.0,1.0,1.0,0.0,2.0,2.0,1198.25,False,True,True,False,False,True
424:85367,424,114,85367,hotpotqa,8,6,False,False,True,0.75,1.75,2.0,2.0,2.0,0.0,1.75,2.75,1182.5,False,True,True,False,False,True
424:113868,424,114,113868,hotpotqa,8,5,False,False,True,0.625,1.375,1.0,1.0,1.0,0.0,2.0,2.375,1408.5,False,True,True,False,False,True
424:105606,424,114,105606,hotpotqa,8,7,False,False,True,0.875,1.0,1.0,1.0,1.0,0.0,2.875,2.0,1716.625,False,True,True,False,False,True
425:26748,425,114,26748,nq,8,1,False,False,True,0.125,1.0,1.0,1.0,1.0,0.0,1.0,2.0,756.75,False,True,True,False,False,True
425:23513,425,114,23513,nq,8,7,False,False,True,0.875,1.0,1.0,1.0,1.0,0.0,1.0,2.0,743.75,False,True,True,False,False,True
425:12115,425,114,12115,nq,8,1,False,False,True,0.125,1.0,1.0,1.0,1.0,0.0,1.0,2.0,695.5,False,True,True,False,False,True
425:53515,425,114,53515,nq,8,4,False,False,True,0.5,1.0,1.0,1.0,1.0,0.0,1.0,2.0,782.5,False,True,True,False,False,True
425:53971,425,114,53971,nq,8,4,False,False,True,0.5,1.0,1.0,1.0,1.0,0.0,2.0,2.0,1273.0,False,True,True,False,False,True
426:110843,426,114,110843,hotpotqa,8,5,False,False,True,0.625,1.0,1.0,1.0,1.0,0.0,2.0,2.0,1296.0,False,True,True,False,False,True
426:118515,426,114,118515,hotpotqa,8,7,False,False,True,0.875,1.0,1.0,1.0,1.0,0.0,2.0,2.0,1305.0,False,True,True,False,False,True
426:100564,426,114,100564,hotpotqa,8,3,False,False,True,0.375,1.0,1.0,1.0,1.0,0.0,2.375,2.0,1510.125,False,True,True,False,False,True
427:69475,427,114,69475,nq,8,7,False,False,True,0.875,1.0,1.0,1.0,1.0,0.0,3.0,2.0,1787.125,False,True,True,False,False,True
427:12823,427,114,12823,nq,8,6,False,False,True,0.75,1.0,1.0,1.0,1.0,0.0,1.0,2.0,760.75,False,True,True,False,False,True
428:495,428,114,495,nq,8,6,False,False,True,0.75,1.0,1.0,1.0,1.0,0.0,2.0,2.0,1309.25,False,True,True,False,False,True
428:95950,428,114,95950,hotpotqa,8,1,False,False,True,0.125,1.875,2.0,2.0,2.0,0.0,2.875,2.875,1708.0,False,True,True,False,False,True
428:125191,428,114,125191,hotpotqa,8,6,False,False,True,0.75,1.0,1.0,1.0,1.0,0.0,3.0,2.0,1766.625,False,True,True,False,False,True
429:36380,429,114,36380,nq,8,2,False,False,True,0.25,1.0,1.0,1.0,1.0,0.0,2.0,2.0,1372.75,False,True,True,False,False,True
430:109836,430,114,109836,hotpotqa,8,5,False,False,True,0.625,1.0,1.0,1.0,1.0,0.0,2.0,2.0,1236.25,False,True,True,False,False,True
430:112493,430,114,112493,hotpotqa,8,1,False,False,True,0.125,2.0,2.0,2.0,2.0,0.0,3.0,3.0,1832.125,False,True,True,False,False,True
431:111022,431,114,111022,hotpotqa,8,6,False,False,True,0.75,1.0,1.0,1.0,1.0,0.0,2.0,2.0,1309.0,False,True,True,False,False,True
432:114852,432,114,114852,hotpotqa,8,6,False,False,True,0.75,1.75,2.0,2.0,2.0,0.0,1.75,2.75,1170.25,False,True,True,False,False,True
433:130245,433,114,130245,hotpotqa,8,3,False,False,True,0.375,1.0,1.0,1.0,1.0,0.0,2.0,2.0,1375.875,False,True,True,False,False,True
433:42897,433,114,42897,nq,8,6,False,False,True,0.75,1.0,1.0,1.0,1.0,0.0,1.0,2.0,784.5,False,True,True,False,False,True
434:83977,434,114,83977,hotpotqa,8,3,False,False,True,0.375,2.0,2.0,2.0,2.0,0.0,2.0,3.0,1378.0,False,True,True,False,False,True
434:15536,434,114,15536,nq,8,6,False,False,True,0.75,2.0,2.0,2.0,2.0,0.0,2.0,3.0,1336.625,False,True,True,False,False,True
434:97648,434,114,97648,hotpotqa,8,7,False,False,True,0.875,2.25,2.2857142857142856,2.0,3.0,1.0,2.875,3.25,2219.25,True,True,True,False,False,True
434:166394,434,114,166394,hotpotqa,8,7,False,False,True,0.875,2.0,2.0,2.0,2.0,0.0,2.0,3.0,1385.625,False,True,True,False,False,True
435:125846,435,115,125846,hotpotqa,8,7,False,False,True,0.875,2.0,2.0,2.0,2.0,0.0,3.0,3.0,2003.0,False,True,True,False,False,True
435:150210,435,115,150210,hotpotqa,8,2,False,False,True,0.25,1.25,2.0,2.0,2.0,0.0,1.25,2.25,971.25,False,True,True,False,False,True
435:71172,435,115,71172,nq,8,4,False,False,True,0.5,2.5,3.0,3.0,3.0,0.0,3.5,3.5,2184.625,False,True,True,False,False,True
435:21543,435,115,21543,nq,8,5,False,False,True,0.625,1.0,1.0,1.0,1.0,0.0,1.375,2.0,874.125,False,True,True,False,False,True
435:17216,435,115,17216,nq,8,7,False,False,True,0.875,1.0,1.0,1.0,1.0,0.0,2.0,2.0,1366.0,False,True,True,False,False,True
436:134219,436,115,134219,hotpotqa,8,2,False,False,True,0.25,1.25,2.0,2.0,2.0,0.0,2.25,2.25,1368.125,False,True,True,False,False,True
436:82539,436,115,82539,hotpotqa,8,3,False,False,True,0.375,1.0,1.0,1.0,1.0,0.0,2.0,2.0,1332.625,False,True,True,False,False,True
436:19412,436,115,19412,nq,8,2,False,False,True,0.25,1.0,1.0,1.0,1.0,0.0,3.0,2.0,1699.5,False,True,True,False,False,True
437:9530,437,115,9530,nq,8,2,False,False,True,0.25,1.0,1.0,1.0,1.0,0.0,2.0,2.0,1254.25,False,True,True,False,False,True
437:62440,437,115,62440,nq,8,4,False,False,True,0.5,1.0,1.0,1.0,1.0,0.0,1.0,2.0,770.75,False,True,True,False,False,True
437:89852,437,115,89852,hotpotqa,8,5,False,False,True,0.625,1.0,1.0,1.0,1.0,0.0,2.0,2.0,1380.625,False,True,True,False,False,True
437:112850,437,115,112850,hotpotqa,8,4,False,False,True,0.5,1.0,1.0,1.0,1.0,0.0,2.0,2.0,1245.0,False,True,True,False,False,True
438:153325,438,115,153325,hotpotqa,8,7,False,False,True,0.875,2.0,2.0,2.0,2.0,0.0,2.0,3.0,1344.5,False,True,True,False,False,True
439:169080,439,115,169080,hotpotqa,8,2,False,False,True,0.25,2.0,2.0,2.0,2.0,0.0,2.0,3.0,1287.75,False,True,True,False,False,True
440:88723,440,115,88723,hotpotqa,8,5,False,False,True,0.625,1.0,1.0,1.0,1.0,0.0,2.0,2.0,1205.75,False,True,True,False,False,True
440:65835,440,115,65835,nq,8,1,False,False,True,0.125,1.0,1.0,1.0,1.0,0.0,2.0,2.0,1346.5,False,True,True,False,False,True
441:132310,441,115,132310,hotpotqa,8,7,False,False,True,0.875,1.0,1.0,1.0,1.0,0.0,2.0,2.0,1261.75,False,True,True,False,False,True
441:133559,441,115,133559,hotpotqa,8,3,False,False,True,0.375,1.625,1.3333333333333333,1.0,2.0,1.0,2.625,2.625,1807.125,True,True,True,False,False,True
441:20634,441,115,20634,nq,8,4,False,False,True,0.5,1.0,1.0,1.0,1.0,0.0,2.0,2.0,1289.5,False,True,True,False,False,True
441:69605,441,115,69605,nq,8,1,False,False,True,0.125,1.0,1.0,1.0,1.0,0.0,2.0,2.0,1397.0,False,True,True,False,False,True
443:88061,443,115,88061,hotpotqa,8,1,False,False,True,0.125,2.0,2.0,2.0,2.0,0.0,2.0,3.0,1314.5,False,True,True,False,False,True
443:43680,443,115,43680,nq,8,3,False,False,True,0.375,1.0,1.0,1.0,1.0,0.0,1.0,2.0,750.0,False,True,True,False,False,True
444:68769,444,115,68769,nq,8,6,False,False,True,0.75,2.0,2.0,2.0,2.0,0.0,3.0,3.0,1824.625,False,True,True,False,False,True
444:18312,444,115,18312,nq,8,4,False,False,True,0.5,1.0,1.0,1.0,1.0,0.0,3.0,2.0,1816.0,False,True,True,False,False,True
445:99275,445,115,99275,hotpotqa,8,1,False,False,True,0.125,2.0,2.0,2.0,2.0,0.0,2.0,3.0,1224.5,False,True,True,False,False,True
445:67605,445,115,67605,nq,8,5,False,False,True,0.625,2.0,2.0,2.0,2.0,0.0,2.625,3.0,1811.625,False,True,True,False,False,True
445:36740,445,115,36740,nq,8,7,False,False,True,0.875,2.0,2.0,2.0,2.0,0.0,2.0,3.0,1544.5,False,True,True,False,False,True
446:19815,446,115,19815,nq,8,4,False,False,True,0.5,1.625,1.0,1.0,1.0,0.0,1.625,2.625,1125.0,False,True,True,False,False,True
446:77021,446,115,77021,nq,8,7,False,False,True,0.875,1.0,1.0,1.0,1.0,0.0,2.0,2.0,1245.375,False,True,True,False,False,True
446:39867,446,115,39867,nq,8,5,False,False,True,0.625,1.0,1.0,1.0,1.0,0.0,2.0,2.0,1094.625,False,True,True,False,False,True
446:92295,446,115,92295,hotpotqa,8,2,False,False,True,0.25,1.0,1.0,1.0,1.0,0.0,2.0,2.0,1317.0,False,True,True,False,False,True
447:39861,447,116,39861,nq,8,5,False,False,True,0.625,1.0,1.0,1.0,1.0,0.0,2.625,2.0,1581.375,False,True,True,False,False,True
447:55515,447,116,55515,nq,8,7,False,False,True,0.875,1.0,1.0,1.0,1.0,0.0,2.0,2.0,1372.0,False,True,True,False,False,True
447:131803,447,116,131803,hotpotqa,8,6,False,False,True,0.75,2.0,2.0,2.0,2.0,0.0,2.875,3.0,2065.625,False,True,True,False,False,True
448:122036,448,116,122036,hotpotqa,8,7,False,False,True,0.875,2.0,2.0,2.0,2.0,0.0,2.0,3.0,1384.25,False,True,True,False,False,True
448:92648,448,116,92648,hotpotqa,8,5,False,False,True,0.625,2.0,2.0,2.0,2.0,0.0,2.0,3.0,1801.5,False,True,True,False,False,True
448:75333,448,116,75333,nq,8,5,False,False,True,0.625,1.0,1.0,1.0,1.0,0.0,1.0,2.0,762.125,False,True,True,False,False,True
449:130691,449,116,130691,hotpotqa,8,1,False,False,True,0.125,1.0,1.0,1.0,1.0,0.0,2.0,2.0,1380.125,False,True,True,False,False,True
449:55129,449,116,55129,nq,8,5,False,False,True,0.625,2.0,2.0,2.0,2.0,0.0,4.0,3.0,2360.25,False,True,True,False,False,True
450:47558,450,116,47558,nq,8,1,False,False,True,0.125,1.125,2.0,2.0,2.0,0.0,2.125,2.125,1424.375,False,True,True,False,False,True
450:114075,450,116,114075,hotpotqa,8,7,False,False,True,0.875,1.0,1.0,1.0,1.0,0.0,2.0,2.0,1383.75,False,True,True,False,False,True
450:60084,450,116,60084,nq,8,1,False,False,True,0.125,1.0,1.0,1.0,1.0,0.0,1.0,2.0,772.0,False,True,True,False,False,True
450:169289,450,116,169289,hotpotqa,8,7,False,False,True,0.875,1.0,1.0,1.0,1.0,0.0,1.0,2.0,897.875,False,True,True,False,False,True
451:148573,451,116,148573,hotpotqa,8,1,False,False,True,0.125,1.0,1.0,1.0,1.0,0.0,2.0,2.0,1291.75,False,True,True,False,False,True
451:136720,451,116,136720,hotpotqa,8,1,False,False,True,0.125,1.0,1.0,1.0,1.0,0.0,2.875,2.0,1716.0,False,True,True,False,False,True
452:75630,452,116,75630,nq,8,5,False,False,True,0.625,1.0,1.0,1.0,1.0,0.0,2.0,2.0,1311.0,False,True,True,False,False,True
452:46978,452,116,46978,nq,8,1,False,False,True,0.125,1.0,1.0,1.0,1.0,0.0,1.0,2.0,662.5,False,True,True,False,False,True
453:169062,453,116,169062,hotpotqa,8,5,False,False,True,0.625,1.75,2.0,2.0,2.0,0.0,1.75,2.75,1389.875,False,True,True,False,False,True
453:11622,453,116,11622,nq,8,4,False,False,True,0.5,1.0,1.0,1.0,1.0,0.0,2.0,2.0,1309.5,False,True,True,False,False,True
453:28133,453,116,28133,nq,8,1,False,False,True,0.125,1.0,1.0,1.0,1.0,0.0,4.0,2.0,2390.75,False,True,True,False,False,True
453:38582,453,116,38582,nq,8,7,False,False,True,0.875,1.0,1.0,1.0,1.0,0.0,1.0,2.0,674.625,False,True,True,False,False,True
453:21595,453,116,21595,nq,8,2,False,False,True,0.25,1.0,1.0,1.0,1.0,0.0,2.0,2.0,1281.75,False,True,True,False,False,True
453:85692,453,116,85692,hotpotqa,8,6,False,False,True,0.75,2.0,2.0,2.0,2.0,0.0,2.0,3.0,1289.25,False,True,True,False,False,True
454:11877,454,116,11877,nq,8,1,False,False,True,0.125,2.0,2.0,2.0,2.0,0.0,2.125,3.0,1432.625,False,True,True,False,False,True
454:53364,454,116,53364,nq,8,6,False,False,True,0.75,1.0,1.0,1.0,1.0,0.0,2.0,2.0,1183.0,False,True,True,False,False,True
454:164627,454,116,164627,hotpotqa,8,5,False,False,True,0.625,1.0,1.0,1.0,1.0,0.0,2.0,2.0,1292.25,False,True,True,False,False,True
454:161847,454,116,161847,hotpotqa,8,5,False,False,True,0.625,1.375,1.0,1.0,1.0,0.0,1.375,2.375,921.75,False,True,True,False,False,True
455:166709,455,116,166709,hotpotqa,8,6,False,False,True,0.75,1.0,1.0,1.0,1.0,0.0,1.0,2.0,780.875,False,True,True,False,False,True
456:36180,456,116,36180,nq,8,2,False,False,True,0.25,1.0,1.0,1.0,1.0,0.0,1.0,2.0,699.75,False,True,True,False,False,True
457:133870,457,116,133870,hotpotqa,8,1,False,False,True,0.125,1.0,1.0,1.0,1.0,0.0,2.0,2.0,1307.125,False,True,True,False,False,True
457:33295,457,116,33295,nq,8,2,False,False,True,0.25,1.25,2.0,2.0,2.0,0.0,2.25,2.25,1431.25,False,True,True,False,False,True
457:120689,457,116,120689,hotpotqa,8,4,False,False,True,0.5,2.0,2.0,2.0,2.0,0.0,3.0,3.0,2236.5,False,True,True,False,False,True
457:109206,457,116,109206,hotpotqa,8,1,False,False,True,0.125,1.0,1.0,1.0,1.0,0.0,1.125,2.0,880.375,False,True,True,False,False,True
457:158220,457,116,158220,hotpotqa,8,6,False,False,True,0.75,1.0,1.0,1.0,1.0,0.0,2.0,2.0,1316.0,False,True,True,False,False,True
458:94044,458,117,94044,hotpotqa,8,6,False,False,True,0.75,2.0,2.0,2.0,2.0,0.0,3.0,3.0,1945.0,False,True,True,False,False,True
458:138566,458,117,138566,hotpotqa,8,3,False,False,True,0.375,2.0,2.0,2.0,2.0,0.0,3.0,3.0,1776.25,False,True,True,False,False,True
459:14576,459,117,14576,nq,8,3,False,False,True,0.375,1.0,1.0,1.0,1.0,0.0,2.0,2.0,1278.75,False,True,True,False,False,True
459:97374,459,117,97374,hotpotqa,8,3,False,False,True,0.375,1.375,2.0,2.0,2.0,0.0,1.375,2.375,1085.125,False,True,True,False,False,True
459:48417,459,117,48417,nq,8,6,False,False,True,0.75,1.0,1.0,1.0,1.0,0.0,2.0,2.0,1248.375,False,True,True,False,False,True
459:26870,459,117,26870,nq,8,4,False,False,True,0.5,1.0,1.0,1.0,1.0,0.0,1.0,2.0,698.0,False,True,True,False,False,True
459:44277,459,117,44277,nq,8,5,False,False,True,0.625,1.0,1.0,1.0,1.0,0.0,2.0,2.0,1385.0,False,True,True,False,False,True
459:153508,459,117,153508,hotpotqa,8,4,False,False,True,0.5,2.0,2.0,2.0,2.0,0.0,2.0,3.0,1305.875,False,True,True,False,False,True
460:93700,460,117,93700,hotpotqa,8,7,False,False,True,0.875,1.0,1.0,1.0,1.0,0.0,2.0,2.0,1166.75,False,True,True,False,False,True
460:58627,460,117,58627,nq,8,2,False,False,True,0.25,1.0,1.0,1.0,1.0,0.0,1.0,2.0,678.25,False,True,True,False,False,True
460:1744,460,117,1744,nq,8,7,False,False,True,0.875,1.0,1.0,1.0,1.0,0.0,1.0,2.0,741.5,False,True,True,False,False,True
461:80831,461,117,80831,hotpotqa,8,5,False,False,True,0.625,1.0,1.0,1.0,1.0,0.0,2.0,2.0,1237.375,False,True,True,False,False,True
461:121590,461,117,121590,hotpotqa,8,1,False,False,True,0.125,1.5,2.0,2.0,2.0,0.0,1.5,2.5,1077.625,False,True,True,False,False,True
461:70971,461,117,70971,nq,8,2,False,False,True,0.25,1.0,1.0,1.0,1.0,0.0,2.0,2.0,1261.75,False,True,True,False,False,True
462:127221,462,117,127221,hotpotqa,8,1,False,False,True,0.125,1.0,1.0,1.0,1.0,0.0,3.0,2.0,1624.25,False,True,True,False,False,True
462:23145,462,117,23145,nq,8,5,False,False,True,0.625,1.0,1.0,1.0,1.0,0.0,1.0,2.0,729.0,False,True,True,False,False,True
462:74057,462,117,74057,nq,8,1,False,False,True,0.125,1.875,1.0,1.0,1.0,0.0,2.875,2.875,1780.375,False,True,True,False,False,True
462:58193,462,117,58193,nq,8,3,False,False,True,0.375,1.0,1.0,1.0,1.0,0.0,2.0,2.0,1251.375,False,True,True,False,False,True
463:36101,463,117,36101,nq,8,3,False,False,True,0.375,2.0,2.0,2.0,2.0,0.0,2.0,3.0,2079.125,False,True,True,False,False,True
463:65293,463,117,65293,nq,8,3,False,False,True,0.375,1.0,1.0,1.0,1.0,0.0,3.0,2.0,1722.125,False,True,True,False,False,True
464:64309,464,117,64309,nq,8,1,False,False,True,0.125,1.0,1.0,1.0,1.0,0.0,1.0,2.0,698.875,False,True,True,False,False,True
464:98838,464,117,98838,hotpotqa,8,5,False,False,True,0.625,2.0,2.0,2.0,2.0,0.0,4.0,3.0,2643.0,False,True,True,False,False,True
464:91903,464,117,91903,hotpotqa,8,7,False,False,True,0.875,2.0,2.0,2.0,2.0,0.0,2.0,3.0,1320.875,False,True,True,False,False,True
464:108884,464,117,108884,hotpotqa,8,4,False,False,True,0.5,1.0,1.0,1.0,1.0,0.0,1.0,2.0,737.5,False,True,True,False,False,True
465:89357,465,117,89357,hotpotqa,8,2,False,False,True,0.25,1.0,1.0,1.0,1.0,0.0,2.0,2.0,1309.0,False,True,True,False,False,True
465:149933,465,117,149933,hotpotqa,8,7,False,False,True,0.875,2.0,2.0,2.0,2.0,0.0,2.0,3.0,1316.0,False,True,True,False,False,True
465:83095,465,117,83095,hotpotqa,8,6,False,False,True,0.75,1.0,1.0,1.0,1.0,0.0,3.0,2.0,1806.0,False,True,True,False,False,True
465:22629,465,117,22629,nq,8,6,False,False,True,0.75,1.0,1.0,1.0,1.0,0.0,3.0,2.0,1793.5,False,True,True,False,False,True
466:123702,466,117,123702,hotpotqa,8,1,False,False,True,0.125,2.0,2.0,2.0,2.0,0.0,2.0,3.0,1376.375,False,True,True,False,False,True
466:98489,466,117,98489,hotpotqa,8,1,False,False,True,0.125,1.0,1.0,1.0,1.0,0.0,2.0,2.0,1267.25,False,True,True,False,False,True
466:65560,466,117,65560,nq,8,4,False,False,True,0.5,1.0,1.0,1.0,1.0,0.0,2.0,2.0,1301.0,False,True,True,False,False,True
466:93152,466,117,93152,hotpotqa,8,6,False,False,True,0.75,1.0,1.0,1.0,1.0,0.0,2.0,2.0,1503.5,False,True,True,False,False,True
467:25744,467,118,25744,nq,8,5,False,False,True,0.625,1.0,1.0,1.0,1.0,0.0,1.0,2.0,752.625,False,True,True,False,False,True
467:4071,467,118,4071,nq,8,6,False,False,True,0.75,1.0,1.0,1.0,1.0,0.0,3.0,2.0,1839.0,False,True,True,False,False,True
467:106069,467,118,106069,hotpotqa,8,3,False,False,True,0.375,2.0,2.0,2.0,2.0,0.0,2.0,3.0,1173.5,False,True,True,False,False,True
467:140584,467,118,140584,hotpotqa,8,4,False,False,True,0.5,1.5,2.0,2.0,2.0,0.0,1.5,2.5,1075.0,False,True,True,False,False,True
467:27332,467,118,27332,nq,8,6,False,False,True,0.75,1.0,1.0,1.0,1.0,0.0,2.0,2.0,1329.5,False,True,True,False,False,True
467:151515,467,118,151515,hotpotqa,8,1,False,False,True,0.125,1.125,2.0,2.0,2.0,0.0,2.125,2.125,1434.625,False,True,True,False,False,True
467:84184,467,118,84184,hotpotqa,8,2,False,False,True,0.25,1.0,1.0,1.0,1.0,0.0,2.0,2.0,1248.5,False,True,True,False,False,True
468:4936,468,118,4936,nq,8,1,False,False,True,0.125,1.5,1.0,1.0,1.0,0.0,1.5,2.5,1211.875,False,True,True,False,False,True
468:47812,468,118,47812,nq,8,4,False,False,True,0.5,1.0,1.0,1.0,1.0,0.0,1.0,2.0,798.5,False,True,True,False,False,True
468:17466,468,118,17466,nq,8,3,False,False,True,0.375,2.0,2.0,2.0,2.0,0.0,2.0,3.0,1471.25,False,True,True,False,False,True
471:142332,471,118,142332,hotpotqa,8,3,False,False,True,0.375,1.0,1.0,1.0,1.0,0.0,2.0,2.0,1347.0,False,True,True,False,False,True
472:109470,472,118,109470,hotpotqa,8,1,False,False,True,0.125,1.0,1.0,1.0,1.0,0.0,2.0,2.0,1305.625,False,True,True,False,False,True
472:142139,472,118,142139,hotpotqa,8,1,False,False,True,0.125,1.0,1.0,1.0,1.0,0.0,2.0,2.0,1314.125,False,True,True,False,False,True
473:134606,473,118,134606,hotpotqa,8,7,False,False,True,0.875,2.0,2.0,2.0,2.0,0.0,2.125,3.0,1369.5,False,True,True,False,False,True
473:5705,473,118,5705,nq,8,2,False,False,True,0.25,2.0,2.0,2.0,2.0,0.0,2.0,3.0,1596.75,False,True,True,False,False,True
473:31995,473,118,31995,nq,8,5,False,False,True,0.625,2.0,2.0,2.0,2.0,0.0,2.0,3.0,1353.75,False,True,True,False,False,True
474:12708,474,118,12708,nq,8,3,False,False,True,0.375,1.0,1.0,1.0,1.0,0.0,2.0,2.0,1304.875,False,True,True,False,False,True
474:31067,474,118,31067,nq,8,6,False,False,True,0.75,1.0,1.0,1.0,1.0,0.0,2.0,2.0,1355.75,False,True,True,False,False,True
474:118807,474,118,118807,hotpotqa,8,7,False,False,True,0.875,1.125,1.0,1.0,1.0,0.0,1.25,2.125,1038.625,False,True,True,False,False,True
475:5499,475,118,5499,nq,8,7,False,False,True,0.875,1.0,1.0,1.0,1.0,0.0,2.0,2.0,1342.125,False,True,True,False,False,True
476:30201,476,118,30201,nq,8,6,False,False,True,0.75,1.0,1.0,1.0,1.0,0.0,2.0,2.0,1172.75,False,True,True,False,False,True
476:19978,476,118,19978,nq,8,1,False,False,True,0.125,1.0,1.0,1.0,1.0,0.0,2.0,2.0,1369.25,False,True,True,False,False,True
476:125219,476,118,125219,hotpotqa,8,6,False,False,True,0.75,1.0,1.0,1.0,1.0,0.0,2.0,2.0,1243.75,False,True,True,False,False,True
476:79862,476,118,79862,hotpotqa,8,1,False,False,True,0.125,2.875,2.0,2.0,2.0,0.0,2.875,3.875,1798.0,False,True,True,False,False,True
476:81367,476,118,81367,hotpotqa,8,7,False,False,True,0.875,2.0,2.0,2.0,2.0,0.0,2.0,3.0,1552.0,False,True,True,False,False,True
476:164900,476,118,164900,hotpotqa,8,2,False,False,True,0.25,2.0,2.0,2.0,2.0,0.0,2.0,3.0,1386.25,False,True,True,False,False,True
477:19994,477,118,19994,nq,8,7,False,False,True,0.875,1.0,1.0,1.0,1.0,0.0,2.0,2.0,1191.25,False,True,True,False,False,True
477:120480,477,118,120480,hotpotqa,8,7,False,False,True,0.875,2.0,2.0,2.0,2.0,0.0,2.0,3.0,1329.75,False,True,True,False,False,True
477:53367,477,118,53367,nq,8,5,False,False,True,0.625,1.0,1.0,1.0,1.0,0.0,3.0,2.0,1786.25,False,True,True,False,False,True
478:168095,478,119,168095,hotpotqa,8,7,False,False,True,0.875,1.875,2.0,2.0,2.0,0.0,1.875,2.875,1348.5,False,True,True,False,False,True
478:15836,478,119,15836,nq,8,1,False,False,True,0.125,1.125,2.0,2.0,2.0,0.0,1.25,2.125,904.5,False,True,True,False,False,True
478:131553,478,119,131553,hotpotqa,8,4,False,False,True,0.5,1.0,1.0,1.0,1.0,0.0,2.0,2.0,1324.5,False,True,True,False,False,True
480:55381,480,119,55381,nq,8,6,False,False,True,0.75,1.0,1.0,1.0,1.0,0.0,2.0,2.0,1317.5,False,True,True,False,False,True
480:149992,480,119,149992,hotpotqa,8,6,False,False,True,0.75,2.75,3.0,3.0,3.0,0.0,2.75,3.75,1877.5,False,True,True,False,False,True
480:69594,480,119,69594,nq,8,6,False,False,True,0.75,1.0,1.0,1.0,1.0,0.0,2.0,2.0,1221.25,False,True,True,False,False,True
480:24534,480,119,24534,nq,8,1,False,False,True,0.125,1.0,1.0,1.0,1.0,0.0,3.0,2.0,2033.0,False,True,True,False,False,True
480:166111,480,119,166111,hotpotqa,8,1,False,False,True,0.125,2.0,2.0,2.0,2.0,0.0,2.0,3.0,1670.5,False,True,True,False,False,True
480:77129,480,119,77129,nq,8,7,False,False,True,0.875,1.0,1.0,1.0,1.0,0.0,2.0,2.0,1167.625,False,True,True,False,False,True
481:140316,481,119,140316,hotpotqa,8,3,False,False,True,0.375,1.0,1.0,1.0,1.0,0.0,2.0,2.0,1209.0,False,True,True,False,False,True
482:158706,482,119,158706,hotpotqa,8,6,False,False,True,0.75,2.0,2.0,2.0,2.0,0.0,3.5,3.0,2245.75,False,True,True,False,False,True
482:107529,482,119,107529,hotpotqa,8,5,False,False,True,0.625,1.0,1.0,1.0,1.0,0.0,2.0,2.0,1277.5,False,True,True,False,False,True
483:103922,483,119,103922,hotpotqa,8,3,False,False,True,0.375,2.0,2.0,2.0,2.0,0.0,2.375,3.0,1467.25,False,True,True,False,False,True
484:100765,484,119,100765,hotpotqa,8,1,False,False,True,0.125,2.0,2.0,2.0,2.0,0.0,2.0,3.0,1399.875,False,True,True,False,False,True
484:69189,484,119,69189,nq,8,2,False,False,True,0.25,1.0,1.0,1.0,1.0,0.0,2.0,2.0,1210.25,False,True,True,False,False,True
484:168350,484,119,168350,hotpotqa,8,4,False,False,True,0.5,1.0,1.0,1.0,1.0,0.0,2.0,2.0,1381.0,False,True,True,False,False,True
484:133640,484,119,133640,hotpotqa,8,5,False,False,True,0.625,1.0,1.0,1.0,1.0,0.0,2.0,2.0,1355.125,False,True,True,False,False,True
484:69838,484,119,69838,nq,8,5,False,False,True,0.625,2.375,2.0,2.0,2.0,0.0,2.375,3.375,1915.875,False,True,True,False,False,True
485:3737,485,119,3737,nq,8,1,False,False,True,0.125,1.0,1.0,1.0,1.0,0.0,1.0,2.0,853.375,False,True,True,False,False,True
485:83596,485,119,83596,hotpotqa,8,7,False,False,True,0.875,2.0,2.0,2.0,2.0,0.0,2.0,3.0,1471.125,False,True,True,False,False,True
486:30659,486,119,30659,nq,8,2,False,False,True,0.25,1.0,1.0,1.0,1.0,0.0,2.0,2.0,1265.0,False,True,True,False,False,True
487:18420,487,119,18420,nq,8,2,False,False,True,0.25,1.0,1.0,1.0,1.0,0.0,1.0,2.0,782.5,False,True,True,False,False,True
487:72831,487,119,72831,nq,8,7,False,False,True,0.875,1.0,1.0,1.0,1.0,0.0,1.0,2.0,747.75,False,True,True,False,False,True
487:38554,487,119,38554,nq,8,1,False,False,True,0.125,1.0,1.0,1.0,1.0,0.0,1.0,2.0,786.125,False,True,True,False,False,True
487:138657,487,119,138657,hotpotqa,8,5,False,False,True,0.625,2.0,2.0,2.0,2.0,0.0,2.0,3.0,1297.25,False,True,True,False,False,True
488:134612,488,119,134612,hotpotqa,8,6,False,False,True,0.75,2.0,2.0,2.0,2.0,0.0,2.0,3.0,1268.75,False,True,True,False,False,True
488:86305,488,119,86305,hotpotqa,8,7,False,False,True,0.875,1.125,1.0,1.0,1.0,0.0,2.125,2.125,1305.625,False,True,True,False,False,True
489:129331,489,119,129331,hotpotqa,8,2,False,False,True,0.25,1.0,1.0,1.0,1.0,0.0,2.25,2.0,1308.375,False,True,True,False,False,True
489:12748,489,119,12748,nq,8,5,False,False,True,0.625,1.625,2.0,2.0,2.0,0.0,2.625,2.625,1664.0,False,True,True,False,False,True
489:26395,489,119,26395,nq,8,1,False,False,True,0.125,1.0,1.0,1.0,1.0,0.0,2.0,2.0,1207.25,False,True,True,False,False,True
489:121428,489,119,121428,hotpotqa,8,1,False,False,True,0.125,1.0,1.0,1.0,1.0,0.0,2.0,2.0,1245.75,False,True,True,False,False,True
490:87845,490,120,87845,hotpotqa,8,1,False,False,True,0.125,1.0,1.0,1.0,1.0,0.0,2.0,2.0,1436.0,False,True,True,False,False,True
490:65386,490,120,65386,nq,8,6,False,False,True,0.75,1.0,1.0,1.0,1.0,0.0,1.0,2.0,718.625,False,True,True,False,False,True
492:16250,492,120,16250,nq,8,2,False,False,True,0.25,1.0,1.0,1.0,1.0,0.0,2.0,2.0,1363.75,False,True,True,False,False,True
493:21020,493,120,21020,nq,8,2,False,False,True,0.25,1.0,1.0,1.0,1.0,0.0,3.0,2.0,1859.5,False,True,True,False,False,True
493:28891,493,120,28891,nq,8,7,False,False,True,0.875,1.0,1.0,1.0,1.0,0.0,2.0,2.0,1224.125,False,True,True,False,False,True
493:64850,493,120,64850,nq,8,5,False,False,True,0.625,1.0,1.0,1.0,1.0,0.0,2.0,2.0,1166.375,False,True,True,False,False,True
494:105974,494,120,105974,hotpotqa,8,1,False,False,True,0.125,1.0,1.0,1.0,1.0,0.0,2.0,2.0,1160.5,False,True,True,False,False,True
494:18294,494,120,18294,nq,8,5,False,False,True,0.625,1.0,1.0,1.0,1.0,0.0,1.375,2.0,928.0,False,True,True,False,False,True
494:24063,494,120,24063,nq,8,1,False,False,True,0.125,1.0,1.0,1.0,1.0,0.0,1.0,2.0,710.375,False,True,True,False,False,True
495:64412,495,120,64412,nq,8,7,False,False,True,0.875,1.0,1.0,1.0,1.0,0.0,2.0,2.0,1218.0,False,True,True,False,False,True
495:85346,495,120,85346,hotpotqa,8,5,False,False,True,0.625,2.0,2.0,2.0,2.0,0.0,2.0,3.0,1328.625,False,True,True,False,False,True
495:75769,495,120,75769,nq,8,7,False,False,True,0.875,1.0,1.0,1.0,1.0,0.0,2.0,2.0,1195.625,False,True,True,False,False,True
495:145142,495,120,145142,hotpotqa,8,2,False,False,True,0.25,1.75,1.0,1.0,1.0,0.0,2.0,2.75,1339.375,False,True,True,False,False,True
495:112429,495,120,112429,hotpotqa,8,4,False,False,True,0.5,1.0,1.0,1.0,1.0,0.0,2.0,2.0,1282.5,False,True,True,False,False,True
496:147393,496,120,147393,hotpotqa,8,5,False,False,True,0.625,1.0,1.0,1.0,1.0,0.0,2.0,2.0,1153.5,False,True,True,False,False,True
498:136908,498,120,136908,hotpotqa,8,6,False,False,True,0.75,2.125,2.0,2.0,2.0,0.0,2.125,3.125,1546.625,False,True,True,False,False,True
498:151981,498,120,151981,hotpotqa,8,5,False,False,True,0.625,2.5,2.8,2.0,3.0,1.0,2.5,3.5,1562.5,True,True,True,False,False,True
498:12585,498,120,12585,nq,8,5,False,False,True,0.625,1.625,2.0,2.0,2.0,0.0,1.625,2.625,1137.375,False,True,True,False,False,True
499:165349,499,120,165349,hotpotqa,8,4,False,False,True,0.5,1.0,1.0,1.0,1.0,0.0,2.0,2.0,1293.0,False,True,True,False,False,True
499:82617,499,120,82617,hotpotqa,8,7,False,False,True,0.875,2.0,2.0,2.0,2.0,0.0,3.0,3.0,1844.375,False,True,True,False,False,True
499:106039,499,120,106039,hotpotqa,8,2,False,False,True,0.25,1.75,1.0,1.0,1.0,0.0,1.75,2.75,1016.25,False,True,True,False,False,True
499:93943,499,120,93943,hotpotqa,8,5,False,False,True,0.625,1.0,1.0,1.0,1.0,0.0,2.0,2.0,1277.25,False,True,True,False,False,True
500:87567,500,120,87567,hotpotqa,8,1,False,False,True,0.125,2.0,2.0,2.0,2.0,0.0,2.0,3.0,1456.125,False,True,True,False,False,True
500:106864,500,120,106864,hotpotqa,8,5,False,False,True,0.625,2.0,2.0,2.0,2.0,0.0,2.0,3.0,1490.0,False,True,True,False,False,True
500:93441,500,120,93441,hotpotqa,8,2,False,False,True,0.25,1.75,1.0,1.0,1.0,0.0,2.75,2.75,2038.0,False,True,True,False,False,True
500:144956,500,120,144956,hotpotqa,8,2,False,False,True,0.25,2.625,4.0,4.0,4.0,0.0,2.625,3.625,1637.5,False,True,True,False,False,True
