global_step,q,group_id,role,uid,data_source,k,group_success_rate,cost_all_mean,cost_correct_mean,cost_gap_correct,queries_all_mean,tokens_all_mean,turns_all_mean,call_index
71,0,0:151196,mixed,151196,hotpotqa,2,0.25,1.0,1.0,0.0,2.0,1383.75,2.0,0
71,0,0:35710,mixed,35710,nq,2,0.25,3.375,2.5,1.0,3.375,1920.75,4.375,0
71,0,0:104989,mixed,104989,hotpotqa,1,0.125,2.25,2.0,0.0,3.25,1986.875,3.25,0
71,0,1:104900,mixed,104900,hotpotqa,2,0.25,2.75,2.0,0.0,2.75,1994.5,3.75,1
71,0,1:98963,mixed,98963,hotpotqa,2,0.25,3.0,3.0,0.0,4.0,2178.5,4.0,1
71,0,2:3150,mixed,3150,nq,6,0.75,1.0,1.0,0.0,1.0,709.75,2.0,2
71,0,2:6362,mixed,6362,nq,7,0.875,1.0,1.0,0.0,1.125,716.0,2.0,2
71,0,2:117164,mixed,117164,hotpotqa,3,0.375,1.625,2.6666666666666665,1.0,2.25,1455.5,2.625,2
71,0,2:89516,mixed,89516,hotpotqa,4,0.5,1.0,1.0,0.0,3.0,1805.375,2.0,2
71,0,2:43616,mixed,43616,nq,1,0.125,2.0,2.0,0.0,3.0,1858.125,3.0,2
71,0,3:107296,mixed,107296,hotpotqa,6,0.75,1.75,2.0,0.0,2.75,1871.5,2.75,3
71,0,3:39092,mixed,39092,nq,7,0.875,1.0,1.0,0.0,2.0,1435.875,2.0,3
71,0,3:82068,mixed,82068,hotpotqa,3,0.375,2.0,2.0,0.0,2.0,1356.75,3.0,3
71,0,3:34954,mixed,34954,nq,3,0.375,2.375,3.0,0.0,3.375,2033.875,3.375,3
71,0,3:118752,mixed,118752,hotpotqa,1,0.125,1.125,2.0,0.0,2.125,1296.0,2.125,3
71,0,4:62624,mixed,62624,nq,3,0.375,2.0,2.0,0.0,2.0,1314.5,3.0,4
71,0,4:42674,mixed,42674,nq,6,0.75,1.0,1.0,0.0,2.0,1383.0,2.0,4
71,0,5:59899,mixed,59899,nq,1,0.125,2.25,3.0,0.0,2.25,1490.875,3.25,5
71,0,5:94472,mixed,94472,hotpotqa,2,0.25,1.0,1.0,0.0,2.0,1363.0,2.0,5
71,0,5:92155,mixed,92155,hotpotqa,6,0.75,2.5,2.3333333333333335,1.0,2.5,1549.0,3.5,5
71,0,5:90972,mixed,90972,hotpotqa,4,0.5,2.0,2.0,0.0,2.0,1275.125,3.0,5
71,0,5:47119,mixed,47119,nq,1,0.125,1.0,1.0,0.0,2.0,1196.25,2.0,5
71,0,5:123875,mixed,123875,hotpotqa,7,0.875,1.0,1.0,0.0,2.0,1270.0,2.0,5
71,0,5:118479,mixed,118479,hotpotqa,7,0.875,3.0,3.0,0.0,3.0,1910.375,4.0,5
71,0,6:145207,mixed,145207,hotpotqa,7,0.875,1.0,1.0,0.0,2.0,1272.375,2.0,6
71,0,6:71729,mixed,71729,nq,7,0.875,1.0,1.0,0.0,2.0,1360.75,2.0,6
71,0,6:134695,mixed,134695,hotpotqa,1,0.125,1.25,3.0,0.0,1.25,869.0,2.25,6
71,0,7:27257,mixed,27257,nq,7,0.875,1.0,1.0,0.0,2.0,1333.875,2.0,7
71,0,7:150225,mixed,150225,hotpotqa,4,0.5,1.0,1.0,0.0,2.0,1297.5,2.0,7
71,0,7:150541,mixed,150541,hotpotqa,7,0.875,1.0,1.0,0.0,2.0,1315.875,2.0,7
71,0,7:114,mixed,114,nq,5,0.625,1.0,1.0,0.0,2.0,1224.5,2.0,7
71,0,8:58083,mixed,58083,nq,4,0.5,1.0,1.0,0.0,2.0,1281.5,2.0,8
72,0,9:20175,mixed,20175,nq,2,0.25,4.125,3.0,0.0,13.125,6430.0,5.125,9
72,0,9:9445,mixed,9445,nq,1,0.125,3.25,5.0,0.0,3.25,1906.5,4.25,9
72,0,10:113621,mixed,113621,hotpotqa,2,0.25,2.0,2.0,0.0,2.0,1288.0,3.0,10
72,0,10:80994,mixed,80994,hotpotqa,7,0.875,1.0,1.0,0.0,1.0,748.0,2.0,10
72,0,10:92212,mixed,92212,hotpotqa,3,0.375,6.0,4.333333333333333,1.0,6.0,3659.0,7.0,10
72,0,10:108478,mixed,108478,hotpotqa,7,0.875,3.0,3.0,0.0,3.0,1898.25,4.0,10
72,0,11:153941,mixed,153941,hotpotqa,7,0.875,2.0,2.0,0.0,2.0,1254.25,3.0,11
72,0,11:97224,mixed,97224,hotpotqa,7,0.875,1.0,1.0,0.0,2.0,1250.375,2.0,11
72,0,11:140248,mixed,140248,hotpotqa,7,0.875,2.125,2.0,0.0,3.125,2046.25,3.125,11
72,0,11:100955,mixed,100955,hotpotqa,1,0.125,2.0,2.0,0.0,2.5,1666.25,3.0,11
72,0,12:104543,mixed,104543,hotpotqa,2,0.25,1.75,1.0,0.0,1.75,1214.25,2.75,12
72,0,12:155626,mixed,155626,hotpotqa,5,0.625,1.0,1.0,0.0,2.0,1468.375,2.0,12
72,0,12:92977,mixed,92977,hotpotqa,5,0.625,2.0,2.0,0.0,3.0,1846.0,3.0,12
72,0,13:2048,mixed,2048,nq,2,0.25,1.0,1.0,0.0,1.0,722.0,2.0,13
72,0,13:101930,mixed,101930,hotpotqa,3,0.375,2.25,2.0,0.0,4.5,2757.0,3.25,13
72,0,14:28652,mixed,28652,nq,7,0.875,1.125,1.0,0.0,2.125,1347.25,2.125,14
72,0,14:111955,mixed,111955,hotpotqa,4,0.5,2.0,2.0,0.0,2.0,1297.0,3.0,14
72,0,15:111790,mixed,111790,hotpotqa,7,0.875,2.0,2.0,0.0,3.0,2046.125,3.0,15
72,0,15:114997,mixed,114997,hotpotqa,4,0.5,4.5,5.0,0.0,4.5,2731.5,5.5,15
72,0,15:30956,mixed,30956,nq,1,0.125,2.0,2.0,0.0,2.0,1329.625,3.0,15
72,0,16:16512,mixed,16512,nq,7,0.875,1.0,1.0,0.0,2.0,1161.0,2.0,16
72,0,17:165808,mixed,165808,hotpotqa,5,0.625,3.0,3.0,0.0,3.0,1781.125,4.0,17
72,0,17:122923,mixed,122923,hotpotqa,3,0.375,1.0,1.0,0.0,2.0,1313.0,2.0,17
72,0,18:59584,mixed,59584,nq,6,0.75,1.0,1.0,0.0,2.0,1344.25,2.0,18
72,0,18:150928,mixed,150928,hotpotqa,2,0.25,3.0,3.0,0.0,4.0,2702.75,4.0,18
72,0,19:139695,mixed,139695,hotpotqa,1,0.125,2.0,2.0,0.0,3.0,1760.625,3.0,19
72,0,19:92791,mixed,92791,hotpotqa,3,0.375,2.0,2.0,0.0,2.0,1240.0,3.0,19
72,0,19:149023,mixed,149023,hotpotqa,6,0.75,1.75,2.0,0.0,2.75,1661.75,2.75,19
72,0,20:41190,mixed,41190,nq,5,0.625,3.125,3.0,0.0,3.125,1751.25,4.125,20
72,0,20:28252,mixed,28252,nq,7,0.875,1.0,1.0,0.0,2.0,1288.125,2.0,20
72,0,20:136802,mixed,136802,hotpotqa,7,0.875,2.5,2.2857142857142856,1.0,2.5,1572.0,3.5,20
72,0,21:126182,mixed,126182,hotpotqa,5,0.625,3.5,3.2,1.0,3.5,2011.0,4.5,21
73,0,22:148342,mixed,148342,hotpotqa,1,0.125,1.0,1.0,0.0,2.0,1218.5,2.0,22
73,0,22:131622,mixed,131622,hotpotqa,1,0.125,2.0,2.0,0.0,2.0,1354.875,3.0,22
73,0,22:55005,mixed,55005,nq,7,0.875,2.0,2.0,0.0,2.0,1382.25,3.0,22
73,0,22:20298,mixed,20298,nq,5,0.625,1.0,1.0,0.0,2.0,1247.75,2.0,22
73,0,22:17527,mixed,17527,nq,6,0.75,2.0,2.0,0.0,2.0,1378.25,3.0,22
73,0,22:3685,mixed,3685,nq,5,0.625,2.75,2.0,0.0,2.75,1773.5,3.75,22
73,0,23:95885,mixed,95885,hotpotqa,4,0.5,1.5,2.0,0.0,2.5,1783.0,2.5,23
73,0,23:96244,mixed,96244,hotpotqa,3,0.375,3.0,3.0,0.0,3.0,1757.375,4.0,23
73,0,24:63524,mixed,63524,nq,5,0.625,2.25,2.0,0.0,2.25,1423.5,3.25,24
73,0,25:126257,mixed,126257,hotpotqa,1,0.125,5.0,6.0,0.0,6.0,3028.875,6.0,25
73,0,25:77909,mixed,77909,nq,1,0.125,1.875,1.0,0.0,1.875,1235.25,2.875,25
73,0,26:62234,mixed,62234,nq,2,0.25,1.0,1.0,0.0,2.0,1246.0,2.0,26
73,0,26:107329,mixed,107329,hotpotqa,6,0.75,2.0,2.0,0.0,2.0,1352.0,3.0,26
73,0,27:86925,mixed,86925,hotpotqa,7,0.875,2.5,2.4285714285714284,1.0,2.75,1998.75,3.5,27
73,0,27:82950,mixed,82950,hotpotqa,7,0.875,1.0,1.0,0.0,2.0,1291.625,2.0,27
73,0,27:67650,mixed,67650,nq,6,0.75,1.0,1.0,0.0,2.0,1302.5,2.0,27
73,0,27:167093,mixed,167093,hotpotqa,6,0.75,2.0,2.0,0.0,2.0,1222.5,3.0,27
73,0,27:162776,mixed,162776,hotpotqa,7,0.875,1.875,2.0,0.0,2.875,1675.875,2.875,27
73,0,27:99752,mixed,99752,hotpotqa,6,0.75,1.0,1.0,0.0,2.0,1408.75,2.0,27
73,0,28:123552,mixed,123552,hotpotqa,7,0.875,1.0,1.0,0.0,2.0,1293.875,2.0,28
73,0,29:128742,mixed,128742,hotpotqa,7,0.875,1.0,1.0,0.0,2.0,1413.125,2.0,29
73,0,29:9021,mixed,9021,nq,1,0.125,1.0,1.0,0.0,2.0,1097.5,2.0,29
73,0,30:45634,mixed,45634,nq,3,0.375,2.0,2.0,0.0,3.0,1871.625,3.0,30
73,0,30:42702,mixed,42702,nq,3,0.375,1.0,1.0,0.0,3.0,1693.375,2.0,30
73,0,30:131175,mixed,131175,hotpotqa,2,0.25,1.0,1.0,0.0,2.0,1426.75,2.0,30
73,0,31:154388,mixed,154388,hotpotqa,7,0.875,3.0,3.0,0.0,3.0,1892.875,4.0,31
73,0,32:134893,mixed,134893,hotpotqa,4,0.5,1.5,2.0,0.0,2.0,1252.5,2.5,32
73,0,32:117348,mixed,117348,hotpotqa,5,0.625,1.0,1.0,0.0,1.0,771.75,2.0,32
73,0,32:134816,mixed,134816,hotpotqa,6,0.75,1.0,1.0,0.0,2.0,1226.125,2.0,32
73,0,32:10978,mixed,10978,nq,6,0.75,5.75,6.0,0.0,5.75,3052.125,6.75,32
73,0,33:70520,mixed,70520,nq,1,0.125,2.875,2.0,0.0,3.0,2013.875,3.875,33
73,0,33:11484,mixed,11484,nq,7,0.875,1.0,1.0,0.0,2.0,1196.0,2.0,33
74,0,34:77894,mixed,77894,nq,6,0.75,1.0,1.0,0.0,2.0,1261.375,2.0,34
74,0,34:157261,mixed,157261,hotpotqa,6,0.75,2.0,2.0,0.0,7.0,3863.375,3.0,34
74,0,34:154606,mixed,154606,hotpotqa,3,0.375,1.0,1.0,0.0,2.0,1207.625,2.0,34
74,0,34:156100,mixed,156100,hotpotqa,5,0.625,2.0,2.0,0.0,2.0,1245.625,3.0,34
74,0,36:127028,mixed,127028,hotpotqa,3,0.375,1.0,1.0,0.0,2.0,1233.25,2.0,36
74,0,36:151094,mixed,151094,hotpotqa,5,0.625,5.625,5.6,1.0,5.625,3347.5,6.625,36
74,0,36:89137,mixed,89137,hotpotqa,3,0.375,2.625,2.0,0.0,2.625,1624.5,3.625,36
74,0,36:27205,mixed,27205,nq,6,0.75,1.0,1.0,0.0,2.0,1259.0,2.0,36
74,0,37:3823,mixed,3823,nq,5,0.625,1.0,1.0,0.0,2.0,1222.625,2.0,37
74,0,37:109264,mixed,109264,hotpotqa,3,0.375,2.0,2.0,0.0,2.0,1138.375,3.0,37
74,0,38:78002,mixed,78002,nq,1,0.125,1.0,1.0,0.0,2.0,1282.875,2.0,38
74,0,38:23719,mixed,23719,nq,4,0.5,1.0,1.0,0.0,1.0,784.0,2.0,38
74,0,38:104204,mixed,104204,hotpotqa,7,0.875,3.0,3.0,0.0,3.0,1955.25,4.0,38
74,0,39:166689,mixed,166689,hotpotqa,1,0.125,2.0,2.0,0.0,2.0,1378.5,3.0,39
74,0,39:130768,mixed,130768,hotpotqa,7,0.875,2.875,3.0,0.0,2.875,1874.125,3.875,39
74,0,39:139319,mixed,139319,hotpotqa,7,0.875,2.25,2.142857142857143,1.0,2.25,1607.5,3.25,39
74,0,40:128664,mixed,128664,hotpotqa,6,0.75,1.0,1.0,0.0,2.0,1302.875,2.0,40
74,0,40:121303,mixed,121303,hotpotqa,1,0.125,2.0,2.0,0.0,2.0,1257.625,3.0,40
74,0,40:147167,mixed,147167,hotpotqa,7,0.875,2.0,2.0,0.0,3.0,1798.125,3.0,40
74,0,41:84690,mixed,84690,hotpotqa,5,0.625,3.0,3.0,0.0,3.0,1755.625,4.0,41
74,0,41:25107,mixed,25107,nq,1,0.125,1.875,1.0,0.0,1.875,1163.0,2.875,41
74,0,41:147171,mixed,147171,hotpotqa,1,0.125,2.0,2.0,0.0,3.0,1955.375,3.0,41
74,0,41:62859,mixed,62859,nq,6,0.75,1.0,1.0,0.0,3.0,1775.5,2.0,41
74,0,41:115871,mixed,115871,hotpotqa,3,0.375,1.0,1.0,0.0,2.0,1279.5,2.0,41
74,0,42:29642,mixed,29642,nq,2,0.25,2.25,3.0,0.0,2.25,1451.625,3.25,42
74,0,42:29451,mixed,29451,nq,7,0.875,1.0,1.0,0.0,1.125,794.5,2.0,42
74,0,42:98027,mixed,98027,hotpotqa,1,0.125,3.0,3.0,0.0,3.0,2215.125,4.0,42
74,0,42:138819,mixed,138819,hotpotqa,4,0.5,2.0,2.0,0.0,2.0,1503.5,3.0,42
74,0,42:136176,mixed,136176,hotpotqa,7,0.875,2.0,2.0,0.0,2.0,1266.0,3.0,42
74,0,42:113763,mixed,113763,hotpotqa,6,0.75,2.0,2.0,0.0,2.0,1384.25,3.0,42
74,0,43:134676,mixed,134676,hotpotqa,1,0.125,3.0,3.0,0.0,4.0,2356.25,4.0,43
74,0,43:158762,mixed,158762,hotpotqa,1,0.125,2.125,3.0,0.0,2.125,1586.875,3.125,43
75,0,44:133448,mixed,133448,hotpotqa,4,0.5,1.5,2.0,0.0,2.5,1567.0,2.5,44
75,0,44:120444,mixed,120444,hotpotqa,7,0.875,1.0,1.0,0.0,2.0,1362.625,2.0,44
75,0,44:81168,mixed,81168,hotpotqa,4,0.5,2.0,2.0,0.0,2.0,1302.5,3.0,44
75,0,44:34177,mixed,34177,nq,5,0.625,1.0,1.0,0.0,1.0,719.875,2.0,44
75,0,44:153559,mixed,153559,hotpotqa,7,0.875,2.875,3.0,0.0,2.875,1766.625,3.875,44
75,0,44:49178,mixed,49178,nq,7,0.875,3.0,3.0,0.0,3.625,2230.25,4.0,44
75,0,44:45449,mixed,45449,nq,7,0.875,5.0,5.0,0.0,7.0,3924.875,6.0,44
75,0,45:30453,mixed,30453,nq,5,0.625,2.625,3.0,0.0,2.625,1682.75,3.625,45
75,0,46:101555,mixed,101555,hotpotqa,3,0.375,1.0,1.0,0.0,2.0,1289.25,2.0,46
75,0,46:80505,mixed,80505,hotpotqa,7,0.875,1.375,1.2857142857142858,1.0,2.0,1265.375,2.375,46
75,0,48:46008,mixed,46008,nq,4,0.5,1.5,1.0,0.0,1.5,1020.0,2.5,48
75,0,48:65598,mixed,65598,nq,3,0.375,1.0,1.0,0.0,3.0,1821.875,2.0,48
75,0,48:53908,mixed,53908,nq,7,0.875,1.0,1.0,0.0,2.0,1323.0,2.0,48
75,0,48:95595,mixed,95595,hotpotqa,7,0.875,2.125,2.0,0.0,2.125,1490.375,3.125,48
75,0,49:117577,mixed,117577,hotpotqa,6,0.75,1.0,1.0,0.0,2.0,1231.0,2.0,49
75,0,49:19621,mixed,19621,nq,1,0.125,3.125,4.0,0.0,3.125,1551.25,4.125,49
75,0,49:83709,mixed,83709,hotpotqa,3,0.375,2.375,3.0,0.0,3.375,2233.75,3.375,49
75,0,49:7950,mixed,7950,nq,5,0.625,1.0,1.0,0.0,2.0,1201.375,2.0,49
75,0,50:19217,mixed,19217,nq,7,0.875,1.0,1.0,0.0,2.0,1111.125,2.0,50
75,0,50:159914,mixed,159914,hotpotqa,1,0.125,1.25,3.0,0.0,1.25,893.375,2.25,50
75,0,50:77508,mixed,77508,nq,4,0.5,2.0,2.0,0.0,3.0,1980.0,3.0,50
75,0,50:100873,mixed,100873,hotpotqa,4,0.5,1.875,2.0,0.0,2.875,2102.0,2.875,50
75,0,50:30091,mixed,30091,nq,1,0.125,1.0,1.0,0.0,2.0,1161.125,2.0,50
75,0,50:160905,mixed,160905,hotpotqa,2,0.25,3.0,3.0,0.0,3.0,1969.75,4.0,50
75,0,51:19865,mixed,19865,nq,4,0.5,2.0,2.0,0.0,2.0,1337.5,3.0,51
75,0,51:161679,mixed,161679,hotpotqa,7,0.875,1.0,1.0,0.0,2.0,1214.0,2.0,51
75,0,51:16538,mixed,16538,nq,1,0.125,2.875,2.0,0.0,2.875,1850.25,3.875,51
75,0,52:36051,mixed,36051,nq,2,0.25,1.0,1.0,0.0,2.0,1156.5,2.0,52
75,0,53:16567,mixed,16567,nq,1,0.125,1.0,1.0,0.0,3.0,1783.375,2.0,53
75,0,53:93853,mixed,93853,hotpotqa,3,0.375,1.0,1.0,0.0,1.375,985.25,2.0,53
75,0,53:57343,mixed,57343,nq,7,0.875,1.0,1.0,0.0,2.0,1251.25,2.0,53
75,0,53:110148,mixed,110148,hotpotqa,1,0.125,2.125,2.0,0.0,2.125,1370.875,3.125,53
76,0,54:81015,mixed,81015,hotpotqa,4,0.5,2.125,2.25,1.0,2.5,1658.875,3.125,54
76,0,54:24085,mixed,24085,nq,3,0.375,2.0,2.0,0.0,2.0,1346.125,3.0,54
76,0,55:83825,mixed,83825,hotpotqa,6,0.75,3.25,3.0,0.0,3.25,1929.375,4.25,55
76,0,55:164379,mixed,164379,hotpotqa,2,0.25,1.0,1.0,0.0,2.0,1334.25,2.0,55
76,0,56:5654,mixed,5654,nq,1,0.125,1.0,1.0,0.0,2.0,1273.125,2.0,56
76,0,56:35604,mixed,35604,nq,4,0.5,5.5,4.0,0.0,6.5,4231.125,6.5,56
76,0,56:143400,mixed,143400,hotpotqa,7,0.875,2.0,2.0,0.0,3.0,2072.625,3.0,56
76,0,56:132869,mixed,132869,hotpotqa,6,0.75,2.5,2.0,0.0,2.5,1568.25,3.5,56
76,0,56:86942,mixed,86942,hotpotqa,1,0.125,2.0,2.0,0.0,2.0,1254.375,3.0,56
76,0,56:36990,mixed,36990,nq,2,0.25,1.25,2.0,0.0,1.25,886.25,2.25,56
76,0,56:104735,mixed,104735,hotpotqa,1,0.125,2.0,2.0,0.0,2.0,1328.0,3.0,56
76,0,56:153153,mixed,153153,hotpotqa,6,0.75,1.0,1.0,0.0,2.0,1236.0,2.0,56
76,0,57:112329,mixed,112329,hotpotqa,1,0.125,2.0,2.0,0.0,2.0,1470.5,3.0,57
76,0,57:89827,mixed,89827,hotpotqa,1,0.125,2.0,2.0,0.0,2.0,1202.5,3.0,57
76,0,57:109808,mixed,109808,hotpotqa,1,0.125,2.0,2.0,0.0,2.5,1704.375,3.0,57
76,0,58:58841,mixed,58841,nq,6,0.75,3.0,3.0,0.0,3.0,1960.25,4.0,58
76,0,58:59429,mixed,59429,nq,7,0.875,1.0,1.0,0.0,1.0,748.25,2.0,58
76,0,59:130032,mixed,130032,hotpotqa,6,0.75,3.0,3.0,0.0,6.25,3370.75,4.0,59
76,0,59:30897,mixed,30897,nq,1,0.125,1.0,1.0,0.0,2.875,1628.375,2.0,59
76,0,61:127766,mixed,127766,hotpotqa,1,0.125,1.0,1.0,0.0,2.0,1351.0,2.0,61
76,0,61:101220,mixed,101220,hotpotqa,1,0.125,3.875,4.0,0.0,4.875,2899.125,4.875,61
76,0,61:2183,mixed,2183,nq,4,0.5,2.0,2.0,0.0,2.0,1375.375,3.0,61
76,0,61:130006,mixed,130006,hotpotqa,4,0.5,2.0,2.0,0.0,2.5,1741.0,3.0,61
76,0,61:151476,mixed,151476,hotpotqa,2,0.25,1.25,2.0,0.0,1.25,908.5,2.25,61
76,0,62:109556,mixed,109556,hotpotqa,1,0.125,1.0,1.0,0.0,5.0,2648.0,2.0,62
76,0,63:128711,mixed,128711,hotpotqa,3,0.375,4.875,3.6666666666666665,2.0,4.875,2970.625,5.875,63
76,0,63:132276,mixed,132276,hotpotqa,1,0.125,2.0,2.0,0.0,2.0,1408.375,3.0,63
76,0,64:164525,mixed,164525,hotpotqa,2,0.25,3.0,3.0,0.0,3.0,1876.125,4.0,64
76,0,64:11964,mixed,11964,nq,6,0.75,1.0,1.0,0.0,2.0,1389.25,2.0,64
76,0,66:38101,mixed,38101,nq,7,0.875,3.5,3.0,0.0,5.5,3291.375,4.5,66
76,0,66:151053,mixed,151053,hotpotqa,3,0.375,2.125,2.0,0.0,2.125,1367.875,3.125,66
76,0,66:73529,mixed,73529,nq,4,0.5,2.0,2.0,0.0,2.0,1378.0,3.0,66
77,0,67:11317,mixed,11317,nq,4,0.5,2.0,2.0,0.0,3.0,1888.0,3.0,67
77,0,67:55141,mixed,55141,nq,4,0.5,2.0,1.0,0.0,3.0,1694.375,3.0,67
77,0,68:136717,mixed,136717,hotpotqa,7,0.875,3.125,3.0,0.0,3.125,2019.875,4.125,68
77,0,69:41811,mixed,41811,nq,1,0.125,1.0,1.0,0.0,3.0,1485.375,2.0,69
77,0,69:52920,mixed,52920,nq,6,0.75,1.75,2.0,0.0,1.75,1139.75,2.75,69
77,0,69:28900,mixed,28900,nq,6,0.75,1.0,1.0,0.0,1.0,799.25,2.0,69
77,0,69:93359,mixed,93359,hotpotqa,6,0.75,1.0,1.0,0.0,2.0,1270.0,2.0,69
77,0,70:6818,mixed,6818,nq,1,0.125,1.0,1.0,0.0,2.0,1556.125,2.0,70
77,0,70:84095,mixed,84095,hotpotqa,7,0.875,2.0,2.0,0.0,3.0,1788.5,3.0,70
77,0,70:161316,mixed,161316,hotpotqa,4,0.5,2.5,3.0,0.0,2.5,1601.5,3.5,70
77,0,70:137672,mixed,137672,hotpotqa,2,0.25,2.0,2.0,0.0,3.0,1889.0,3.0,70
77,0,70:130065,mixed,130065,hotpotqa,1,0.125,2.0,2.0,0.0,3.0,1762.875,3.0,70
77,0,70:119028,mixed,119028,hotpotqa,6,0.75,2.75,2.8333333333333335,1.0,3.75,2400.875,3.75,70
77,0,71:140094,mixed,140094,hotpotqa,5,0.625,1.0,1.0,0.0,2.0,1215.5,2.0,71
77,0,71:66554,mixed,66554,nq,4,0.5,4.0,4.0,0.0,4.0,2105.0,5.0,71
77,0,71:163112,mixed,163112,hotpotqa,1,0.125,1.5,5.0,0.0,2.5,1594.375,2.5,71
77,0,72:66195,mixed,66195,nq,2,0.25,1.0,1.0,0.0,2.0,1267.0,2.0,72
77,0,72:145190,mixed,145190,hotpotqa,4,0.5,1.0,1.0,0.0,2.0,1217.5,2.0,72
77,0,72:158672,mixed,158672,hotpotqa,4,0.5,3.25,3.0,0.0,3.25,2267.25,4.25,72
77,0,72:50472,mixed,50472,nq,6,0.75,1.75,2.0,0.0,2.75,1620.0,2.75,72
77,0,72:107710,mixed,107710,hotpotqa,4,0.5,1.0,1.0,0.0,2.0,1305.5,2.0,72
77,0,72:44194,mixed,44194,nq,3,0.375,2.0,2.0,0.0,2.0,1365.625,3.0,72
77,0,73:80953,mixed,80953,hotpotqa,2,0.25,1.0,1.0,0.0,3.0,1788.75,2.0,73
77,0,73:143072,mixed,143072,hotpotqa,7,0.875,3.25,3.0,0.0,3.25,1972.0,4.25,73
77,0,74:105514,mixed,105514,hotpotqa,7,0.875,2.875,3.0,0.0,2.875,2059.5,3.875,74
77,0,74:58504,mixed,58504,nq,1,0.125,2.0,2.0,0.0,3.0,1826.75,3.0,74
77,0,74:15109,mixed,15109,nq,2,0.25,1.0,1.0,0.0,2.0,1198.0,2.0,74
77,0,75:103833,mixed,103833,hotpotqa,5,0.625,2.0,2.0,0.0,3.0,1959.0,3.0,75
77,0,75:45640,mixed,45640,nq,1,0.125,1.0,1.0,0.0,3.0,1826.75,2.0,75
77,0,76:21071,mixed,21071,nq,5,0.625,2.0,2.0,0.0,2.0,1238.625,3.0,76
77,0,76:50002,mixed,50002,nq,5,0.625,1.0,1.0,0.0,2.0,1334.0,2.0,76
77,0,77:90102,mixed,90102,hotpotqa,5,0.625,2.0,2.0,0.0,3.0,1799.125,3.0,77
78,0,78:37976,mixed,37976,nq,2,0.25,1.25,2.0,0.0,1.25,914.25,2.25,78
78,0,78:43940,mixed,43940,nq,7,0.875,1.0,1.0,0.0,2.0,1230.375,2.0,78
78,0,78:66885,mixed,66885,nq,4,0.5,5.0,5.0,0.0,6.0,3931.375,6.0,78
78,0,78:105451,mixed,105451,hotpotqa,5,0.625,3.0,3.0,0.0,3.0,1845.625,4.0,78
78,0,79:17445,mixed,17445,nq,4,0.5,3.0,3.0,0.0,3.0,1565.0,4.0,79
78,0,80:134071,mixed,134071,hotpotqa,1,0.125,2.875,2.0,0.0,3.875,2396.0,3.875,80
78,0,80:46795,mixed,46795,nq,4,0.5,1.5,2.0,0.0,1.5,1084.5,2.5,80
78,0,80:119909,mixed,119909,hotpotqa,6,0.75,2.875,3.0,0.0,2.875,1935.625,3.875,80
78,0,80:81931,mixed,81931,hotpotqa,2,0.25,3.75,3.0,0.0,3.75,2496.25,4.75,80
78,0,80:92670,mixed,92670,hotpotqa,4,0.5,2.875,4.25,1.0,4.25,2686.5,3.875,80
78,0,80:146156,mixed,146156,hotpotqa,1,0.125,2.0,2.0,0.0,2.0,1204.375,3.0,80
78,0,81:53460,mixed,53460,nq,2,0.25,1.0,1.0,0.0,2.0,1305.25,2.0,81
78,0,81:3645,mixed,3645,nq,1,0.125,2.0,2.0,0.0,3.0,1953.5,3.0,81
78,0,81:146429,mixed,146429,hotpotqa,2,0.25,2.0,2.0,0.0,2.0,1278.625,3.0,81
78,0,81:90167,mixed,90167,hotpotqa,4,0.5,2.5,3.0,0.0,3.5,2211.5,3.5,81
78,0,82:167273,mixed,167273,hotpotqa,7,0.875,2.0,2.0,0.0,2.0,1667.125,3.0,82
78,0,82:14946,mixed,14946,nq,1,0.125,1.0,1.0,0.0,3.0,1931.75,2.0,82
78,0,82:35217,mixed,35217,nq,4,0.5,1.0,1.0,0.0,2.0,1179.5,2.0,82
78,0,82:124781,mixed,124781,hotpotqa,7,0.875,1.125,1.0,0.0,2.125,1261.75,2.125,82
78,0,82:87281,mixed,87281,hotpotqa,6,0.75,2.75,3.0,0.0,2.75,1802.0,3.75,82
78,0,82:112222,mixed,112222,hotpotqa,3,0.375,1.375,2.0,0.0,1.375,966.75,2.375,82
78,0,83:65440,mixed,65440,nq,6,0.75,1.0,1.0,0.0,3.0,1652.5,2.0,83
78,0,83:96743,mixed,96743,hotpotqa,3,0.375,3.0,3.0,0.0,3.0,1777.125,4.0,83
78,0,83:145852,mixed,145852,hotpotqa,2,0.25,2.0,2.0,0.0,2.0,1331.0,3.0,83
78,0,84:151892,mixed,151892,hotpotqa,6,0.75,1.0,1.0,0.0,2.0,1306.0,2.0,84
78,0,84:11302,mixed,11302,nq,2,0.25,1.875,2.0,0.0,1.875,1213.625,2.875,84
78,0,84:44441,mixed,44441,nq,1,0.125,2.0,2.0,0.0,2.0,1326.125,3.0,84
78,0,84:158052,mixed,158052,hotpotqa,5,0.625,3.625,4.0,0.0,3.625,2371.375,4.625,84
78,0,85:13953,mixed,13953,nq,7,0.875,1.0,1.0,0.0,3.0,1789.75,2.0,85
78,0,85:102521,mixed,102521,hotpotqa,1,0.125,1.0,1.0,0.0,1.875,1046.75,2.0,85
78,0,85:166436,mixed,166436,hotpotqa,3,0.375,3.625,3.0,0.0,3.75,1896.125,4.625,85
78,0,85:98863,mixed,98863,hotpotqa,6,0.75,4.5,3.6666666666666665,4.0,5.5,3246.0,5.5,85
79,0,86:167265,mixed,167265,hotpotqa,1,0.125,3.0,3.0,0.0,3.0,1973.875,4.0,86
79,0,86:76214,mixed,76214,nq,1,0.125,1.0,1.0,0.0,2.0,1258.75,2.0,86
79,0,87:145288,mixed,145288,hotpotqa,5,0.625,3.875,4.0,0.0,3.875,2636.625,4.875,87
79,0,88:133649,mixed,133649,hotpotqa,1,0.125,2.0,2.0,0.0,2.0,1378.5,3.0,88
79,0,88:7462,mixed,7462,nq,5,0.625,2.625,2.4,1.0,2.625,1655.625,3.625,88
79,0,88:36279,mixed,36279,nq,1,0.125,2.125,3.0,0.0,2.125,1463.75,3.125,88
79,0,88:95756,mixed,95756,hotpotqa,7,0.875,2.0,2.0,0.0,3.0,1818.5,3.0,88
79,0,89:32042,mixed,32042,nq,2,0.25,1.0,1.0,0.0,2.0,1281.25,2.0,89
79,0,90:47028,mixed,47028,nq,5,0.625,3.0,3.0,0.0,4.0,2499.75,4.0,90
79,0,90:91379,mixed,91379,hotpotqa,6,0.75,1.0,1.0,0.0,2.0,1315.75,2.0,90
79,0,90:67684,mixed,67684,nq,7,0.875,1.125,1.0,0.0,1.125,907.75,2.125,90
79,0,90:106577,mixed,106577,hotpotqa,6,0.75,2.0,2.0,0.0,2.0,1380.5,3.0,90
79,0,90:105013,mixed,105013,hotpotqa,6,0.75,1.0,1.0,0.0,2.0,1246.0,2.0,90
79,0,90:31865,mixed,31865,nq,3,0.375,1.0,1.0,0.0,1.0,678.25,2.0,90
79,0,91:80372,mixed,80372,hotpotqa,4,0.5,1.0,1.0,0.0,2.0,1300.5,2.0,91
79,0,91:156681,mixed,156681,hotpotqa,3,0.375,1.375,2.0,0.0,2.375,1826.125,2.375,91
79,0,91:143616,mixed,143616,hotpotqa,3,0.375,2.375,3.0,0.0,2.375,1500.375,3.375,91
79,0,91:33552,mixed,33552,nq,5,0.625,2.625,3.0,0.0,2.625,1670.75,3.625,91
79,0,92:52777,mixed,52777,nq,4,0.5,1.0,1.0,0.0,2.0,1213.5,2.0,92
79,0,92:132611,mixed,132611,hotpotqa,3,0.375,2.0,2.0,0.0,4.0,2521.375,3.0,92
79,0,92:124976,mixed,124976,hotpotqa,5,0.625,1.125,1.2,1.0,3.25,2022.25,2.125,92
79,0,92:108383,mixed,108383,hotpotqa,1,0.125,2.0,2.0,0.0,2.0,1152.375,3.0,92
79,0,92:129117,mixed,129117,hotpotqa,5,0.625,1.625,2.0,0.0,2.625,1695.0,2.625,92
79,0,93:10578,mixed,10578,nq,1,0.125,3.0,3.0,0.0,3.0,1855.625,4.0,93
79,0,93:108043,mixed,108043,hotpotqa,1,0.125,2.0,2.0,0.0,2.0,1382.125,3.0,93
79,0,93:153787,mixed,153787,hotpotqa,2,0.25,1.0,1.0,0.0,2.0,1427.5,2.0,93
79,0,93:39137,mixed,39137,nq,6,0.75,2.375,2.5,1.0,2.375,1728.875,3.375,93
79,0,94:113394,mixed,113394,hotpotqa,4,0.5,2.0,2.0,0.0,3.0,1903.375,3.0,94
79,0,94:141369,mixed,141369,hotpotqa,7,0.875,1.25,1.0,0.0,2.125,1289.625,2.25,94
79,0,94:130606,mixed,130606,hotpotqa,7,0.875,2.0,2.0,0.0,2.0,1376.125,3.0,94
79,0,94:84835,mixed,84835,hotpotqa,7,0.875,1.25,1.0,0.0,2.25,1543.25,2.25,94
79,0,95:88118,mixed,88118,hotpotqa,7,0.875,1.625,1.2857142857142858,1.0,2.625,1518.0,2.625,95
80,0,96:65654,mixed,65654,nq,4,0.5,1.0,1.0,0.0,3.0,1824.0,2.0,96
80,0,97:30723,mixed,30723,nq,7,0.875,2.0,2.0,0.0,3.0,1915.625,3.0,97
80,0,97:26842,mixed,26842,nq,2,0.25,1.0,1.0,0.0,2.0,1114.625,2.0,97
80,0,97:157641,mixed,157641,hotpotqa,2,0.25,2.0,2.0,0.0,3.0,1851.75,3.0,97
80,0,97:48805,mixed,48805,nq,1,0.125,1.875,1.0,0.0,2.125,1334.375,2.875,97
80,0,97:127870,mixed,127870,hotpotqa,7,0.875,1.0,1.0,0.0,3.0,1768.0,2.0,97
80,0,98:145508,mixed,145508,hotpotqa,1,0.125,3.0,3.0,0.0,3.0,1790.0,4.0,98
80,0,98:9927,mixed,9927,nq,6,0.75,1.0,1.0,0.0,2.0,1252.25,2.0,98
80,0,99:50856,mixed,50856,nq,1,0.125,2.875,2.0,0.0,3.875,2326.0,3.875,99
80,0,99:158817,mixed,158817,hotpotqa,6,0.75,2.0,2.0,0.0,3.0,1886.5,3.0,99
80,0,99:7796,mixed,7796,nq,7,0.875,1.0,1.0,0.0,2.0,1380.625,2.0,99
80,0,100:134671,mixed,134671,hotpotqa,4,0.5,1.5,2.0,0.0,2.5,1657.0,2.5,100
80,0,100:19311,mixed,19311,nq,2,0.25,1.0,1.0,0.0,1.0,759.25,2.0,100
80,0,100:10409,mixed,10409,nq,6,0.75,1.0,1.0,0.0,2.0,1166.0,2.0,100
80,0,100:159942,mixed,159942,hotpotqa,6,0.75,3.0,3.0,0.0,3.0,1971.75,4.0,100
80,0,100:35315,mixed,35315,nq,7,0.875,2.125,2.0,0.0,3.125,1875.875,3.125,100
80,0,100:5689,mixed,5689,nq,4,0.5,2.0,2.0,0.0,2.0,1398.5,3.0,100
80,0,101:22296,mixed,22296,nq,5,0.625,1.0,1.0,0.0,2.0,1239.875,2.0,101
80,0,101:125903,mixed,125903,hotpotqa,1,0.125,2.0,2.0,0.0,2.0,1252.25,3.0,101
80,0,101:24235,mixed,24235,nq,4,0.5,1.0,1.0,0.0,1.5,1060.5,2.0,101
80,0,102:88163,mixed,88163,hotpotqa,4,0.5,1.5,2.0,0.0,2.0,1287.0,2.5,102
80,0,103:12760,mixed,12760,nq,7,0.875,1.0,1.0,0.0,2.0,1280.25,2.0,103
80,0,103:101345,mixed,101345,hotpotqa,6,0.75,2.0,2.0,0.0,2.0,1307.5,3.0,103
80,0,104:18295,mixed,18295,nq,4,0.5,1.0,1.0,0.0,1.0,763.0,2.0,104
80,0,104:28877,mixed,28877,nq,7,0.875,1.125,1.0,0.0,1.125,845.0,2.125,104
80,0,104:95394,mixed,95394,hotpotqa,3,0.375,2.375,3.0,0.0,2.375,1536.125,3.375,104
80,0,105:150588,mixed,150588,hotpotqa,1,0.125,1.125,2.0,0.0,2.0,1286.875,2.125,105
80,0,105:132506,mixed,132506,hotpotqa,3,0.375,2.0,2.0,0.0,2.0,1307.875,3.0,105
80,0,105:165573,mixed,165573,hotpotqa,7,0.875,2.125,2.0,0.0,3.125,1953.375,3.125,105
80,0,106:81634,mixed,81634,hotpotqa,1,0.125,2.0,2.0,0.0,3.0,1848.0,3.0,106
80,0,106:112865,mixed,112865,hotpotqa,7,0.875,1.0,1.0,0.0,2.0,1247.5,2.0,106
80,0,106:158888,mixed,158888,hotpotqa,1,0.125,2.0,2.0,0.0,5.0,3076.125,3.0,106
81,0,107:152173,mixed,152173,hotpotqa,6,0.75,4.75,5.0,0.0,4.75,2660.5,5.75,107
81,0,107:52503,mixed,52503,nq,7,0.875,1.0,1.0,0.0,3.0,1693.625,2.0,107
81,0,107:5568,mixed,5568,nq,1,0.125,1.0,1.0,0.0,2.0,1158.75,2.0,107
81,0,107:157014,mixed,157014,hotpotqa,3,0.375,1.0,1.0,0.0,2.0,1398.125,2.0,107
81,0,108:40012,mixed,40012,nq,7,0.875,1.0,1.0,0.0,3.0,1746.625,2.0,108
81,0,108:18156,mixed,18156,nq,7,0.875,1.125,1.0,0.0,1.125,829.625,2.125,108
81,0,109:139995,mixed,139995,hotpotqa,1,0.125,1.125,2.0,0.0,1.125,841.125,2.125,109
81,0,109:61016,mixed,61016,nq,2,0.25,3.0,3.0,0.0,3.0,1944.25,4.0,109
81,0,110:98845,mixed,98845,hotpotqa,3,0.375,1.0,1.0,0.0,1.0,854.25,2.0,110
81,0,110:212,mixed,212,nq,1,0.125,1.0,1.0,0.0,3.0,1752.25,2.0,110
81,0,110:150463,mixed,150463,hotpotqa,7,0.875,3.875,4.0,0.0,3.875,2663.5,4.875,110
81,0,110:64496,mixed,64496,nq,1,0.125,1.0,1.0,0.0,1.0,721.625,2.0,110
81,0,111:72782,mixed,72782,nq,6,0.75,2.25,2.0,0.0,2.25,1439.25,3.25,111
81,0,112:41403,mixed,41403,nq,7,0.875,1.0,1.0,0.0,1.0,676.75,2.0,112
81,0,112:38982,mixed,38982,nq,4,0.5,3.0,3.0,0.0,3.0,1803.0,4.0,112
81,0,112:44501,mixed,44501,nq,4,0.5,3.0,3.0,0.0,4.0,2122.0,4.0,112
81,0,113:59385,mixed,59385,nq,2,0.25,1.0,1.0,0.0,2.0,1347.75,2.0,113
81,0,113:15594,mixed,15594,nq,2,0.25,1.0,1.0,0.0,4.0,1997.5,2.0,113
81,0,114:50085,mixed,50085,nq,1,0.125,1.0,1.0,0.0,2.0,1365.75,2.0,114
81,0,114:29656,mixed,29656,nq,7,0.875,1.0,1.0,0.0,2.0,1263.125,2.0,114
81,0,114:154905,mixed,154905,hotpotqa,1,0.125,1.0,1.0,0.0,2.0,1279.5,2.0,114
81,0,114:119695,mixed,119695,hotpotqa,2,0.25,6.75,6.0,0.0,6.75,4149.75,7.75,114
81,0,115:1560,mixed,1560,nq,3,0.375,6.25,5.0,0.0,6.25,3458.5,7.25,115
81,0,115:100357,mixed,100357,hotpotqa,1,0.125,1.0,1.0,0.0,2.0,1245.625,2.0,115
81,0,115:71434,mixed,71434,nq,2,0.25,2.0,2.0,0.0,2.0,1281.0,3.0,115
81,0,116:156089,mixed,156089,hotpotqa,3,0.375,6.625,6.0,0.0,7.625,3496.75,7.625,116
81,0,116:79796,mixed,79796,hotpotqa,2,0.25,3.0,3.0,0.0,3.0,1885.75,4.0,116
81,0,117:169255,mixed,169255,hotpotqa,1,0.125,2.0,2.0,0.0,3.75,2334.75,3.0,117
81,0,118:146669,mixed,146669,hotpotqa,1,0.125,1.0,1.0,0.0,2.0,1302.375,2.0,118
81,0,118:163531,mixed,163531,hotpotqa,7,0.875,1.0,1.0,0.0,2.0,1301.25,2.0,118
81,0,118:11752,mixed,11752,nq,5,0.625,1.0,1.0,0.0,1.625,1075.0,2.0,118
81,0,118:1261,mixed,1261,nq,7,0.875,4.0,4.0,0.0,4.0,2650.625,5.0,118
82,0,119:26460,mixed,26460,nq,3,0.375,5.875,5.666666666666667,4.0,6.875,3843.625,6.875,119
82,0,120:81743,mixed,81743,hotpotqa,3,0.375,1.0,1.0,0.0,2.0,1307.75,2.0,120
82,0,120:76817,mixed,76817,nq,1,0.125,1.0,1.0,0.0,3.0,1556.375,2.0,120
82,0,120:3138,mixed,3138,nq,1,0.125,1.125,2.0,0.0,1.125,867.375,2.125,120
82,0,120:88192,mixed,88192,hotpotqa,7,0.875,6.125,6.0,0.0,6.125,3956.625,7.125,120
82,0,120:18827,mixed,18827,nq,4,0.5,1.0,1.0,0.0,2.0,1230.5,2.0,120
82,0,120:89801,mixed,89801,hotpotqa,2,0.25,1.0,1.0,0.0,2.0,1281.25,2.0,120
82,0,121:60008,mixed,60008,nq,1,0.125,3.0,3.0,0.0,3.0,2016.25,4.0,121
82,0,122:32811,mixed,32811,nq,3,0.375,2.0,2.0,0.0,3.25,1950.0,3.0,122
82,0,122:133154,mixed,133154,hotpotqa,3,0.375,2.0,2.0,0.0,2.0,1285.125,3.0,122
82,0,122:72956,mixed,72956,nq,3,0.375,2.75,4.0,0.0,2.75,1735.875,3.75,122
82,0,122:99291,mixed,99291,hotpotqa,2,0.25,2.75,2.0,0.0,2.75,1779.5,3.75,122
82,0,123:124482,mixed,124482,hotpotqa,1,0.125,1.75,2.0,0.0,1.75,1177.125,2.75,123
82,0,123:64972,mixed,64972,nq,4,0.5,1.0,1.0,0.0,2.0,1053.0,2.0,123
82,0,123:133039,mixed,133039,hotpotqa,7,0.875,1.0,1.0,0.0,2.0,1433.0,2.0,123
82,0,125:88084,mixed,88084,hotpotqa,5,0.625,1.0,1.0,0.0,2.0,1217.5,2.0,125
82,0,125:168137,mixed,168137,hotpotqa,3,0.375,1.0,1.0,0.0,2.0,1234.5,2.0,125
82,0,125:160155,mixed,160155,hotpotqa,6,0.75,1.25,1.0,0.0,1.25,1082.5,2.25,125
82,0,126:114888,mixed,114888,hotpotqa,5,0.625,1.375,1.0,0.0,1.5,973.5,2.375,126
82,0,126:21695,mixed,21695,nq,1,0.125,3.5,3.0,0.0,3.5,2015.5,4.5,126
82,0,126:62028,mixed,62028,nq,1,0.125,2.875,2.0,0.0,3.875,2409.375,3.875,126
82,0,126:148086,mixed,148086,hotpotqa,1,0.125,1.125,2.0,0.0,2.125,1410.25,2.125,126
82,0,127:18280,mixed,18280,nq,4,0.5,1.5,1.0,0.0,2.5,1549.5,2.5,127
82,0,127:8340,mixed,8340,nq,1,0.125,1.0,1.0,0.0,2.0,1337.125,2.0,127
82,0,127:122048,mixed,122048,hotpotqa,1,0.125,2.0,2.0,0.0,2.0,1357.375,3.0,127
82,0,127:142894,mixed,142894,hotpotqa,7,0.875,1.875,2.0,0.0,1.875,1154.75,2.875,127
82,0,128:79795,mixed,79795,hotpotqa,2,0.25,3.75,3.0,0.0,3.75,2167.25,4.75,128
82,0,128:34113,mixed,34113,nq,7,0.875,1.0,1.0,0.0,2.0,1313.125,2.0,128
82,0,128:112968,mixed,112968,hotpotqa,1,0.125,3.0,3.0,0.0,3.0,1688.125,4.0,128
82,0,128:124683,mixed,124683,hotpotqa,7,0.875,2.0,2.0,0.0,3.0,1835.875,3.0,128
82,0,128:165313,mixed,165313,hotpotqa,2,0.25,3.0,3.0,0.0,4.0,2895.75,4.0,128
82,0,129:23474,mixed,23474,nq,2,0.25,1.0,1.0,0.0,2.0,1291.0,2.0,129
83,0,130:136433,mixed,136433,hotpotqa,6,0.75,1.0,1.0,0.0,2.0,1257.75,2.0,130
83,0,130:130702,mixed,130702,hotpotqa,4,0.5,1.0,1.0,0.0,4.0,2601.625,2.0,130
83,0,131:37836,mixed,37836,nq,2,0.25,1.0,1.0,0.0,3.0,1618.0,2.0,131
83,0,131:47675,mixed,47675,nq,6,0.75,2.0,2.0,0.0,2.0,1543.5,3.0,131
83,0,131:37919,mixed,37919,nq,7,0.875,1.0,1.0,0.0,2.0,1294.375,2.0,131
83,0,131:58902,mixed,58902,nq,2,0.25,1.25,2.0,0.0,2.25,1395.0,2.25,131
83,0,131:59330,mixed,59330,nq,1,0.125,1.0,1.0,0.0,1.0,771.375,2.0,131
83,0,132:144937,mixed,144937,hotpotqa,4,0.5,1.0,1.0,0.0,2.0,1259.75,2.0,132
83,0,132:105920,mixed,105920,hotpotqa,4,0.5,2.5,2.0,0.0,2.5,1562.375,3.5,132
83,0,132:123146,mixed,123146,hotpotqa,2,0.25,2.0,2.0,0.0,2.0,1330.5,3.0,132
83,0,132:82907,mixed,82907,hotpotqa,2,0.25,1.25,2.0,0.0,2.0,1391.875,2.25,132
83,0,133:96446,mixed,96446,hotpotqa,7,0.875,2.0,2.0,0.0,2.0,1233.375,3.0,133
83,0,134:61050,mixed,61050,nq,7,0.875,1.0,1.0,0.0,2.0,1253.5,2.0,134
83,0,134:167151,mixed,167151,hotpotqa,6,0.75,2.25,2.0,0.0,2.25,1248.875,3.25,134
83,0,134:98584,mixed,98584,hotpotqa,1,0.125,3.875,3.0,0.0,5.875,3446.125,4.875,134
83,0,135:128816,mixed,128816,hotpotqa,1,0.125,2.0,2.0,0.0,2.0,1358.125,3.0,135
83,0,135:157774,mixed,157774,hotpotqa,7,0.875,1.875,2.0,0.0,2.875,1406.375,2.875,135
83,0,136:43736,mixed,43736,nq,5,0.625,1.0,1.0,0.0,2.0,1317.625,2.0,136
83,0,137:81479,mixed,81479,hotpotqa,6,0.75,2.0,2.0,0.0,3.0,1905.25,3.0,137
83,0,138:146953,mixed,146953,hotpotqa,6,0.75,1.0,1.0,0.0,2.0,1435.75,2.0,138
83,0,138:150679,mixed,150679,hotpotqa,5,0.625,3.0,3.0,0.0,3.0,2002.5,4.0,138
83,0,138:143436,mixed,143436,hotpotqa,5,0.625,2.0,2.0,0.0,2.625,1579.5,3.0,138
83,0,139:46468,mixed,46468,nq,4,0.5,3.0,3.0,0.0,4.0,2459.0,4.0,139
83,0,140:36938,mixed,36938,nq,1,0.125,3.125,4.0,0.0,3.125,1956.375,4.125,140
83,0,141:88841,mixed,88841,hotpotqa,3,0.375,1.375,2.0,0.0,1.75,1165.625,2.375,141
83,0,142:145211,mixed,145211,hotpotqa,3,0.375,1.875,1.6666666666666667,1.0,2.875,1977.375,2.875,142
83,0,142:138553,mixed,138553,hotpotqa,4,0.5,2.5,3.0,0.0,2.5,1548.25,3.5,142
83,0,143:154591,mixed,154591,hotpotqa,2,0.25,4.375,4.0,0.0,4.375,2700.375,5.375,143
83,0,143:134341,mixed,134341,hotpotqa,3,0.375,2.0,2.0,0.0,2.0,1467.25,3.0,143
83,0,143:36447,mixed,36447,nq,5,0.625,1.0,1.0,0.0,1.0,739.75,2.0,143
83,0,143:102561,mixed,102561,hotpotqa,6,0.75,3.125,3.1666666666666665,1.0,4.125,3159.375,4.125,143
83,0,143:37505,mixed,37505,nq,6,0.75,2.75,2.0,0.0,2.75,1550.5,3.75,143
84,0,144:130654,mixed,130654,hotpotqa,3,0.375,2.0,2.0,0.0,2.0,1381.125,3.0,144
84,0,144:85355,mixed,85355,hotpotqa,1,0.125,2.0,2.0,0.0,2.0,1303.625,3.0,144
84,0,144:61397,mixed,61397,nq,3,0.375,4.0,4.0,0.0,4.0,2497.625,5.0,144
84,0,144:6298,mixed,6298,nq,1,0.125,3.875,3.0,0.0,3.875,2417.375,4.875,144
84,0,144:154471,mixed,154471,hotpotqa,5,0.625,2.625,3.0,0.0,3.625,2062.75,3.625,144
84,0,145:119925,mixed,119925,hotpotqa,3,0.375,1.0,1.0,0.0,2.0,1268.125,2.0,145
84,0,145:150799,mixed,150799,hotpotqa,5,0.625,4.0,4.0,0.0,5.0,2243.0,5.0,145
84,0,146:7698,mixed,7698,nq,6,0.75,2.0,2.0,0.0,2.0,1263.0,3.0,146
84,0,146:116047,mixed,116047,hotpotqa,7,0.875,2.0,2.0,0.0,3.0,1726.0,3.0,146
84,0,147:64019,mixed,64019,nq,6,0.75,1.0,1.0,0.0,1.75,1122.875,2.0,147
84,0,147:86455,mixed,86455,hotpotqa,2,0.25,1.25,2.0,0.0,2.25,1558.75,2.25,147
84,0,148:78920,mixed,78920,nq,3,0.375,2.875,2.6666666666666665,1.0,2.875,1808.5,3.875,148
84,0,148:143334,mixed,143334,hotpotqa,3,0.375,1.0,1.0,0.0,2.0,1500.75,2.0,148
84,0,149:68254,mixed,68254,nq,5,0.625,1.75,1.0,0.0,2.125,1411.125,2.75,149
84,0,149:37008,mixed,37008,nq,3,0.375,1.0,1.0,0.0,2.0,1384.125,2.0,149
84,0,150:13595,mixed,13595,nq,4,0.5,1.5,1.0,0.0,2.5,1496.75,2.5,150
84,0,150:25320,mixed,25320,nq,2,0.25,1.0,1.0,0.0,2.0,1244.5,2.0,150
84,0,150:65189,mixed,65189,nq,7,0.875,2.0,2.0,0.0,2.0,1336.125,3.0,150
84,0,151:85692,mixed,85692,hotpotqa,3,0.375,4.125,4.0,0.0,4.125,2502.875,5.125,151
84,0,151:55962,mixed,55962,nq,1,0.125,2.0,2.0,0.0,2.0,1301.75,3.0,151
84,0,151:115950,mixed,115950,hotpotqa,2,0.25,2.0,2.0,0.0,2.0,1362.5,3.0,151
84,0,151:78999,mixed,78999,nq,6,0.75,1.0,1.0,0.0,2.0,1223.0,2.0,151
84,0,151:168941,mixed,168941,hotpotqa,3,0.375,2.0,2.0,0.0,2.0,1346.5,3.0,151
84,0,151:135107,mixed,135107,hotpotqa,2,0.25,1.0,1.0,0.0,2.0,1298.5,2.0,151
84,0,152:131185,mixed,131185,hotpotqa,1,0.125,3.875,3.0,0.0,3.875,2327.5,4.875,152
84,0,152:31702,mixed,31702,nq,7,0.875,2.875,3.0,0.0,2.875,1936.125,3.875,152
84,0,152:168132,mixed,168132,hotpotqa,6,0.75,1.0,1.0,0.0,2.0,1399.25,2.0,152
84,0,152:18320,mixed,18320,nq,6,0.75,1.5,1.0,0.0,2.25,1484.5,2.5,152
84,0,152:105618,mixed,105618,hotpotqa,4,0.5,1.0,1.0,0.0,2.0,1328.5,2.0,152
84,0,152:139212,mixed,139212,hotpotqa,5,0.625,4.5,3.0,0.0,6.5,3762.875,5.5,152
84,0,153:63608,mixed,63608,nq,4,0.5,1.0,1.0,0.0,3.0,1789.0,2.0,153
84,0,153:24047,mixed,24047,nq,3,0.375,1.375,2.0,0.0,2.375,1523.5,2.375,153
85,0,154:152901,mixed,152901,hotpotqa,2,0.25,5.125,7.0,0.0,5.125,3009.125,6.125,154
85,0,154:112675,mixed,112675,hotpotqa,2,0.25,2.0,2.0,0.0,3.0,1914.5,3.0,154
85,0,155:52194,mixed,52194,nq,2,0.25,1.0,1.0,0.0,2.0,1274.5,2.0,155
85,0,155:19333,mixed,19333,nq,7,0.875,2.0,2.0,0.0,2.0,1298.875,3.0,155
85,0,156:145894,mixed,145894,hotpotqa,7,0.875,2.0,2.0,0.0,2.0,1344.875,3.0,156
85,0,156:124790,mixed,124790,hotpotqa,7,0.875,1.0,1.0,0.0,2.0,1376.875,2.0,156
85,0,156:167260,mixed,167260,hotpotqa,4,0.5,1.0,1.0,0.0,2.0,1271.5,2.0,156
85,0,157:136299,mixed,136299,hotpotqa,6,0.75,2.75,3.0,0.0,3.75,2331.75,3.75,157
85,0,158:85251,mixed,85251,hotpotqa,7,0.875,2.0,2.0,0.0,3.0,1832.625,3.0,158
85,0,158:1917,mixed,1917,nq,3,0.375,4.625,4.666666666666667,1.0,9.625,4752.0,5.625,158
85,0,158:91092,mixed,91092,hotpotqa,7,0.875,2.0,2.0,0.0,2.0,1397.375,3.0,158
85,0,158:81166,mixed,81166,hotpotqa,7,0.875,2.0,2.0,0.0,2.0,1395.375,3.0,158
85,0,159:51912,mixed,51912,nq,7,0.875,1.0,1.0,0.0,3.0,1940.25,2.0,159
85,0,159:5684,mixed,5684,nq,4,0.5,1.0,1.0,0.0,1.5,1126.5,2.0,159
85,0,160:13069,mixed,13069,nq,3,0.375,1.0,1.0,0.0,2.0,1321.0,2.0,160
85,0,161:18113,mixed,18113,nq,5,0.625,2.0,2.0,0.0,2.0,1272.625,3.0,161
85,0,161:75177,mixed,75177,nq,7,0.875,1.0,1.0,0.0,1.0,716.75,2.0,161
85,0,161:128299,mixed,128299,hotpotqa,7,0.875,2.125,2.0,0.0,2.375,1549.5,3.125,161
85,0,161:161717,mixed,161717,hotpotqa,7,0.875,2.0,2.0,0.0,2.0,1204.5,3.0,161
85,0,161:12776,mixed,12776,nq,1,0.125,1.0,1.0,0.0,2.0,1169.25,2.0,161
85,0,161:60543,mixed,60543,nq,3,0.375,1.0,1.0,0.0,2.0,1341.875,2.0,161
85,0,162:66835,mixed,66835,nq,7,0.875,1.0,1.0,0.0,2.0,1265.125,2.0,162
85,0,162:151957,mixed,151957,hotpotqa,6,0.75,2.0,2.0,0.0,2.0,1278.875,3.0,162
85,0,163:6489,mixed,6489,nq,4,0.5,1.0,1.0,0.0,2.0,1234.0,2.0,163
85,0,163:158601,mixed,158601,hotpotqa,2,0.25,1.0,1.0,0.0,2.0,1352.25,2.0,163
85,0,163:162117,mixed,162117,hotpotqa,4,0.5,2.5,3.0,0.0,3.5,2300.5,3.5,163
85,0,163:66138,mixed,66138,nq,1,0.125,1.0,1.0,0.0,2.0,1267.5,2.0,163
85,0,164:161223,mixed,161223,hotpotqa,7,0.875,2.0,2.0,0.0,3.0,1809.375,3.0,164
85,0,164:88555,mixed,88555,hotpotqa,3,0.375,1.0,1.0,0.0,2.0,1366.625,2.0,164
85,0,164:40310,mixed,40310,nq,2,0.25,1.0,1.0,0.0,2.0,1141.0,2.0,164
85,0,164:153723,mixed,153723,hotpotqa,7,0.875,3.0,3.0,0.0,3.0,2245.75,4.0,164
85,0,164:144798,mixed,144798,hotpotqa,4,0.5,1.0,1.0,0.0,2.0,1319.0,2.0,164
86,0,165:30783,mixed,30783,nq,1,0.125,1.0,1.0,0.0,2.0,1309.875,2.0,165
86,0,165:93006,mixed,93006,hotpotqa,3,0.375,2.0,2.0,0.0,2.0,1391.875,3.0,165
86,0,166:45806,mixed,45806,nq,6,0.75,4.25,4.0,0.0,5.25,3120.25,5.25,166
86,0,166:108992,mixed,108992,hotpotqa,2,0.25,2.0,2.0,0.0,2.0,1345.5,3.0,166
86,0,166:74536,mixed,74536,nq,3,0.375,1.0,1.0,0.0,1.0,665.875,2.0,166
86,0,167:78012,mixed,78012,nq,7,0.875,2.0,2.0,0.0,2.0,1411.25,3.0,167
86,0,167:38758,mixed,38758,nq,7,0.875,1.0,1.0,0.0,2.0,1113.125,2.0,167
86,0,167:60546,mixed,60546,nq,6,0.75,3.0,3.0,0.0,4.0,2499.75,4.0,167
86,0,167:33759,mixed,33759,nq,1,0.125,1.0,1.0,0.0,4.0,2257.125,2.0,167
86,0,167:122773,mixed,122773,hotpotqa,5,0.625,2.5,2.8,1.0,2.5,1751.125,3.5,167
86,0,168:110392,mixed,110392,hotpotqa,5,0.625,2.0,2.0,0.0,3.0,2019.125,3.0,168
86,0,168:19062,mixed,19062,nq,7,0.875,1.0,1.0,0.0,2.0,1221.875,2.0,168
86,0,168:139258,mixed,139258,hotpotqa,3,0.375,1.0,1.0,0.0,2.0,1353.25,2.0,168
86,0,169:103585,mixed,103585,hotpotqa,7,0.875,1.0,1.0,0.0,1.0,770.75,2.0,169
86,0,169:128302,mixed,128302,hotpotqa,5,0.625,1.625,2.0,0.0,2.625,1572.875,2.625,169
86,0,171:112970,mixed,112970,hotpotqa,3,0.375,2.0,2.0,0.0,3.0,1972.0,3.0,171
86,0,171:159193,mixed,159193,hotpotqa,6,0.75,1.625,1.8333333333333333,1.0,2.625,1671.125,2.625,171
86,0,171:64409,mixed,64409,nq,2,0.25,1.0,1.0,0.0,2.0,1321.75,2.0,171
86,0,171:128652,mixed,128652,hotpotqa,4,0.5,1.0,1.0,0.0,3.0,1944.625,2.0,171
86,0,172:40446,mixed,40446,nq,6,0.75,1.0,1.0,0.0,2.0,1231.0,2.0,172
86,0,172:19914,mixed,19914,nq,4,0.5,1.5,2.0,0.0,2.5,1571.0,2.5,172
86,0,172:119913,mixed,119913,hotpotqa,2,0.25,2.0,2.0,0.0,2.0,1280.25,3.0,172
86,0,172:61158,mixed,61158,nq,7,0.875,1.0,1.0,0.0,2.0,1284.75,2.0,172
86,0,173:40646,mixed,40646,nq,6,0.75,1.0,1.0,0.0,1.0,681.75,2.0,173
86,0,173:31502,mixed,31502,nq,1,0.125,2.0,2.0,0.0,2.0,1296.5,3.0,173
86,0,173:13503,mixed,13503,nq,4,0.5,1.0,1.0,0.0,1.0,678.5,2.0,173
86,0,174:21172,mixed,21172,nq,4,0.5,2.0,2.0,0.0,3.0,1859.0,3.0,174
86,0,175:160551,mixed,160551,hotpotqa,1,0.125,1.125,2.0,0.0,2.125,1322.625,2.125,175
86,0,175:116298,mixed,116298,hotpotqa,3,0.375,1.0,1.0,0.0,2.0,1275.25,2.0,175
86,0,176:71315,mixed,71315,nq,5,0.625,3.0,3.0,0.0,4.0,2182.0,4.0,176
86,0,176:39532,mixed,39532,nq,1,0.125,1.0,1.0,0.0,2.0,1220.125,2.0,176
86,0,176:45301,mixed,45301,nq,5,0.625,1.0,1.0,0.0,2.0,1301.75,2.0,176
87,0,177:114287,mixed,114287,hotpotqa,1,0.125,2.75,2.0,0.0,2.75,1894.625,3.75,177
87,0,177:5376,mixed,5376,nq,7,0.875,1.125,1.0,0.0,1.125,866.125,2.125,177
87,0,177:168069,mixed,168069,hotpotqa,6,0.75,2.0,2.0,0.0,2.0,1284.0,3.0,177
87,0,177:99578,mixed,99578,hotpotqa,3,0.375,1.0,1.0,0.0,2.0,1135.625,2.0,177
87,0,177:161884,mixed,161884,hotpotqa,1,0.125,2.0,2.0,0.0,2.0,1342.25,3.0,177
87,0,178:31843,mixed,31843,nq,4,0.5,1.5,1.0,0.0,1.5,1159.0,2.5,178
87,0,178:149796,mixed,149796,hotpotqa,1,0.125,2.0,2.0,0.0,3.0,1866.0,3.0,178
87,0,178:53360,mixed,53360,nq,7,0.875,3.0,3.0,0.0,3.0,1950.375,4.0,178
87,0,179:88634,mixed,88634,hotpotqa,6,0.75,2.0,2.0,0.0,2.0,1456.75,3.0,179
87,0,179:2088,mixed,2088,nq,5,0.625,1.375,1.0,0.0,1.375,849.125,2.375,179
87,0,179:112478,mixed,112478,hotpotqa,6,0.75,1.0,1.0,0.0,2.0,1278.25,2.0,179
87,0,179:122130,mixed,122130,hotpotqa,4,0.5,3.0,3.0,0.0,3.0,1871.0,4.0,179
87,0,179:879,mixed,879,nq,3,0.375,1.0,1.0,0.0,1.0,771.375,2.0,179
87,0,180:160366,mixed,160366,hotpotqa,1,0.125,2.0,2.0,0.0,2.0,1337.25,3.0,180
87,0,180:130018,mixed,130018,hotpotqa,7,0.875,2.0,2.0,0.0,2.0,1392.875,3.0,180
87,0,180:107329,mixed,107329,hotpotqa,1,0.125,2.125,3.0,0.0,3.125,2046.0,3.125,180
87,0,181:129494,mixed,129494,hotpotqa,6,0.75,1.0,1.0,0.0,2.0,1309.75,2.0,181
87,0,181:8848,mixed,8848,nq,1,0.125,1.0,1.0,0.0,2.875,1813.5,2.0,181
87,0,181:55990,mixed,55990,nq,7,0.875,1.125,1.0,0.0,2.125,1375.125,2.125,181
87,0,182:123870,mixed,123870,hotpotqa,2,0.25,2.0,2.0,0.0,3.0,2075.25,3.0,182
87,0,182:72134,mixed,72134,nq,1,0.125,1.0,1.0,0.0,2.0,1308.375,2.0,182
87,0,182:27709,mixed,27709,nq,6,0.75,1.0,1.0,0.0,2.0,1269.5,2.0,182
87,0,183:122781,mixed,122781,hotpotqa,2,0.25,1.0,1.0,0.0,2.0,1380.5,2.0,183
87,0,184:141317,mixed,141317,hotpotqa,4,0.5,3.5,4.0,0.0,3.5,2322.25,4.5,184
87,0,184:86618,mixed,86618,hotpotqa,2,0.25,1.0,1.0,0.0,1.0,723.5,2.0,184
87,0,185:81479,mixed,81479,hotpotqa,7,0.875,2.0,2.0,0.0,2.0,1349.875,3.0,185
87,0,185:151872,mixed,151872,hotpotqa,4,0.5,1.0,1.0,0.0,2.0,1342.0,2.0,185
87,0,185:158208,mixed,158208,hotpotqa,1,0.125,2.0,2.0,0.0,2.0,1254.25,3.0,185
87,0,185:61275,mixed,61275,nq,1,0.125,2.75,4.0,0.0,2.75,1689.25,3.75,185
87,0,186:5619,mixed,5619,nq,3,0.375,1.0,1.0,0.0,2.0,1299.0,2.0,186
87,0,187:94983,mixed,94983,hotpotqa,7,0.875,2.0,2.0,0.0,3.0,1756.75,3.0,187
87,0,188:105453,mixed,105453,hotpotqa,5,0.625,2.0,2.0,0.0,2.0,1264.5,3.0,188
88,0,189:101616,mixed,101616,hotpotqa,4,0.5,4.5,5.0,0.0,4.5,2807.0,5.5,189
88,0,189:43908,mixed,43908,nq,7,0.875,1.0,1.0,0.0,2.0,1171.0,2.0,189
88,0,190:95418,mixed,95418,hotpotqa,1,0.125,4.0,4.0,0.0,4.0,2427.125,5.0,190
88,0,190:9037,mixed,9037,nq,2,0.25,3.0,3.0,0.0,3.0,1736.75,4.0,190
88,0,191:20795,mixed,20795,nq,7,0.875,1.0,1.0,0.0,2.0,1304.0,2.0,191
88,0,191:129954,mixed,129954,hotpotqa,7,0.875,1.0,1.0,0.0,2.0,1239.875,2.0,191
88,0,192:67389,mixed,67389,nq,6,0.75,3.0,3.0,0.0,4.0,2345.25,4.0,192
88,0,192:67786,mixed,67786,nq,7,0.875,2.0,2.0,0.0,2.0,1296.625,3.0,192
88,0,192:83871,mixed,83871,hotpotqa,5,0.625,3.375,3.0,0.0,3.375,1942.25,4.375,192
88,0,193:102752,mixed,102752,hotpotqa,6,0.75,1.0,1.0,0.0,2.0,1570.625,2.0,193
88,0,193:106705,mixed,106705,hotpotqa,4,0.5,2.0,2.0,0.0,2.0,1172.0,3.0,193
88,0,194:103561,mixed,103561,hotpotqa,3,0.375,2.0,2.0,0.0,2.0,1280.25,3.0,194
88,0,194:58589,mixed,58589,nq,1,0.125,3.25,1.0,0.0,4.375,2308.5,4.25,194
88,0,194:54338,mixed,54338,nq,2,0.25,2.0,2.0,0.0,3.0,1708.75,3.0,194
88,0,194:79806,mixed,79806,hotpotqa,5,0.625,1.0,1.0,0.0,2.0,1357.25,2.0,194
88,0,195:68290,mixed,68290,nq,4,0.5,1.0,1.0,0.0,3.0,1843.0,2.0,195
88,0,195:61935,mixed,61935,nq,2,0.25,1.0,1.0,0.0,1.0,691.5,2.0,195
88,0,196:55256,mixed,55256,nq,1,0.125,3.125,4.0,0.0,3.125,1960.5,4.125,196
88,0,196:81082,mixed,81082,hotpotqa,1,0.125,2.0,2.0,0.0,2.125,1364.375,3.0,196
88,0,198:102145,mixed,102145,hotpotqa,7,0.875,2.0,2.0,0.0,2.0,1315.375,3.0,198
88,0,198:156218,mixed,156218,hotpotqa,3,0.375,1.0,1.0,0.0,1.0,729.75,2.0,198
88,0,198:20646,mixed,20646,nq,7,0.875,3.25,3.0,0.0,4.25,2365.875,4.25,198
88,0,198:49941,mixed,49941,nq,7,0.875,2.0,2.0,0.0,2.0,1281.5,3.0,198
88,0,199:63652,mixed,63652,nq,5,0.625,1.0,1.0,0.0,2.0,1390.25,2.0,199
88,0,199:18401,mixed,18401,nq,7,0.875,1.0,1.0,0.0,2.0,1294.5,2.0,199
88,0,199:81777,mixed,81777,hotpotqa,4,0.5,1.0,1.0,0.0,2.0,1249.0,2.0,199
88,0,200:148736,mixed,148736,hotpotqa,1,0.125,7.0,7.0,0.0,7.0,3811.25,8.0,200
88,0,200:150494,mixed,150494,hotpotqa,2,0.25,1.0,1.0,0.0,3.0,1715.5,2.0,200
88,0,201:10510,mixed,10510,nq,2,0.25,1.0,1.0,0.0,1.0,682.25,2.0,201
88,0,201:27842,mixed,27842,nq,6,0.75,3.0,3.0,0.0,3.0,1967.75,4.0,201
88,0,202:82778,mixed,82778,hotpotqa,6,0.75,1.125,1.0,0.0,2.125,1471.375,2.125,202
88,0,202:58552,mixed,58552,nq,1,0.125,1.0,1.0,0.0,1.0,749.5,2.0,202
89,0,203:104759,mixed,104759,hotpotqa,6,0.75,2.0,2.0,0.0,2.0,1267.25,3.0,203
89,0,204:39529,mixed,39529,nq,4,0.5,2.0,2.0,0.0,2.5,1113.0,3.0,204
89,0,204:158041,mixed,158041,hotpotqa,2,0.25,5.875,3.0,0.0,6.875,5163.375,6.875,204
89,0,204:98019,mixed,98019,hotpotqa,7,0.875,2.0,2.0,0.0,3.0,1933.125,3.0,204
89,0,205:19740,mixed,19740,nq,1,0.125,1.875,1.0,0.0,2.875,1771.125,2.875,205
89,0,205:168138,mixed,168138,hotpotqa,3,0.375,5.375,4.0,0.0,6.375,4042.75,6.375,205
89,0,205:156834,mixed,156834,hotpotqa,1,0.125,3.0,3.0,0.0,4.0,2519.25,4.0,205
89,0,205:62212,mixed,62212,nq,3,0.375,1.0,1.0,0.0,1.0,732.875,2.0,205
89,0,206:115387,mixed,115387,hotpotqa,5,0.625,1.0,1.0,0.0,2.0,1273.125,2.0,206
89,0,206:23056,mixed,23056,nq,6,0.75,2.0,2.0,0.0,2.0,1201.5,3.0,206
89,0,207:89859,mixed,89859,hotpotqa,3,0.375,1.0,1.0,0.0,2.0,1201.25,2.0,207
89,0,208:108540,mixed,108540,hotpotqa,5,0.625,1.0,1.0,0.0,1.0,780.75,2.0,208
89,0,208:30660,mixed,30660,nq,6,0.75,2.0,2.0,0.0,2.0,1214.125,3.0,208
89,0,208:116696,mixed,116696,hotpotqa,1,0.125,2.0,2.0,0.0,3.0,1746.0,3.0,208
89,0,208:105573,mixed,105573,hotpotqa,3,0.375,3.5,3.0,0.0,4.5,2395.625,4.5,208
89,0,208:138852,mixed,138852,hotpotqa,3,0.375,1.0,1.0,0.0,2.0,1276.0,2.0,208
89,0,209:152577,mixed,152577,hotpotqa,6,0.75,1.0,1.0,0.0,2.0,1334.75,2.0,209
89,0,209:29665,mixed,29665,nq,7,0.875,2.5,2.0,0.0,3.5,2265.5,3.5,209
89,0,209:133945,mixed,133945,hotpotqa,6,0.75,1.0,1.0,0.0,2.0,1271.75,2.0,209
89,0,209:28389,mixed,28389,nq,2,0.25,3.0,3.0,0.0,3.875,1981.25,4.0,209
89,0,209:151264,mixed,151264,hotpotqa,6,0.75,2.0,2.0,0.0,2.0,1519.0,3.0,209
89,0,209:149479,mixed,149479,hotpotqa,2,0.25,2.0,2.0,0.0,2.0,1254.75,3.0,209
89,0,209:139695,mixed,139695,hotpotqa,4,0.5,2.0,2.0,0.0,3.0,1755.0,3.0,209
89,0,209:120348,mixed,120348,hotpotqa,2,0.25,2.25,3.0,0.0,2.25,1526.25,3.25,209
89,0,209:76675,mixed,76675,nq,1,0.125,1.0,1.0,0.0,3.0,1864.0,2.0,209
89,0,209:115220,mixed,115220,hotpotqa,3,0.375,1.0,1.0,0.0,5.0,2946.75,2.0,209
89,0,210:140462,mixed,140462,hotpotqa,7,0.875,2.0,2.0,0.0,2.0,1296.375,3.0,210
89,0,210:128742,mixed,128742,hotpotqa,5,0.625,1.0,1.0,0.0,2.0,1394.75,2.0,210
89,0,212:42141,mixed,42141,nq,4,0.5,1.0,1.0,0.0,2.0,1311.0,2.0,212
89,0,212:116479,mixed,116479,hotpotqa,3,0.375,3.5,3.0,0.0,3.5,2233.125,4.5,212
89,0,213:71759,mixed,71759,nq,3,0.375,1.375,2.0,0.0,2.375,1440.75,2.375,213
89,0,213:165040,mixed,165040,hotpotqa,1,0.125,3.0,3.0,0.0,3.0,1896.375,4.0,213
90,0,214:117636,mixed,117636,hotpotqa,6,0.75,2.0,2.0,0.0,3.0,2046.0,3.0,214
90,0,214:23026,mixed,23026,nq,5,0.625,1.0,1.0,0.0,1.0,740.375,2.0,214
90,0,215:8447,mixed,8447,nq,5,0.625,1.0,1.0,0.0,2.0,1181.25,2.0,215
90,0,215:159830,mixed,159830,hotpotqa,5,0.625,1.0,1.0,0.0,2.0,1316.75,2.0,215
90,0,215:84835,mixed,84835,hotpotqa,3,0.375,2.625,2.0,0.0,3.625,2393.25,3.625,215
90,0,215:117883,mixed,117883,hotpotqa,5,0.625,2.625,3.0,0.0,3.625,2354.875,3.625,215
90,0,216:30650,mixed,30650,nq,3,0.375,1.0,1.0,0.0,3.375,1764.5,2.0,216
90,0,216:48531,mixed,48531,nq,1,0.125,1.0,1.0,0.0,2.0,1150.125,2.0,216
90,0,216:147345,mixed,147345,hotpotqa,1,0.125,1.375,2.0,0.0,2.0,1363.0,2.375,216
90,0,216:124577,mixed,124577,hotpotqa,3,0.375,1.0,1.0,0.0,2.0,1294.375,2.0,216
90,0,216:14009,mixed,14009,nq,5,0.625,1.0,1.0,0.0,1.0,678.875,2.0,216
90,0,217:151299,mixed,151299,hotpotqa,7,0.875,2.125,2.0,0.0,3.125,1440.25,3.125,217
90,0,217:166703,mixed,166703,hotpotqa,3,0.375,2.0,2.0,0.0,2.125,1519.875,3.0,217
90,0,217:69105,mixed,69105,nq,7,0.875,1.0,1.0,0.0,1.0,769.125,2.0,217
90,0,217:145442,mixed,145442,hotpotqa,7,0.875,1.125,1.0,0.0,2.125,1265.0,2.125,217
90,0,218:38580,mixed,38580,nq,4,0.5,2.0,2.0,0.0,3.0,1892.5,3.0,218
90,0,218:53908,mixed,53908,nq,4,0.5,1.0,1.0,0.0,2.0,1339.5,2.0,218
90,0,219:84313,mixed,84313,hotpotqa,2,0.25,1.75,1.0,0.0,2.75,1679.75,2.75,219
90,0,219:57923,mixed,57923,nq,2,0.25,2.0,2.0,0.0,3.0,1771.25,3.0,219
90,0,219:11795,mixed,11795,nq,7,0.875,2.0,2.0,0.0,2.0,1371.75,3.0,219
90,0,219:79438,mixed,79438,hotpotqa,4,0.5,1.0,1.0,0.0,2.0,1285.0,2.0,219
90,0,220:130642,mixed,130642,hotpotqa,7,0.875,2.0,2.0,0.0,2.0,1239.125,3.0,220
90,0,220:99703,mixed,99703,hotpotqa,2,0.25,1.0,1.0,0.0,2.0,1352.0,2.0,220
90,0,220:45337,mixed,45337,nq,1,0.125,1.125,2.0,0.0,2.125,1355.875,2.125,220
90,0,220:154691,mixed,154691,hotpotqa,3,0.375,1.0,1.0,0.0,2.0,1308.75,2.0,220
90,0,221:67081,mixed,67081,nq,4,0.5,1.0,1.0,0.0,1.875,1106.5,2.0,221
90,0,221:128645,mixed,128645,hotpotqa,5,0.625,1.375,1.0,0.0,1.375,1121.125,2.375,221
90,0,221:39471,mixed,39471,nq,4,0.5,2.25,3.0,0.0,2.25,1514.5,3.25,221
90,0,221:49054,mixed,49054,nq,3,0.375,2.0,2.0,0.0,2.0,1304.125,3.0,221
90,0,221:125728,mixed,125728,hotpotqa,2,0.25,6.5,5.0,0.0,6.5,3549.0,7.5,221
90,0,222:111713,mixed,111713,hotpotqa,2,0.25,1.0,1.0,0.0,2.0,1214.25,2.0,222
90,0,222:14121,mixed,14121,nq,6,0.75,2.0,2.0,0.0,2.0,1281.375,3.0,222
91,0,223:99708,mixed,99708,hotpotqa,7,0.875,2.0,2.0,0.0,2.0,1274.875,3.0,223
91,0,223:116718,mixed,116718,hotpotqa,6,0.75,3.0,3.0,0.0,4.0,2556.5,4.0,223
91,0,224:162599,mixed,162599,hotpotqa,5,0.625,2.75,2.0,0.0,2.75,1931.75,3.75,224
91,0,224:97971,mixed,97971,hotpotqa,3,0.375,2.0,2.0,0.0,2.0,1332.625,3.0,224
91,0,224:111084,mixed,111084,hotpotqa,2,0.25,3.25,4.0,0.0,3.25,2221.375,4.25,224
91,0,224:48085,mixed,48085,nq,3,0.375,1.0,1.0,0.0,2.0,1107.0,2.0,224
91,0,225:108296,mixed,108296,hotpotqa,7,0.875,1.0,1.0,0.0,2.0,1273.5,2.0,225
91,0,225:130181,mixed,130181,hotpotqa,1,0.125,1.0,1.0,0.0,3.0,1895.125,2.0,225
91,0,225:83002,mixed,83002,hotpotqa,4,0.5,2.0,2.0,0.0,2.375,1490.25,3.0,225
91,0,225:21933,mixed,21933,nq,7,0.875,2.0,2.0,0.0,2.0,1283.75,3.0,225
91,0,225:20483,mixed,20483,nq,3,0.375,4.0,4.0,0.0,4.0,2987.375,5.0,225
91,0,225:33252,mixed,33252,nq,7,0.875,4.0,4.0,0.0,4.0,2491.875,5.0,225
91,0,226:143392,mixed,143392,hotpotqa,1,0.125,1.0,1.0,0.0,2.0,1202.875,2.0,226
91,0,226:84945,mixed,84945,hotpotqa,1,0.125,3.0,3.0,0.0,4.0,2691.125,4.0,226
91,0,226:6141,mixed,6141,nq,2,0.25,2.5,4.0,0.0,3.5,2150.5,3.5,226
91,0,226:46350,mixed,46350,nq,2,0.25,2.0,2.0,0.0,3.0,1684.25,3.0,226
91,0,226:59048,mixed,59048,nq,3,0.375,1.0,1.0,0.0,1.0,853.75,2.0,226
91,0,226:103660,mixed,103660,hotpotqa,3,0.375,1.625,1.0,0.0,2.625,1667.5,2.625,226
91,0,226:44795,mixed,44795,nq,3,0.375,1.0,1.0,0.0,2.0,1363.5,2.0,226
91,0,227:136432,mixed,136432,hotpotqa,2,0.25,1.25,2.0,0.0,1.25,789.75,2.25,227
91,0,227:96819,mixed,96819,hotpotqa,4,0.5,2.0,2.0,0.0,3.0,1872.0,3.0,227
91,0,227:15828,mixed,15828,nq,1,0.125,3.0,3.0,0.0,3.0,1805.5,4.0,227
91,0,227:125071,mixed,125071,hotpotqa,2,0.25,1.0,1.0,0.0,2.0,1253.5,2.0,227
91,0,227:33365,mixed,33365,nq,1,0.125,1.0,1.0,0.0,3.0,1534.875,2.0,227
91,0,228:169087,mixed,169087,hotpotqa,7,0.875,2.25,2.142857142857143,1.0,2.25,1420.875,3.25,228
91,0,228:105987,mixed,105987,hotpotqa,7,0.875,1.125,1.0,0.0,2.125,1375.125,2.125,228
91,0,228:71006,mixed,71006,nq,5,0.625,1.0,1.0,0.0,2.0,1426.125,2.0,228
91,0,228:14232,mixed,14232,nq,1,0.125,1.25,1.0,0.0,2.25,1384.25,2.25,228
91,0,228:68013,mixed,68013,nq,2,0.25,1.0,1.0,0.0,2.0,1404.75,2.0,228
91,0,229:124638,mixed,124638,hotpotqa,2,0.25,2.0,2.0,0.0,2.0,1301.75,3.0,229
91,0,229:87767,mixed,87767,hotpotqa,7,0.875,1.0,1.0,0.0,1.0,751.625,2.0,229
91,0,230:169059,mixed,169059,hotpotqa,6,0.75,2.0,2.0,0.0,3.0,1898.0,3.0,230
92,0,231:109421,mixed,109421,hotpotqa,7,0.875,1.0,1.0,0.0,2.0,1261.875,2.0,231
92,0,231:94612,mixed,94612,hotpotqa,6,0.75,2.0,2.0,0.0,3.0,1988.625,3.0,231
92,0,231:76952,mixed,76952,nq,4,0.5,1.0,1.0,0.0,2.0,1101.25,2.0,231
92,0,231:74622,mixed,74622,nq,7,0.875,1.0,1.0,0.0,3.0,1813.625,2.0,231
92,0,232:145899,mixed,145899,hotpotqa,1,0.125,2.125,3.0,0.0,3.125,1980.375,3.125,232
92,0,232:162543,mixed,162543,hotpotqa,2,0.25,1.0,1.0,0.0,2.0,1295.0,2.0,232
92,0,232:102226,mixed,102226,hotpotqa,5,0.625,2.0,2.0,0.0,2.0,1516.625,3.0,232
92,0,232:113264,mixed,113264,hotpotqa,7,0.875,2.0,2.0,0.0,2.0,1247.5,3.0,232
92,0,232:39400,mixed,39400,nq,5,0.625,2.0,2.0,0.0,2.0,1239.625,3.0,232
92,0,232:155042,mixed,155042,hotpotqa,7,0.875,1.0,1.0,0.0,2.0,1290.5,2.0,232
92,0,233:44303,mixed,44303,nq,1,0.125,1.0,1.0,0.0,1.0,685.625,2.0,233
92,0,233:150530,mixed,150530,hotpotqa,2,0.25,2.5,4.0,2.0,3.5,2121.75,3.5,233
92,0,233:156875,mixed,156875,hotpotqa,7,0.875,2.0,2.0,0.0,2.0,1396.375,3.0,233
92,0,233:167663,mixed,167663,hotpotqa,1,0.125,1.0,1.0,0.0,2.0,1293.0,2.0,233
92,0,233:167959,mixed,167959,hotpotqa,5,0.625,1.0,1.0,0.0,2.0,1285.625,2.0,233
92,0,234:123850,mixed,123850,hotpotqa,2,0.25,1.875,2.0,0.0,2.875,1720.875,2.875,234
92,0,234:28935,mixed,28935,nq,5,0.625,1.0,1.0,0.0,1.0,744.375,2.0,234
92,0,234:35507,mixed,35507,nq,3,0.375,1.0,1.0,0.0,1.0,679.5,2.0,234
92,0,234:98141,mixed,98141,hotpotqa,1,0.125,2.0,2.0,0.0,3.0,1845.5,3.0,234
92,0,235:28724,mixed,28724,nq,4,0.5,1.0,1.0,0.0,2.0,1204.625,2.0,235
92,0,235:753,mixed,753,nq,4,0.5,1.0,1.0,0.0,2.0,1248.625,2.0,235
92,0,235:10015,mixed,10015,nq,7,0.875,2.125,2.0,0.0,2.125,1529.375,3.125,235
92,0,236:59759,mixed,59759,nq,3,0.375,2.0,2.0,0.0,3.0,1794.125,3.0,236
92,0,236:80854,mixed,80854,hotpotqa,7,0.875,1.125,1.0,0.0,2.125,1380.0,2.125,236
92,0,236:56383,mixed,56383,nq,2,0.25,2.0,2.0,0.0,2.0,1304.0,3.0,236
92,0,237:153087,mixed,153087,hotpotqa,1,0.125,4.125,5.0,0.0,4.125,2694.0,5.125,237
92,0,237:55709,mixed,55709,nq,1,0.125,2.0,2.0,0.0,2.0,1242.875,3.0,237
92,0,237:118182,mixed,118182,hotpotqa,7,0.875,2.0,2.0,0.0,4.0,2497.875,3.0,237
92,0,237:7431,mixed,7431,nq,7,0.875,1.0,1.0,0.0,1.0,826.25,2.0,237
92,0,237:163250,mixed,163250,hotpotqa,1,0.125,2.0,2.0,0.0,2.0,1346.125,3.0,237
92,0,237:79399,mixed,79399,hotpotqa,5,0.625,2.0,2.0,0.0,2.0,1463.75,3.0,237
92,0,238:109769,mixed,109769,hotpotqa,7,0.875,2.0,2.0,0.0,3.0,1926.75,3.0,238
93,0,239:47011,mixed,47011,nq,6,0.75,1.25,1.0,0.0,2.25,1508.75,2.25,239
93,0,239:135936,mixed,135936,hotpotqa,2,0.25,2.75,2.0,0.0,2.75,1727.0,3.75,239
93,0,240:48868,mixed,48868,nq,7,0.875,1.0,1.0,0.0,1.875,1184.5,2.0,240
93,0,240:103123,mixed,103123,hotpotqa,1,0.125,1.125,2.0,0.0,2.125,1337.25,2.125,240
93,0,240:156242,mixed,156242,hotpotqa,7,0.875,1.0,1.0,0.0,2.0,1246.625,2.0,240
93,0,240:155840,mixed,155840,hotpotqa,1,0.125,2.0,2.0,0.0,2.0,1266.875,3.0,240
93,0,241:94136,mixed,94136,hotpotqa,7,0.875,2.875,3.0,0.0,2.875,1669.5,3.875,241
93,0,242:57490,mixed,57490,nq,7,0.875,1.0,1.0,0.0,3.0,1532.625,2.0,242
93,0,242:16683,mixed,16683,nq,5,0.625,2.0,2.0,0.0,2.0,1271.625,3.0,242
93,0,242:29633,mixed,29633,nq,6,0.75,1.0,1.0,0.0,2.0,1111.75,2.0,242
93,0,243:151573,mixed,151573,hotpotqa,4,0.5,5.5,4.0,0.0,5.5,3238.5,6.5,243
93,0,243:58736,mixed,58736,nq,6,0.75,3.25,3.0,0.0,3.25,1997.75,4.25,243
93,0,243:90404,mixed,90404,hotpotqa,7,0.875,3.0,3.0,0.0,3.0,1826.875,4.0,243
93,0,245:78893,mixed,78893,nq,5,0.625,1.0,1.0,0.0,1.0,724.625,2.0,245
93,0,245:97151,mixed,97151,hotpotqa,5,0.625,1.0,1.0,0.0,1.0,764.875,2.0,245
93,0,245:66581,mixed,66581,nq,1,0.125,1.0,1.0,0.0,4.0,2379.625,2.0,245
93,0,245:154344,mixed,154344,hotpotqa,5,0.625,1.0,1.0,0.0,2.0,1287.75,2.0,245
93,0,246:117690,mixed,117690,hotpotqa,5,0.625,1.0,1.0,0.0,2.0,1484.875,2.0,246
93,0,246:113979,mixed,113979,hotpotqa,1,0.125,2.0,2.0,0.0,2.0,1418.5,3.0,246
93,0,246:95432,mixed,95432,hotpotqa,3,0.375,2.0,2.0,0.0,2.0,1321.375,3.0,246
93,0,247:2795,mixed,2795,nq,7,0.875,1.0,1.0,0.0,2.0,1216.25,2.0,247
93,0,247:80054,mixed,80054,hotpotqa,3,0.375,2.625,2.0,0.0,2.625,1652.0,3.625,247
93,0,247:89139,mixed,89139,hotpotqa,3,0.375,1.625,1.0,0.0,1.625,1200.375,2.625,247
93,0,247:99183,mixed,99183,hotpotqa,1,0.125,5.0,5.0,0.0,6.0,3630.0,6.0,247
93,0,247:98963,mixed,98963,hotpotqa,2,0.25,3.0,4.0,0.0,4.0,2414.5,4.0,247
93,0,248:160118,mixed,160118,hotpotqa,7,0.875,2.0,2.0,0.0,2.0,1161.5,3.0,248
93,0,248:81991,mixed,81991,hotpotqa,2,0.25,1.125,1.5,1.0,1.125,802.75,2.125,248
93,0,248:26970,mixed,26970,nq,6,0.75,1.75,2.0,0.0,3.75,2601.75,2.75,248
93,0,248:55514,mixed,55514,nq,1,0.125,1.0,1.0,0.0,1.0,761.5,2.0,248
93,0,248:103215,mixed,103215,hotpotqa,3,0.375,2.0,2.0,0.0,2.0,1313.5,3.0,248
93,0,248:238,mixed,238,nq,2,0.25,2.25,3.0,0.0,2.25,1348.625,3.25,248
93,0,249:50127,mixed,50127,nq,7,0.875,3.625,3.7142857142857144,1.0,4.625,3150.125,4.625,249
94,0,250:101580,mixed,101580,hotpotqa,1,0.125,1.875,1.0,0.0,2.875,1906.75,2.875,250
94,0,250:94137,mixed,94137,hotpotqa,6,0.75,1.0,1.0,0.0,2.0,1342.25,2.0,250
94,0,251:15602,mixed,15602,nq,2,0.25,1.0,1.0,0.0,2.0,1226.0,2.0,251
94,0,251:111300,mixed,111300,hotpotqa,1,0.125,1.0,1.0,0.0,2.0,1295.375,2.0,251
94,0,252:17569,mixed,17569,nq,1,0.125,1.0,1.0,0.0,1.0,702.5,2.0,252
94,0,252:94175,mixed,94175,hotpotqa,5,0.625,2.0,2.0,0.0,2.0,1333.125,3.0,252
94,0,253:87582,mixed,87582,hotpotqa,6,0.75,1.25,1.0,0.0,2.25,1494.75,2.25,253
94,0,253:75634,mixed,75634,nq,6,0.75,1.0,1.0,0.0,3.0,1830.5,2.0,253
94,0,254:82447,mixed,82447,hotpotqa,5,0.625,3.0,3.0,0.0,3.0,2101.75,4.0,254
94,0,254:139783,mixed,139783,hotpotqa,7,0.875,1.0,1.0,0.0,2.0,1194.25,2.0,254
94,0,254:92806,mixed,92806,hotpotqa,3,0.375,1.0,1.0,0.0,2.0,1246.625,2.0,254
94,0,254:31150,mixed,31150,nq,6,0.75,1.0,1.0,0.0,2.75,1790.75,2.0,254
94,0,254:84611,mixed,84611,hotpotqa,5,0.625,2.0,2.0,0.0,3.0,1863.25,3.0,254
94,0,254:31161,mixed,31161,nq,1,0.125,1.75,2.0,0.0,2.0,1427.25,2.75,254
94,0,255:132009,mixed,132009,hotpotqa,7,0.875,1.25,1.0,0.0,2.125,1524.5,2.25,255
94,0,256:842,mixed,842,nq,1,0.125,1.0,1.0,0.0,1.0,761.375,2.0,256
94,0,256:112599,mixed,112599,hotpotqa,5,0.625,2.625,3.0,0.0,3.625,2424.625,3.625,256
94,0,256:138045,mixed,138045,hotpotqa,5,0.625,1.75,1.0,0.0,2.75,1695.75,2.75,256
94,0,256:22461,mixed,22461,nq,7,0.875,1.875,2.0,0.0,2.875,1761.25,2.875,256
94,0,256:83650,mixed,83650,hotpotqa,3,0.375,4.0,3.0,0.0,4.0,2578.625,5.0,256
94,0,257:130552,mixed,130552,hotpotqa,4,0.5,2.0,2.0,0.0,2.0,1330.5,3.0,257
94,0,257:55758,mixed,55758,nq,3,0.375,2.0,2.0,0.0,2.0,1148.125,3.0,257
94,0,257:21214,mixed,21214,nq,5,0.625,2.0,2.0,0.0,2.0,1262.375,3.0,257
94,0,257:32647,mixed,32647,nq,1,0.125,1.0,1.0,0.0,1.0,732.375,2.0,257
94,0,257:75707,mixed,75707,nq,3,0.375,1.625,1.0,0.0,2.625,1825.25,2.625,257
94,0,257:106736,mixed,106736,hotpotqa,3,0.375,2.0,2.0,0.0,2.0,1243.5,3.0,257
94,0,257:29586,mixed,29586,nq,1,0.125,1.0,1.0,0.0,2.0,1222.875,2.0,257
94,0,257:33445,mixed,33445,nq,4,0.5,1.0,1.0,0.0,1.5,972.5,2.0,257
94,0,257:110013,mixed,110013,hotpotqa,7,0.875,2.0,2.0,0.0,3.0,1875.375,3.0,257
94,0,258:114266,mixed,114266,hotpotqa,6,0.75,2.0,2.0,0.0,3.0,1898.75,3.0,258
94,0,259:62850,mixed,62850,nq,3,0.375,1.375,2.0,0.0,2.375,1326.0,2.375,259
94,0,260:90431,mixed,90431,hotpotqa,6,0.75,2.0,2.0,0.0,3.0,1817.0,3.0,260
95,0,261:89691,mixed,89691,hotpotqa,7,0.875,1.0,1.0,0.0,2.0,1216.0,2.0,261
95,0,262:152883,mixed,152883,hotpotqa,4,0.5,2.0,2.0,0.0,3.0,2057.5,3.0,262
95,0,262:161524,mixed,161524,hotpotqa,5,0.625,2.0,2.0,0.0,2.0,1261.625,3.0,262
95,0,262:157432,mixed,157432,hotpotqa,5,0.625,3.0,3.0,0.0,3.0,1994.125,4.0,262
95,0,262:64108,mixed,64108,nq,2,0.25,6.75,6.0,0.0,7.75,3801.75,7.75,262
95,0,262:20396,mixed,20396,nq,1,0.125,2.0,2.0,0.0,3.0,1758.0,3.0,262
95,0,262:149496,mixed,149496,hotpotqa,7,0.875,2.0,2.0,0.0,2.0,1193.0,3.0,262
95,0,262:102502,mixed,102502,hotpotqa,1,0.125,1.0,1.0,0.0,2.0,1358.25,2.0,262
95,0,262:38101,mixed,38101,nq,7,0.875,2.5,2.0,0.0,3.5,2192.875,3.5,262
95,0,264:63167,mixed,63167,nq,5,0.625,1.0,1.0,0.0,1.0,812.25,2.0,264
95,0,264:87046,mixed,87046,hotpotqa,2,0.25,2.0,2.0,0.0,2.0,1272.375,3.0,264
95,0,264:147599,mixed,147599,hotpotqa,3,0.375,3.0,3.0,0.0,3.0,1947.125,4.0,264
95,0,264:34882,mixed,34882,nq,3,0.375,1.0,1.0,0.0,2.0,1278.875,2.0,264
95,0,264:137596,mixed,137596,hotpotqa,7,0.875,2.0,2.0,0.0,2.0,1374.5,3.0,264
95,0,264:31800,mixed,31800,nq,1,0.125,4.0,4.0,0.0,5.0,3168.75,5.0,264
95,0,265:155392,mixed,155392,hotpotqa,2,0.25,2.0,2.0,0.0,2.875,1833.75,3.0,265
95,0,265:82373,mixed,82373,hotpotqa,6,0.75,1.0,1.0,0.0,2.0,1383.25,2.0,265
95,0,265:13430,mixed,13430,nq,1,0.125,2.0,2.0,0.0,2.0,1301.0,3.0,265
95,0,265:35286,mixed,35286,nq,7,0.875,1.0,1.0,0.0,2.0,1135.125,2.0,265
95,0,265:1672,mixed,1672,nq,7,0.875,3.25,2.7142857142857144,2.0,3.25,2278.375,4.25,265
95,0,266:76571,mixed,76571,nq,6,0.75,1.25,1.0,0.0,2.25,1267.0,2.25,266
95,0,266:152722,mixed,152722,hotpotqa,7,0.875,1.0,1.0,0.0,2.0,1241.0,2.0,266
95,0,266:48004,mixed,48004,nq,1,0.125,1.125,2.0,0.0,1.125,773.75,2.125,266
95,0,267:150389,mixed,150389,hotpotqa,7,0.875,1.0,1.0,0.0,2.0,1255.75,2.0,267
95,0,267:103872,mixed,103872,hotpotqa,5,0.625,3.875,2.0,2.0,4.875,2395.0,4.875,267
95,0,267:40162,mixed,40162,nq,7,0.875,2.0,2.0,0.0,3.0,1912.0,3.0,267
95,0,268:101289,mixed,101289,hotpotqa,6,0.75,2.75,3.0,0.0,3.75,2320.0,3.75,268
95,0,268:102947,mixed,102947,hotpotqa,4,0.5,3.0,3.0,0.0,3.0,1872.0,4.0,268
95,0,268:120747,mixed,120747,hotpotqa,1,0.125,1.0,1.0,0.0,3.0,1834.0,2.0,268
95,0,268:48728,mixed,48728,nq,4,0.5,2.0,2.0,0.0,2.0,1381.0,3.0,268
95,0,268:151196,mixed,151196,hotpotqa,5,0.625,1.0,1.0,0.0,2.0,1404.25,2.0,268
95,0,268:75328,mixed,75328,nq,6,0.75,3.25,3.0,0.0,4.125,2681.375,4.25,268
96,0,269:17310,mixed,17310,nq,7,0.875,1.0,1.0,0.0,1.0,731.25,2.0,269
96,0,269:109203,mixed,109203,hotpotqa,7,0.875,2.0,2.0,0.0,2.0,1248.75,3.0,269
96,0,270:142061,mixed,142061,hotpotqa,7,0.875,1.375,1.2857142857142858,1.0,2.375,1435.25,2.375,270
96,0,271:168750,mixed,168750,hotpotqa,4,0.5,2.0,2.0,0.0,3.0,1783.5,3.0,271
96,0,271:26558,mixed,26558,nq,1,0.125,1.125,2.0,0.0,1.125,832.875,2.125,271
96,0,271:144014,mixed,144014,hotpotqa,7,0.875,2.0,2.0,0.0,3.0,2002.625,3.0,271
96,0,271:52268,mixed,52268,nq,3,0.375,6.125,4.666666666666667,2.0,6.125,3930.25,7.125,271
96,0,272:39091,mixed,39091,nq,3,0.375,1.0,1.0,0.0,2.0,1248.25,2.0,272
96,0,272:105561,mixed,105561,hotpotqa,7,0.875,1.0,1.0,0.0,1.0,714.875,2.0,272
96,0,272:130458,mixed,130458,hotpotqa,6,0.75,3.0,3.0,0.0,3.0,1956.0,4.0,272
96,0,272:103634,mixed,103634,hotpotqa,3,0.375,2.375,3.0,0.0,2.375,1576.25,3.375,272
96,0,273:127197,mixed,127197,hotpotqa,4,0.5,2.0,2.0,0.0,3.0,2000.0,3.0,273
96,0,273:126018,mixed,126018,hotpotqa,7,0.875,2.0,2.0,0.0,2.0,1186.625,3.0,273
96,0,273:91638,mixed,91638,hotpotqa,2,0.25,3.0,3.0,0.0,3.0,2024.0,4.0,273
96,0,273:101381,mixed,101381,hotpotqa,6,0.75,1.75,2.0,0.0,2.75,1715.0,2.75,273
96,0,273:22277,mixed,22277,nq,5,0.625,3.375,4.2,1.0,4.375,2429.0,4.375,273
96,0,273:104303,mixed,104303,hotpotqa,7,0.875,3.0,3.0,0.0,3.0,2249.5,4.0,273
96,0,274:11431,mixed,11431,nq,2,0.25,2.0,2.0,0.0,2.25,1308.25,3.0,274
96,0,274:150551,mixed,150551,hotpotqa,2,0.25,3.375,4.0,0.0,3.375,2082.0,4.375,274
96,0,274:52920,mixed,52920,nq,7,0.875,1.0,1.0,0.0,1.0,789.125,2.0,274
96,0,274:32549,mixed,32549,nq,2,0.25,1.0,1.0,0.0,1.0,695.75,2.0,274
96,0,275:73521,mixed,73521,nq,5,0.625,1.0,1.0,0.0,2.0,1219.125,2.0,275
96,0,277:84495,mixed,84495,hotpotqa,7,0.875,2.0,2.0,0.0,2.0,1308.875,3.0,277
96,0,277:47014,mixed,47014,nq,7,0.875,1.0,1.0,0.0,1.0,734.0,2.0,277
96,0,277:6715,mixed,6715,nq,7,0.875,1.125,1.0,0.0,3.125,1928.625,2.125,277
96,0,277:88079,mixed,88079,hotpotqa,2,0.25,3.5,4.0,0.0,4.5,2734.5,4.5,277
96,0,277:117343,mixed,117343,hotpotqa,3,0.375,1.0,1.0,0.0,1.375,889.5,2.0,277
96,0,277:124013,mixed,124013,hotpotqa,2,0.25,2.125,2.5,1.0,2.125,1380.375,3.125,277
96,0,278:155953,mixed,155953,hotpotqa,5,0.625,2.0,2.0,0.0,2.0,1313.0,3.0,278
96,0,278:71551,mixed,71551,nq,3,0.375,1.0,1.0,0.0,2.0,1283.375,2.0,278
96,0,279:94770,mixed,94770,hotpotqa,5,0.625,2.0,2.0,0.0,3.0,1773.75,3.0,279
96,0,279:27051,mixed,27051,nq,5,0.625,1.375,1.0,0.0,2.0,1250.0,2.375,279
97,0,280:70679,mixed,70679,nq,5,0.625,4.0,4.0,0.0,4.0,2374.5,5.0,280
97,0,280:41239,mixed,41239,nq,7,0.875,1.0,1.0,0.0,2.0,1366.375,2.0,280
97,0,280:16561,mixed,16561,nq,1,0.125,4.0,3.0,0.0,5.0,2873.5,5.0,280
97,0,281:100156,mixed,100156,hotpotqa,5,0.625,2.0,2.0,0.0,2.0,1432.25,3.0,281
97,0,282:155755,mixed,155755,hotpotqa,7,0.875,2.0,2.0,0.0,2.0,1199.375,3.0,282
97,0,282:67714,mixed,67714,nq,2,0.25,3.0,3.0,0.0,3.0,1930.5,4.0,282
97,0,282:107375,mixed,107375,hotpotqa,7,0.875,2.0,2.0,0.0,2.0,1224.125,3.0,282
97,0,282:145259,mixed,145259,hotpotqa,7,0.875,2.0,2.0,0.0,2.0,1369.125,3.0,282
97,0,282:49567,mixed,49567,nq,5,0.625,2.0,2.0,0.0,3.0,1988.75,3.0,282
97,0,283:125094,mixed,125094,hotpotqa,7,0.875,2.0,2.0,0.0,2.0,1391.125,3.0,283
97,0,283:44634,mixed,44634,nq,6,0.75,2.25,2.0,0.0,3.25,2072.75,3.25,283
97,0,283:62996,mixed,62996,nq,7,0.875,2.375,2.2857142857142856,1.0,3.375,2043.625,3.375,283
97,0,283:97416,mixed,97416,hotpotqa,6,0.75,3.25,4.0,0.0,4.25,2671.75,4.25,283
97,0,283:155892,mixed,155892,hotpotqa,6,0.75,1.0,1.0,0.0,1.0,829.25,2.0,283
97,0,283:14764,mixed,14764,nq,4,0.5,1.0,1.0,0.0,2.0,1307.75,2.0,283
97,0,284:18535,mixed,18535,nq,5,0.625,3.0,3.0,0.0,3.0,1887.0,4.0,284
97,0,284:15953,mixed,15953,nq,3,0.375,2.0,2.0,0.0,2.375,1561.125,3.0,284
97,0,284:117043,mixed,117043,hotpotqa,1,0.125,2.125,3.0,0.0,2.125,1482.375,3.125,284
97,0,285:82567,mixed,82567,hotpotqa,5,0.625,2.0,2.0,0.0,2.0,1454.5,3.0,285
97,0,285:6463,mixed,6463,nq,1,0.125,2.0,2.0,0.0,2.0,1413.875,3.0,285
97,0,286:161217,mixed,161217,hotpotqa,2,0.25,5.5,3.0,0.0,6.5,4156.5,6.5,286
97,0,286:76638,mixed,76638,nq,7,0.875,1.875,2.0,0.0,2.875,1796.5,2.875,286
97,0,286:26385,mixed,26385,nq,7,0.875,1.25,1.0,0.0,1.25,931.0,2.25,286
97,0,286:17476,mixed,17476,nq,4,0.5,1.0,1.0,0.0,2.0,1300.5,2.0,286
97,0,287:139944,mixed,139944,hotpotqa,2,0.25,1.0,1.0,0.0,2.0,1319.25,2.0,287
97,0,287:151713,mixed,151713,hotpotqa,6,0.75,2.25,2.0,0.0,3.25,1579.0,3.25,287
97,0,287:9633,mixed,9633,nq,5,0.625,3.0,3.0,0.0,3.0,1929.875,4.0,287
97,0,288:87510,mixed,87510,hotpotqa,5,0.625,3.0,3.0,0.0,4.0,2611.625,4.0,288
97,0,289:158805,mixed,158805,hotpotqa,1,0.125,1.0,1.0,0.0,1.0,867.125,2.0,289
97,0,289:132908,mixed,132908,hotpotqa,7,0.875,2.0,2.0,0.0,2.0,1322.875,3.0,289
97,0,290:28116,mixed,28116,nq,3,0.375,1.0,1.0,0.0,2.0,1334.0,2.0,290
97,0,290:132573,mixed,132573,hotpotqa,2,0.25,4.0,4.0,0.0,4.0,2474.25,5.0,290
98,0,291:106959,mixed,106959,hotpotqa,1,0.125,1.0,1.0,0.0,2.0,1201.875,2.0,291
98,0,291:109676,mixed,109676,hotpotqa,5,0.625,1.0,1.0,0.0,1.0,695.375,2.0,291
98,0,291:136704,mixed,136704,hotpotqa,4,0.5,1.0,1.0,0.0,2.0,1294.5,2.0,291
98,0,292:107072,mixed,107072,hotpotqa,7,0.875,3.125,3.0,0.0,3.125,1970.5,4.125,292
98,0,292:104043,mixed,104043,hotpotqa,3,0.375,2.0,2.0,0.0,2.0,1338.75,3.0,292
98,0,292:50653,mixed,50653,nq,7,0.875,1.5,1.4285714285714286,1.0,2.5,1380.125,2.5,292
98,0,293:89779,mixed,89779,hotpotqa,2,0.25,2.0,2.0,0.0,2.0,1277.5,3.0,293
98,0,293:102281,mixed,102281,hotpotqa,5,0.625,2.0,2.0,0.0,3.0,1996.875,3.0,293
98,0,293:62613,mixed,62613,nq,6,0.75,1.0,1.0,0.0,2.0,1256.0,2.0,293
98,0,294:50856,mixed,50856,nq,4,0.5,3.0,3.0,0.0,4.0,2397.5,4.0,294
98,0,294:45638,mixed,45638,nq,5,0.625,1.0,1.0,0.0,2.0,1342.875,2.0,294
98,0,294:159735,mixed,159735,hotpotqa,7,0.875,1.0,1.0,0.0,2.0,1098.875,2.0,294
98,0,294:159027,mixed,159027,hotpotqa,6,0.75,2.0,2.0,0.0,2.0,1639.0,3.0,294
98,0,294:3563,mixed,3563,nq,5,0.625,1.0,1.0,0.0,1.375,979.0,2.0,294
98,0,294:65965,mixed,65965,nq,5,0.625,2.5,3.0,0.0,3.5,1739.125,3.5,294
98,0,294:31691,mixed,31691,nq,7,0.875,1.0,1.0,0.0,2.0,1243.875,2.0,294
98,0,294:94385,mixed,94385,hotpotqa,6,0.75,1.0,1.0,0.0,2.0,1383.25,2.0,294
98,0,295:45999,mixed,45999,nq,5,0.625,1.0,1.0,0.0,2.0,1441.625,2.0,295
98,0,295:60003,mixed,60003,nq,1,0.125,1.0,1.0,0.0,2.0,1092.75,2.0,295
98,0,295:143722,mixed,143722,hotpotqa,5,0.625,3.0,3.0,0.0,3.0,1845.25,4.0,295
98,0,296:150928,mixed,150928,hotpotqa,3,0.375,3.0,3.0,0.0,4.0,2679.625,4.0,296
98,0,296:148275,mixed,148275,hotpotqa,7,0.875,1.0,1.0,0.0,2.0,1188.0,2.0,296
98,0,296:65622,mixed,65622,nq,4,0.5,1.0,1.0,0.0,2.0,1228.0,2.0,296
98,0,297:74970,mixed,74970,nq,1,0.125,2.0,2.0,0.0,2.0,1306.75,3.0,297
98,0,297:155040,mixed,155040,hotpotqa,2,0.25,2.0,2.0,0.0,2.0,1257.75,3.0,297
98,0,297:121677,mixed,121677,hotpotqa,5,0.625,2.0,2.0,0.0,2.0,1311.375,3.0,297
98,0,297:14611,mixed,14611,nq,1,0.125,2.0,2.0,0.0,3.0,1820.0,3.0,297
98,0,298:43195,mixed,43195,nq,1,0.125,1.0,1.0,0.0,3.0,1803.5,2.0,298
98,0,298:164459,mixed,164459,hotpotqa,2,0.25,4.0,4.0,0.0,4.0,2429.0,5.0,298
98,0,299:33269,mixed,33269,nq,6,0.75,3.0,3.0,0.0,3.0,1876.5,4.0,299
98,0,300:122158,mixed,122158,hotpotqa,5,0.625,1.375,1.0,0.0,1.375,1083.25,2.375,300
98,0,300:119067,mixed,119067,hotpotqa,2,0.25,1.0,1.0,0.0,2.0,1310.0,2.0,300
99,0,301:8791,mixed,8791,nq,4,0.5,1.0,1.0,0.0,1.0,781.0,2.0,301
99,0,301:61557,mixed,61557,nq,7,0.875,1.0,1.0,0.0,2.0,1196.125,2.0,301
99,0,302:108773,mixed,108773,hotpotqa,5,0.625,3.375,3.2,1.0,4.375,2427.625,4.375,302
99,0,303:126547,mixed,126547,hotpotqa,1,0.125,1.0,1.0,0.0,3.0,1809.625,2.0,303
99,0,303:21141,mixed,21141,nq,2,0.25,1.25,2.0,0.0,1.25,1013.375,2.25,303
99,0,304:160324,mixed,160324,hotpotqa,1,0.125,1.0,1.0,0.0,2.0,1255.625,2.0,304
99,0,304:84602,mixed,84602,hotpotqa,7,0.875,2.0,2.0,0.0,2.0,1252.25,3.0,304
99,0,304:158669,mixed,158669,hotpotqa,1,0.125,4.125,3.0,0.0,5.125,3046.625,5.125,304
99,0,304:50362,mixed,50362,nq,6,0.75,4.375,4.0,0.0,4.375,2896.625,5.375,304
99,0,305:156231,mixed,156231,hotpotqa,7,0.875,5.0,5.0,0.0,5.0,3054.375,6.0,305
99,0,305:114042,mixed,114042,hotpotqa,1,0.125,2.0,2.0,0.0,3.0,1922.875,3.0,305
99,0,306:152575,mixed,152575,hotpotqa,5,0.625,2.0,2.0,0.0,2.0,1293.375,3.0,306
99,0,307:150807,mixed,150807,hotpotqa,3,0.375,2.0,2.0,0.0,3.0,1915.25,3.0,307
99,0,308:161952,mixed,161952,hotpotqa,1,0.125,2.125,3.0,0.0,2.125,1410.75,3.125,308
99,0,309:154205,mixed,154205,hotpotqa,3,0.375,3.25,4.0,0.0,3.375,2233.75,4.25,309
99,0,309:141150,mixed,141150,hotpotqa,4,0.5,1.5,2.0,0.0,2.0,1259.0,2.5,309
99,0,309:16490,mixed,16490,nq,6,0.75,1.0,1.0,0.0,2.0,1220.0,2.0,309
99,0,309:122339,mixed,122339,hotpotqa,7,0.875,2.0,2.0,0.0,3.0,2115.5,3.0,309
99,0,310:112873,mixed,112873,hotpotqa,4,0.5,3.0,2.0,0.0,4.0,2358.5,4.0,310
99,0,311:81439,mixed,81439,hotpotqa,1,0.125,1.125,2.0,0.0,2.125,1348.75,2.125,311
99,0,311:91323,mixed,91323,hotpotqa,7,0.875,1.125,1.0,0.0,1.125,907.625,2.125,311
99,0,311:135099,mixed,135099,hotpotqa,7,0.875,1.0,1.0,0.0,2.0,1257.875,2.0,311
99,0,312:68587,mixed,68587,nq,6,0.75,2.25,2.0,0.0,2.25,1401.5,3.25,312
99,0,312:139175,mixed,139175,hotpotqa,5,0.625,2.125,2.0,0.0,2.125,1602.875,3.125,312
99,0,312:59862,mixed,59862,nq,7,0.875,2.0,2.0,0.0,2.0,1265.375,3.0,312
99,0,312:63133,mixed,63133,nq,5,0.625,4.5,4.6,1.0,4.5,3053.125,5.5,312
99,0,312:113613,mixed,113613,hotpotqa,1,0.125,2.0,2.0,0.0,3.0,1798.75,3.0,312
99,0,313:49938,mixed,49938,nq,4,0.5,4.0,5.0,0.0,4.0,2660.875,5.0,313
99,0,313:126459,mixed,126459,hotpotqa,3,0.375,3.5,3.0,0.0,3.5,2489.625,4.5,313
99,0,313:138083,mixed,138083,hotpotqa,2,0.25,2.5,1.0,0.0,4.5,2329.875,3.5,313
99,0,314:162520,mixed,162520,hotpotqa,7,0.875,1.0,1.0,0.0,2.0,1222.625,2.0,314
99,0,314:147577,mixed,147577,hotpotqa,2,0.25,3.5,5.0,0.0,3.5,2160.0,4.5,314
100,0,315:22205,mixed,22205,nq,2,0.25,5.0,5.0,0.0,5.0,2782.0,6.0,315
100,0,315:63092,mixed,63092,nq,1,0.125,2.0,2.0,0.0,2.0,1266.75,3.0,315
100,0,316:146364,mixed,146364,hotpotqa,7,0.875,2.125,2.0,0.0,2.125,1256.25,3.125,316
100,0,317:82122,mixed,82122,hotpotqa,3,0.375,1.0,1.0,0.0,2.0,1259.5,2.0,317
100,0,318:129828,mixed,129828,hotpotqa,6,0.75,1.25,1.0,0.0,2.25,1378.0,2.25,318
100,0,318:115808,mixed,115808,hotpotqa,3,0.375,1.0,1.0,0.0,1.625,1206.625,2.0,318
100,0,318:107778,mixed,107778,hotpotqa,3,0.375,2.0,2.0,0.0,2.0,1268.25,3.0,318
100,0,318:97371,mixed,97371,hotpotqa,6,0.75,2.0,2.0,0.0,3.0,1980.75,3.0,318
100,0,318:127777,mixed,127777,hotpotqa,7,0.875,1.75,1.8571428571428572,1.0,2.75,1902.75,2.75,318
100,0,319:76435,mixed,76435,nq,7,0.875,1.0,1.0,0.0,2.0,1446.375,2.0,319
100,0,319:166388,mixed,166388,hotpotqa,7,0.875,1.125,1.0,0.0,2.125,1303.625,2.125,319
100,0,319:156921,mixed,156921,hotpotqa,4,0.5,4.0,4.0,0.0,4.0,2472.5,5.0,319
100,0,319:166589,mixed,166589,hotpotqa,6,0.75,3.0,3.0,0.0,3.0,1862.0,4.0,319
100,0,320:138720,mixed,138720,hotpotqa,5,0.625,2.0,2.0,0.0,3.0,1717.625,3.0,320
100,0,320:89252,mixed,89252,hotpotqa,2,0.25,6.0,3.0,0.0,6.0,3675.5,7.0,320
100,0,320:41836,mixed,41836,nq,5,0.625,2.0,2.0,0.0,2.0,1404.25,3.0,320
100,0,320:1261,mixed,1261,nq,2,0.25,3.125,3.5,1.0,3.125,2215.625,4.125,320
100,0,321:92925,mixed,92925,hotpotqa,1,0.125,4.0,4.0,0.0,4.0,2403.5,5.0,321
100,0,321:149725,mixed,149725,hotpotqa,1,0.125,2.0,2.0,0.0,2.0,1357.0,3.0,321
100,0,321:11956,mixed,11956,nq,4,0.5,1.0,1.0,0.0,1.0,702.5,2.0,321
100,0,321:16545,mixed,16545,nq,3,0.375,1.0,1.0,0.0,2.0,1402.625,2.0,321
100,0,321:27366,mixed,27366,nq,1,0.125,4.0,4.0,0.0,4.0,2598.875,5.0,321
100,0,321:63829,mixed,63829,nq,5,0.625,2.0,2.0,0.0,2.0,1235.125,3.0,321
100,0,321:35059,mixed,35059,nq,7,0.875,2.0,2.0,0.0,2.0,1147.5,3.0,321
100,0,322:75343,mixed,75343,nq,1,0.125,1.875,1.0,0.0,2.0,1207.375,2.875,322
100,0,322:52503,mixed,52503,nq,1,0.125,1.0,1.0,0.0,3.0,1747.5,2.0,322
100,0,322:123179,mixed,123179,hotpotqa,4,0.5,2.0,2.0,0.0,3.0,2045.5,3.0,322
100,0,323:141899,mixed,141899,hotpotqa,4,0.5,2.125,3.25,3.0,3.125,2137.75,3.125,323
100,0,323:87680,mixed,87680,hotpotqa,7,0.875,2.0,2.0,0.0,2.0,1332.625,3.0,323
100,0,323:41642,mixed,41642,nq,5,0.625,1.625,2.0,0.0,2.625,1889.25,2.625,323
100,0,324:41514,mixed,41514,nq,4,0.5,1.0,1.0,0.0,1.0,778.0,2.0,324
100,0,324:30842,mixed,30842,nq,2,0.25,4.25,5.0,0.0,4.25,2648.125,5.25,324
101,0,325:21173,mixed,21173,nq,1,0.125,2.25,4.0,0.0,2.25,1325.875,3.25,325
101,0,325:168152,mixed,168152,hotpotqa,1,0.125,1.0,1.0,0.0,2.0,1414.625,2.0,325
101,0,326:59857,mixed,59857,nq,1,0.125,1.875,1.0,0.0,1.875,1274.375,2.875,326
101,0,326:22861,mixed,22861,nq,5,0.625,3.375,3.0,0.0,3.375,2133.875,4.375,326
101,0,326:136792,mixed,136792,hotpotqa,5,0.625,2.0,2.0,0.0,3.0,1815.0,3.0,326
101,0,327:68968,mixed,68968,nq,3,0.375,2.0,2.0,0.0,2.0,1435.875,3.0,327
101,0,327:147888,mixed,147888,hotpotqa,3,0.375,1.0,1.0,0.0,2.0,1528.375,2.0,327
101,0,327:59432,mixed,59432,nq,7,0.875,1.0,1.0,0.0,2.0,1353.5,2.0,327
101,0,327:55668,mixed,55668,nq,6,0.75,1.0,1.0,0.0,1.0,768.75,2.0,327
101,0,327:59498,mixed,59498,nq,3,0.375,1.0,1.0,0.0,1.75,982.125,2.0,327
101,0,327:58297,mixed,58297,nq,3,0.375,1.0,1.0,0.0,2.0,1149.5,2.0,327
101,0,327:103994,mixed,103994,hotpotqa,5,0.625,1.0,1.0,0.0,4.0,2249.0,2.0,327
101,0,328:17296,mixed,17296,nq,3,0.375,2.875,2.0,0.0,3.875,2568.0,3.875,328
101,0,328:157152,mixed,157152,hotpotqa,6,0.75,2.0,2.0,0.0,2.0,1349.5,3.0,328
101,0,328:99499,mixed,99499,hotpotqa,5,0.625,1.0,1.0,0.0,3.0,1739.625,2.0,328
101,0,329:69888,mixed,69888,nq,7,0.875,1.0,1.0,0.0,2.0,1214.25,2.0,329
101,0,329:103568,mixed,103568,hotpotqa,3,0.375,1.0,1.0,0.0,3.0,1911.5,2.0,329
101,0,329:96718,mixed,96718,hotpotqa,4,0.5,4.75,4.0,0.0,5.125,3004.625,5.75,329
101,0,329:38938,mixed,38938,nq,1,0.125,1.0,1.0,0.0,2.0,1300.875,2.0,329
101,0,329:133510,mixed,133510,hotpotqa,2,0.25,3.0,3.0,0.0,4.0,2431.375,4.0,329
101,0,331:50433,mixed,50433,nq,3,0.375,2.0,2.0,0.0,8.625,4604.25,3.0,331
101,0,331:14729,mixed,14729,nq,1,0.125,1.125,2.0,0.0,2.125,1308.875,2.125,331
101,0,331:90162,mixed,90162,hotpotqa,7,0.875,2.0,2.0,0.0,2.0,1308.25,3.0,331
101,0,331:161731,mixed,161731,hotpotqa,7,0.875,1.0,1.0,0.0,2.0,1185.25,2.0,331
101,0,332:75893,mixed,75893,nq,2,0.25,1.0,1.0,0.0,1.0,666.625,2.0,332
101,0,332:107404,mixed,107404,hotpotqa,2,0.25,1.0,1.0,0.0,2.0,1359.75,2.0,332
101,0,332:62003,mixed,62003,nq,5,0.625,2.0,2.0,0.0,2.0,1332.125,3.0,332
101,0,332:87707,mixed,87707,hotpotqa,6,0.75,1.75,2.0,0.0,2.0,1376.75,2.75,332
101,0,333:62548,mixed,62548,nq,3,0.375,2.0,2.0,0.0,3.0,2068.0,3.0,333
101,0,333:107725,mixed,107725,hotpotqa,5,0.625,2.0,2.0,0.0,3.0,2017.25,3.0,333
101,0,333:25403,mixed,25403,nq,1,0.125,4.125,5.0,0.0,4.125,2585.375,5.125,333
101,0,333:60590,mixed,60590,nq,5,0.625,2.0,2.0,0.0,2.0,1387.25,3.0,333
102,0,334:151613,mixed,151613,hotpotqa,1,0.125,3.0,3.0,0.0,4.0,2416.625,4.0,334
102,0,334:26887,mixed,26887,nq,5,0.625,2.0,2.0,0.0,2.0,1393.5,3.0,334
102,0,334:149615,mixed,149615,hotpotqa,4,0.5,2.0,2.0,0.0,2.0,1220.5,3.0,334
102,0,334:114666,mixed,114666,hotpotqa,3,0.375,3.0,3.0,0.0,4.0,2645.5,4.0,334
102,0,334:35858,mixed,35858,nq,2,0.25,1.125,1.0,0.0,2.125,1370.125,2.125,334
102,0,335:49250,mixed,49250,nq,2,0.25,1.0,1.0,0.0,1.0,831.75,2.0,335
102,0,335:162681,mixed,162681,hotpotqa,7,0.875,2.125,2.0,0.0,2.125,1556.5,3.125,335
102,0,335:81354,mixed,81354,hotpotqa,1,0.125,1.0,1.0,0.0,2.0,1310.625,2.0,335
102,0,335:4470,mixed,4470,nq,2,0.25,2.625,4.5,3.0,3.625,2245.875,3.625,335
102,0,335:125641,mixed,125641,hotpotqa,2,0.25,1.25,2.0,0.0,2.25,1433.25,2.25,335
102,0,336:136433,mixed,136433,hotpotqa,3,0.375,4.0,4.0,0.0,5.0,3392.25,5.0,336
102,0,336:168167,mixed,168167,hotpotqa,1,0.125,2.0,2.0,0.0,3.0,2049.125,3.0,336
102,0,336:3900,mixed,3900,nq,4,0.5,3.25,3.5,1.0,3.25,1959.75,4.25,336
102,0,337:30636,mixed,30636,nq,5,0.625,1.0,1.0,0.0,2.0,1298.5,2.0,337
102,0,337:154738,mixed,154738,hotpotqa,1,0.125,1.875,1.0,0.0,2.875,1789.125,2.875,337
102,0,337:90096,mixed,90096,hotpotqa,1,0.125,2.375,3.0,0.0,6.375,3710.875,3.375,337
102,0,337:86435,mixed,86435,hotpotqa,3,0.375,1.0,1.0,0.0,2.0,1347.5,2.0,337
102,0,337:61150,mixed,61150,nq,4,0.5,1.0,1.0,0.0,3.0,2112.375,2.0,337
102,0,338:33897,mixed,33897,nq,5,0.625,2.625,3.0,0.0,2.625,1715.375,3.625,338
102,0,338:138457,mixed,138457,hotpotqa,5,0.625,2.0,2.0,0.0,3.0,1913.25,3.0,338
102,0,339:132313,mixed,132313,hotpotqa,5,0.625,2.0,2.0,0.0,3.0,1930.25,3.0,339
102,0,339:64693,mixed,64693,nq,3,0.375,4.875,4.0,3.0,4.875,3407.375,5.875,339
102,0,339:953,mixed,953,nq,5,0.625,1.0,1.0,0.0,2.0,1234.625,2.0,339
102,0,339:125208,mixed,125208,hotpotqa,1,0.125,5.0,5.0,0.0,5.0,2836.375,6.0,339
102,0,340:107399,mixed,107399,hotpotqa,7,0.875,1.0,1.0,0.0,2.0,1279.375,2.0,340
102,0,340:103900,mixed,103900,hotpotqa,7,0.875,3.0,3.0,0.0,4.0,2553.5,4.0,340
102,0,340:90956,mixed,90956,hotpotqa,6,0.75,1.75,2.0,0.0,2.0,1402.0,2.75,340
102,0,341:135509,mixed,135509,hotpotqa,7,0.875,3.0,3.0,0.0,4.0,2636.875,4.0,341
102,0,341:126542,mixed,126542,hotpotqa,3,0.375,4.25,3.0,0.0,5.25,3452.375,5.25,341
102,0,341:33154,mixed,33154,nq,7,0.875,1.0,1.0,0.0,1.0,714.375,2.0,341
102,0,341:154361,mixed,154361,hotpotqa,4,0.5,2.0,2.0,0.0,2.0,1335.0,3.0,341
102,0,341:126314,mixed,126314,hotpotqa,6,0.75,3.75,3.0,0.0,3.75,2284.0,4.75,341
103,0,342:127641,mixed,127641,hotpotqa,3,0.375,1.375,2.0,0.0,2.375,1571.625,2.375,342
103,0,342:53235,mixed,53235,nq,3,0.375,1.0,1.0,0.0,1.0,692.125,2.0,342
103,0,342:89795,mixed,89795,hotpotqa,1,0.125,2.0,2.0,0.0,2.0,1286.0,3.0,342
103,0,343:11317,mixed,11317,nq,6,0.75,5.75,5.333333333333333,2.0,6.75,4257.5,6.75,343
103,0,343:1946,mixed,1946,nq,7,0.875,1.0,1.0,0.0,3.0,1986.25,2.0,343
103,0,343:134957,mixed,134957,hotpotqa,2,0.25,2.0,2.0,0.0,2.0,1291.75,3.0,343
103,0,343:105022,mixed,105022,hotpotqa,7,0.875,1.125,1.0,0.0,1.125,820.625,2.125,343
103,0,344:99042,mixed,99042,hotpotqa,5,0.625,2.0,2.0,0.0,6.0,3502.625,3.0,344
103,0,345:12780,mixed,12780,nq,2,0.25,1.0,1.0,0.0,1.0,856.25,2.0,345
103,0,345:32606,mixed,32606,nq,5,0.625,3.375,3.6,1.0,5.375,3253.75,4.375,345
103,0,345:108598,mixed,108598,hotpotqa,3,0.375,1.375,2.0,0.0,2.375,1797.625,2.375,345
103,0,345:97139,mixed,97139,hotpotqa,7,0.875,2.125,2.142857142857143,1.0,2.125,1522.625,3.125,345
103,0,346:94784,mixed,94784,hotpotqa,7,0.875,1.875,2.0,0.0,3.875,2491.5,2.875,346
103,0,346:132870,mixed,132870,hotpotqa,3,0.375,2.375,3.0,0.0,2.375,1568.25,3.375,346
103,0,346:140382,mixed,140382,hotpotqa,1,0.125,3.25,4.0,0.0,3.25,1954.5,4.25,346
103,0,347:58089,mixed,58089,nq,6,0.75,2.0,2.0,0.0,2.0,1275.5,3.0,347
103,0,348:70542,mixed,70542,nq,5,0.625,1.0,1.0,0.0,3.0,1686.875,2.0,348
103,0,349:23499,mixed,23499,nq,3,0.375,4.25,4.666666666666667,1.0,4.25,2437.125,5.25,349
103,0,349:13216,mixed,13216,nq,1,0.125,2.0,2.0,0.0,4.0,2345.5,3.0,349
103,0,349:159446,mixed,159446,hotpotqa,5,0.625,1.0,1.0,0.0,2.0,1352.25,2.0,349
103,0,349:73273,mixed,73273,nq,2,0.25,1.25,2.0,0.0,3.25,1745.25,2.25,349
103,0,350:79509,mixed,79509,hotpotqa,6,0.75,1.75,2.0,0.0,1.75,1268.875,2.75,350
103,0,350:42015,mixed,42015,nq,2,0.25,1.0,1.0,0.0,1.0,765.25,2.0,350
103,0,351:130203,mixed,130203,hotpotqa,3,0.375,3.0,3.0,0.0,3.0,1817.5,4.0,351
103,0,351:132432,mixed,132432,hotpotqa,1,0.125,2.875,2.0,0.0,2.875,1943.5,3.875,351
103,0,351:144937,mixed,144937,hotpotqa,7,0.875,1.0,1.0,0.0,2.0,1244.5,2.0,351
103,0,351:36634,mixed,36634,nq,2,0.25,1.0,1.0,0.0,1.25,825.5,2.0,351
103,0,352:35411,mixed,35411,nq,2,0.25,1.0,1.0,0.0,1.0,681.25,2.0,352
103,0,352:124313,mixed,124313,hotpotqa,7,0.875,1.0,1.0,0.0,2.0,1352.5,2.0,352
103,0,352:117333,mixed,117333,hotpotqa,3,0.375,1.0,1.0,0.0,2.0,1339.875,2.0,352
103,0,352:118802,mixed,118802,hotpotqa,1,0.125,1.0,1.0,0.0,2.0,1309.625,2.0,352
103,0,353:128344,mixed,128344,hotpotqa,4,0.5,2.0,2.0,0.0,2.5,1575.5,3.0,353
104,0,354:111419,mixed,111419,hotpotqa,1,0.125,2.0,2.0,0.0,2.0,1157.5,3.0,354
104,0,354:12370,mixed,12370,nq,4,0.5,2.125,2.0,0.0,2.125,1467.5,3.125,354
104,0,354:12582,mixed,12582,nq,1,0.125,1.0,1.0,0.0,1.0,832.5,2.0,354
104,0,354:31417,mixed,31417,nq,6,0.75,1.0,1.0,0.0,3.0,1735.375,2.0,354
104,0,354:110109,mixed,110109,hotpotqa,5,0.625,2.0,2.0,0.0,2.0,1358.875,3.0,354
104,0,354:64756,mixed,64756,nq,3,0.375,3.0,3.0,0.0,3.0,1938.0,4.0,354
104,0,354:22122,mixed,22122,nq,6,0.75,1.0,1.0,0.0,2.75,1687.5,2.0,354
104,0,355:107304,mixed,107304,hotpotqa,1,0.125,2.0,2.0,0.0,2.0,1227.5,3.0,355
104,0,355:126141,mixed,126141,hotpotqa,7,0.875,1.0,1.0,0.0,2.0,1277.375,2.0,355
104,0,356:44407,mixed,44407,nq,6,0.75,1.0,1.0,0.0,2.0,1208.25,2.0,356
104,0,357:103225,mixed,103225,hotpotqa,5,0.625,2.0,2.0,0.0,2.0,1427.25,3.0,357
104,0,357:51828,mixed,51828,nq,1,0.125,1.875,1.0,0.0,1.875,1198.375,2.875,357
104,0,357:105465,mixed,105465,hotpotqa,6,0.75,1.75,2.0,0.0,2.75,1756.75,2.75,357
104,0,357:67652,mixed,67652,nq,3,0.375,1.75,2.6666666666666665,1.0,2.75,1647.5,2.75,357
104,0,357:94747,mixed,94747,hotpotqa,7,0.875,1.125,1.0,0.0,1.125,798.5,2.125,357
104,0,358:157018,mixed,157018,hotpotqa,5,0.625,3.0,3.0,0.0,3.0,2226.0,4.0,358
104,0,359:56485,mixed,56485,nq,7,0.875,3.0,3.0,0.0,4.0,2184.75,4.0,359
104,0,359:45246,mixed,45246,nq,2,0.25,2.0,2.0,0.0,3.0,1881.625,3.0,359
104,0,360:30890,mixed,30890,nq,2,0.25,1.25,2.0,0.0,1.25,872.0,2.25,360
104,0,360:162841,mixed,162841,hotpotqa,4,0.5,2.0,2.0,0.0,2.0,1373.0,3.0,360
104,0,360:121429,mixed,121429,hotpotqa,2,0.25,2.0,2.0,0.0,2.0,1279.25,3.0,360
104,0,361:9407,mixed,9407,nq,4,0.5,1.75,2.0,0.0,2.75,1690.25,2.75,361
104,0,361:43631,mixed,43631,nq,6,0.75,2.0,2.0,0.0,3.0,1849.25,3.0,361
104,0,361:46089,mixed,46089,nq,4,0.5,1.0,1.0,0.0,2.0,1219.5,2.0,361
104,0,361:134549,mixed,134549,hotpotqa,5,0.625,1.0,1.0,0.0,2.0,1320.375,2.0,361
104,0,361:118324,mixed,118324,hotpotqa,5,0.625,2.125,2.0,0.0,2.375,1473.0,3.125,361
104,0,361:46521,mixed,46521,nq,4,0.5,1.5,1.0,0.0,2.5,1399.0,2.5,361
104,0,362:57730,mixed,57730,nq,1,0.125,3.125,4.0,0.0,4.125,2507.125,4.125,362
104,0,362:33021,mixed,33021,nq,6,0.75,2.875,3.0,0.0,2.875,1771.625,3.875,362
104,0,362:33128,mixed,33128,nq,2,0.25,1.0,1.0,0.0,1.0,746.0,2.0,362
104,0,362:14391,mixed,14391,nq,1,0.125,1.0,1.0,0.0,3.0,1985.875,2.0,362
104,0,362:136659,mixed,136659,hotpotqa,6,0.75,1.25,1.0,0.0,2.25,1322.75,2.25,362
105,0,363:141018,mixed,141018,hotpotqa,2,0.25,2.0,2.0,0.0,3.0,1730.5,3.0,363
105,0,363:408,mixed,408,nq,6,0.75,1.0,1.0,0.0,2.0,1205.5,2.0,363
105,0,364:89030,mixed,89030,hotpotqa,4,0.5,1.0,1.0,0.0,2.0,1229.0,2.0,364
105,0,364:89164,mixed,89164,hotpotqa,2,0.25,3.25,4.0,0.0,3.25,2188.0,4.25,364
105,0,364:22050,mixed,22050,nq,6,0.75,1.0,1.0,0.0,2.0,1233.0,2.0,364
105,0,364:153709,mixed,153709,hotpotqa,1,0.125,1.0,1.0,0.0,2.0,1386.625,2.0,364
105,0,365:145661,mixed,145661,hotpotqa,3,0.375,3.0,3.0,0.0,3.0,1854.0,4.0,365
105,0,365:60275,mixed,60275,nq,5,0.625,1.0,1.0,0.0,2.0,1261.25,2.0,365
105,0,365:22539,mixed,22539,nq,2,0.25,1.0,1.0,0.0,2.0,1244.0,2.0,365
105,0,365:58402,mixed,58402,nq,7,0.875,1.0,1.0,0.0,1.0,709.375,2.0,365
105,0,365:142396,mixed,142396,hotpotqa,4,0.5,3.0,3.0,0.0,3.0,1863.5,4.0,365
105,0,365:42272,mixed,42272,nq,2,0.25,1.0,1.0,0.0,3.0,1824.75,2.0,365
105,0,366:21799,mixed,21799,nq,7,0.875,2.875,3.0,0.0,3.875,2512.25,3.875,366
105,0,366:115884,mixed,115884,hotpotqa,4,0.5,2.0,2.0,0.0,2.0,1369.75,3.0,366
105,0,366:33177,mixed,33177,nq,3,0.375,1.375,2.0,0.0,2.0,1349.875,2.375,366
105,0,366:23873,mixed,23873,nq,7,0.875,1.0,1.0,0.0,2.0,1251.375,2.0,366
105,0,367:138767,mixed,138767,hotpotqa,1,0.125,3.75,2.0,0.0,4.75,2886.25,4.75,367
105,0,367:58327,mixed,58327,nq,2,0.25,2.25,3.0,0.0,3.25,2129.75,3.25,367
105,0,368:154354,mixed,154354,hotpotqa,4,0.5,1.0,1.0,0.0,3.0,1801.0,2.0,368
105,0,368:48685,mixed,48685,nq,1,0.125,1.0,1.0,0.0,1.0,712.75,2.0,368
105,0,368:19745,mixed,19745,nq,3,0.375,1.375,2.0,0.0,2.375,1585.5,2.375,368
105,0,368:125684,mixed,125684,hotpotqa,1,0.125,2.0,2.0,0.0,3.0,2011.125,3.0,368
105,0,369:87090,mixed,87090,hotpotqa,6,0.75,1.75,2.0,0.0,2.75,1633.5,2.75,369
105,0,369:16139,mixed,16139,nq,7,0.875,4.375,4.0,0.0,4.375,2589.75,5.375,369
105,0,369:13380,mixed,13380,nq,7,0.875,1.0,1.0,0.0,1.0,715.125,2.0,369
105,0,369:34420,mixed,34420,nq,4,0.5,2.125,2.25,1.0,3.125,1871.0,3.125,369
105,0,370:54189,mixed,54189,nq,7,0.875,2.375,2.0,0.0,2.375,1355.375,3.375,370
105,0,370:109803,mixed,109803,hotpotqa,1,0.125,1.875,1.0,0.0,2.875,2046.75,2.875,370
105,0,370:125815,mixed,125815,hotpotqa,4,0.5,1.625,1.25,1.0,2.0,1401.25,2.625,370
105,0,370:50364,mixed,50364,nq,3,0.375,1.0,1.0,0.0,2.0,1266.0,2.0,370
105,0,370:20572,mixed,20572,nq,1,0.125,1.0,1.0,0.0,1.125,752.0,2.0,370
105,0,371:142747,mixed,142747,hotpotqa,4,0.5,1.0,1.0,0.0,2.0,1276.25,2.0,371
106,0,372:127069,mixed,127069,hotpotqa,6,0.75,2.125,2.0,0.0,3.125,1945.0,3.125,372
106,0,372:67333,mixed,67333,nq,5,0.625,2.125,1.0,0.0,4.125,2587.75,3.125,372
106,0,372:141838,mixed,141838,hotpotqa,5,0.625,2.0,2.0,0.0,2.0,1326.25,3.0,372
106,0,374:79720,mixed,79720,hotpotqa,3,0.375,2.0,2.0,0.0,2.0,1462.375,3.0,374
106,0,374:105493,mixed,105493,hotpotqa,6,0.75,1.0,1.0,0.0,2.0,1490.75,2.0,374
106,0,375:108668,mixed,108668,hotpotqa,6,0.75,5.75,6.0,0.0,6.75,3690.125,6.75,375
106,0,375:114298,mixed,114298,hotpotqa,7,0.875,4.0,4.0,0.0,5.0,3090.125,5.0,375
106,0,375:147192,mixed,147192,hotpotqa,6,0.75,3.0,3.0,0.0,4.0,2782.375,4.0,375
106,0,375:55826,mixed,55826,nq,2,0.25,1.0,1.0,0.0,2.0,1241.5,2.0,375
106,0,375:60121,mixed,60121,nq,3,0.375,1.0,1.0,0.0,2.0,1443.125,2.0,375
106,0,375:141859,mixed,141859,hotpotqa,2,0.25,2.0,2.0,0.0,2.0,1283.0,3.0,375
106,0,376:124326,mixed,124326,hotpotqa,6,0.75,2.0,2.0,0.0,2.0,1228.75,3.0,376
106,0,376:70339,mixed,70339,nq,6,0.75,2.75,3.0,0.0,3.75,2263.875,3.75,376
106,0,376:42078,mixed,42078,nq,1,0.125,1.25,3.0,0.0,1.25,798.125,2.25,376
106,0,377:161053,mixed,161053,hotpotqa,3,0.375,2.625,2.0,0.0,2.625,1653.875,3.625,377
106,0,378:48556,mixed,48556,nq,7,0.875,1.25,1.1428571428571428,1.0,2.25,1468.0,2.25,378
106,0,378:54845,mixed,54845,nq,7,0.875,1.875,2.0,0.0,2.875,1641.625,2.875,378
106,0,378:108343,mixed,108343,hotpotqa,7,0.875,2.0,2.0,0.0,2.0,1280.125,3.0,378
106,0,379:156511,mixed,156511,hotpotqa,4,0.5,2.0,2.0,0.0,3.0,1795.5,3.0,379
106,0,379:19840,mixed,19840,nq,3,0.375,1.375,2.0,0.0,2.375,1511.375,2.375,379
106,0,379:109231,mixed,109231,hotpotqa,6,0.75,1.0,1.0,0.0,2.0,1213.25,2.0,379
106,0,379:86890,mixed,86890,hotpotqa,1,0.125,1.0,1.0,0.0,2.0,1218.5,2.0,379
106,0,379:12472,mixed,12472,nq,3,0.375,3.75,5.0,4.0,4.0,2876.125,4.75,379
106,0,379:63371,mixed,63371,nq,2,0.25,4.125,6.0,0.0,5.125,3156.375,5.125,379
106,0,379:99995,mixed,99995,hotpotqa,5,0.625,2.0,2.0,0.0,2.0,1298.875,3.0,379
106,0,380:155114,mixed,155114,hotpotqa,6,0.75,2.0,2.0,0.0,3.0,1764.75,3.0,380
106,0,380:35951,mixed,35951,nq,3,0.375,2.0,2.0,0.0,2.0,1303.0,3.0,380
106,0,380:136932,mixed,136932,hotpotqa,5,0.625,1.0,1.0,0.0,2.0,1300.75,2.0,380
106,0,380:28852,mixed,28852,nq,7,0.875,1.0,1.0,0.0,4.0,2164.25,2.0,380
106,0,381:142885,mixed,142885,hotpotqa,7,0.875,5.75,6.0,0.0,5.75,3418.25,6.75,381
106,0,381:92099,mixed,92099,hotpotqa,1,0.125,6.125,7.0,0.0,6.125,3675.5,7.125,381
106,0,381:57093,mixed,57093,nq,3,0.375,4.75,5.0,0.0,6.75,3668.5,5.75,381
107,0,382:106911,mixed,106911,hotpotqa,1,0.125,2.0,2.0,0.0,2.0,1351.75,3.0,382
107,0,382:12937,mixed,12937,nq,2,0.25,1.0,1.0,0.0,1.0,666.0,2.0,382
107,0,383:63905,mixed,63905,nq,3,0.375,1.875,1.6666666666666667,1.0,2.875,1681.0,2.875,383
107,0,383:72463,mixed,72463,nq,6,0.75,2.0,2.0,0.0,2.0,1554.25,3.0,383
107,0,384:111810,mixed,111810,hotpotqa,6,0.75,2.25,2.0,0.0,2.25,1426.25,3.25,384
107,0,384:96278,mixed,96278,hotpotqa,7,0.875,1.0,1.0,0.0,2.0,1337.25,2.0,384
107,0,384:22431,mixed,22431,nq,3,0.375,1.0,1.0,0.0,1.0,687.375,2.0,384
107,0,384:136301,mixed,136301,hotpotqa,2,0.25,3.0,3.0,0.0,4.0,2497.5,4.0,384
107,0,385:143309,mixed,143309,hotpotqa,3,0.375,1.0,1.0,0.0,2.0,1245.875,2.0,385
107,0,385:99768,mixed,99768,hotpotqa,1,0.125,1.375,4.0,0.0,2.25,1334.5,2.375,385
107,0,385:97053,mixed,97053,hotpotqa,4,0.5,1.0,1.0,0.0,2.0,1292.5,2.0,385
107,0,385:138365,mixed,138365,hotpotqa,4,0.5,1.0,1.0,0.0,1.0,754.0,2.0,385
107,0,385:106257,mixed,106257,hotpotqa,2,0.25,2.0,2.0,0.0,3.0,1914.25,3.0,385
107,0,385:10561,mixed,10561,nq,6,0.75,1.0,1.0,0.0,1.0,722.25,2.0,385
107,0,386:20823,mixed,20823,nq,3,0.375,1.0,1.0,0.0,4.0,2138.625,2.0,386
107,0,386:587,mixed,587,nq,6,0.75,1.0,1.0,0.0,2.0,1168.75,2.0,386
107,0,386:158476,mixed,158476,hotpotqa,7,0.875,1.0,1.0,0.0,2.0,1356.875,2.0,386
107,0,386:50028,mixed,50028,nq,1,0.125,1.0,1.0,0.0,1.0,776.875,2.0,386
107,0,386:123482,mixed,123482,hotpotqa,6,0.75,1.0,1.0,0.0,2.0,1316.0,2.0,386
107,0,386:23722,mixed,23722,nq,7,0.875,2.0,2.0,0.0,3.0,1740.125,3.0,386
107,0,386:45319,mixed,45319,nq,1,0.125,1.0,1.0,0.0,2.0,1278.0,2.0,386
107,0,387:127505,mixed,127505,hotpotqa,3,0.375,1.0,1.0,0.0,1.0,806.25,2.0,387
107,0,387:113769,mixed,113769,hotpotqa,7,0.875,3.0,3.0,0.0,4.0,2110.375,4.0,387
107,0,387:101944,mixed,101944,hotpotqa,1,0.125,1.875,1.0,0.0,2.0,1270.25,2.875,387
107,0,387:103032,mixed,103032,hotpotqa,4,0.5,1.0,1.0,0.0,3.0,1881.875,2.0,387
107,0,387:8102,mixed,8102,nq,7,0.875,1.0,1.0,0.0,2.0,1254.5,2.0,387
107,0,387:102143,mixed,102143,hotpotqa,7,0.875,1.25,1.1428571428571428,1.0,1.25,1042.375,2.25,387
107,0,388:129515,mixed,129515,hotpotqa,2,0.25,1.0,1.0,0.0,2.0,1240.5,2.0,388
107,0,388:66679,mixed,66679,nq,1,0.125,1.0,1.0,0.0,2.0,1299.125,2.0,388
107,0,388:132654,mixed,132654,hotpotqa,6,0.75,3.125,3.1666666666666665,1.0,3.125,1959.5,4.125,388
107,0,389:14865,mixed,14865,nq,3,0.375,1.0,1.0,0.0,1.375,951.5,2.0,389
107,0,389:54453,mixed,54453,nq,7,0.875,1.0,1.0,0.0,2.0,1263.5,2.0,389
108,0,390:39778,mixed,39778,nq,5,0.625,1.0,1.0,0.0,2.0,1281.625,2.0,390
108,0,390:51809,mixed,51809,nq,2,0.25,1.0,1.0,0.0,2.0,1136.5,2.0,390
108,0,390:91491,mixed,91491,hotpotqa,7,0.875,3.0,3.2857142857142856,3.0,4.0,2525.375,4.0,390
108,0,390:150616,mixed,150616,hotpotqa,1,0.125,2.0,2.0,0.0,2.0,1362.125,3.0,390
108,0,390:106757,mixed,106757,hotpotqa,3,0.375,2.0,2.0,0.0,3.0,1861.5,3.0,390
108,0,390:114441,mixed,114441,hotpotqa,6,0.75,1.0,1.0,0.0,1.0,798.5,2.0,390
108,0,391:2944,mixed,2944,nq,7,0.875,1.125,1.0,0.0,2.0,1167.625,2.125,391
108,0,391:67465,mixed,67465,nq,7,0.875,2.0,2.0,0.0,2.0,1259.375,3.0,391
108,0,392:46623,mixed,46623,nq,3,0.375,1.625,1.0,0.0,2.625,1706.5,2.625,392
108,0,392:142316,mixed,142316,hotpotqa,2,0.25,3.25,4.0,0.0,3.25,2009.75,4.25,392
108,0,393:131683,mixed,131683,hotpotqa,4,0.5,2.5,3.0,0.0,4.0,2428.25,3.5,393
108,0,393:145178,mixed,145178,hotpotqa,1,0.125,3.0,3.0,0.0,4.0,2351.25,4.0,393
108,0,393:41333,mixed,41333,nq,1,0.125,1.875,1.0,0.0,1.875,1073.375,2.875,393
108,0,393:155687,mixed,155687,hotpotqa,4,0.5,1.0,1.0,0.0,2.0,1428.25,2.0,393
108,0,393:65486,mixed,65486,nq,1,0.125,1.0,1.0,0.0,2.0,1250.75,2.0,393
108,0,393:130317,mixed,130317,hotpotqa,3,0.375,3.0,3.0,0.0,3.0,1948.875,4.0,393
108,0,394:57042,mixed,57042,nq,5,0.625,2.0,2.0,0.0,2.0,1254.5,3.0,394
108,0,394:94617,mixed,94617,hotpotqa,7,0.875,3.0,3.0,0.0,3.0,2149.5,4.0,394
108,0,394:116358,mixed,116358,hotpotqa,5,0.625,2.0,2.0,0.0,3.0,1906.75,3.0,394
108,0,394:20212,mixed,20212,nq,1,0.125,4.875,5.0,0.0,5.375,3173.375,5.875,394
108,0,394:52282,mixed,52282,nq,4,0.5,3.0,3.0,0.0,3.0,1913.875,4.0,394
108,0,395:2245,mixed,2245,nq,2,0.25,1.0,1.0,0.0,3.0,1768.0,2.0,395
108,0,395:56735,mixed,56735,nq,1,0.125,1.0,1.0,0.0,2.0,1147.625,2.0,395
108,0,395:124669,mixed,124669,hotpotqa,5,0.625,3.625,4.0,0.0,3.625,2296.0,4.625,395
108,0,395:71164,mixed,71164,nq,4,0.5,3.0,3.0,0.0,3.0,1767.0,4.0,395
108,0,396:52289,mixed,52289,nq,2,0.25,1.0,1.0,0.0,1.0,800.5,2.0,396
108,0,396:163596,mixed,163596,hotpotqa,1,0.125,2.875,2.0,0.0,3.875,2372.375,3.875,396
108,0,396:155785,mixed,155785,hotpotqa,4,0.5,2.0,2.0,0.0,2.0,1359.0,3.0,396
108,0,396:89576,mixed,89576,hotpotqa,1,0.125,3.625,4.0,0.0,5.375,3104.375,4.625,396
108,0,397:161366,mixed,161366,hotpotqa,6,0.75,4.75,4.0,0.0,5.75,3795.25,5.75,397
108,0,397:82314,mixed,82314,hotpotqa,6,0.75,1.75,2.0,0.0,2.75,1809.875,2.75,397
108,0,397:141156,mixed,141156,hotpotqa,2,0.25,1.0,1.0,0.0,2.0,1284.5,2.0,397
109,0,398:48768,mixed,48768,nq,3,0.375,2.25,2.0,0.0,3.25,2181.625,3.25,398
109,0,398:164935,mixed,164935,hotpotqa,7,0.875,4.0,4.0,0.0,4.0,2663.25,5.0,398
109,0,398:77769,mixed,77769,nq,2,0.25,1.75,1.0,0.0,2.0,1245.5,2.75,398
109,0,398:152006,mixed,152006,hotpotqa,2,0.25,1.0,1.0,0.0,2.0,1417.75,2.0,398
109,0,399:69750,mixed,69750,nq,4,0.5,1.0,1.0,0.0,1.0,824.5,2.0,399
109,0,400:42775,mixed,42775,nq,5,0.625,2.0,2.0,0.0,3.0,1858.0,3.0,400
109,0,401:21101,mixed,21101,nq,7,0.875,1.0,1.0,0.0,2.0,1245.25,2.0,401
109,0,401:84054,mixed,84054,hotpotqa,6,0.75,4.75,5.0,0.0,4.75,3533.0,5.75,401
109,0,401:161429,mixed,161429,hotpotqa,3,0.375,1.0,1.0,0.0,2.0,1284.75,2.0,401
109,0,401:53502,mixed,53502,nq,1,0.125,3.125,4.0,0.0,3.125,2060.25,4.125,401
109,0,402:24490,mixed,24490,nq,5,0.625,1.375,1.0,0.0,1.375,993.5,2.375,402
109,0,402:11751,mixed,11751,nq,2,0.25,1.0,1.0,0.0,3.0,1853.75,2.0,402
109,0,402:76150,mixed,76150,nq,5,0.625,1.0,1.0,0.0,2.0,1259.25,2.0,402
109,0,402:98962,mixed,98962,hotpotqa,3,0.375,2.0,2.0,0.0,2.0,1274.625,3.0,402
109,0,403:128248,mixed,128248,hotpotqa,7,0.875,3.0,3.0,0.0,3.0,1877.75,4.0,403
109,0,403:102365,mixed,102365,hotpotqa,1,0.125,3.25,3.0,0.0,3.25,2072.875,4.25,403
109,0,403:152935,mixed,152935,hotpotqa,4,0.5,3.75,4.0,0.0,3.75,2364.25,4.75,403
109,0,404:104414,mixed,104414,hotpotqa,6,0.75,1.0,1.0,0.0,2.0,1292.5,2.0,404
109,0,404:102895,mixed,102895,hotpotqa,3,0.375,1.0,1.0,0.0,2.0,1257.375,2.0,404
109,0,405:142138,mixed,142138,hotpotqa,7,0.875,1.125,1.0,0.0,2.125,1289.125,2.125,405
109,0,405:31295,mixed,31295,nq,1,0.125,1.875,1.0,0.0,1.875,1421.25,2.875,405
109,0,405:127791,mixed,127791,hotpotqa,2,0.25,1.0,1.0,0.0,2.0,1351.25,2.0,405
109,0,405:38576,mixed,38576,nq,4,0.5,6.0,5.5,3.0,8.0,5348.0,7.0,405
109,0,405:111885,mixed,111885,hotpotqa,1,0.125,1.0,1.0,0.0,2.0,1200.625,2.0,405
109,0,406:140725,mixed,140725,hotpotqa,1,0.125,1.0,1.0,0.0,2.0,1316.875,2.0,406
109,0,406:132694,mixed,132694,hotpotqa,7,0.875,1.0,1.0,0.0,2.0,1282.875,2.0,406
109,0,407:57414,mixed,57414,nq,2,0.25,3.0,3.0,0.0,3.0,2081.0,4.0,407
109,0,407:120890,mixed,120890,hotpotqa,7,0.875,1.25,1.2857142857142858,2.0,2.25,1374.75,2.25,407
109,0,407:158609,mixed,158609,hotpotqa,1,0.125,2.0,2.0,0.0,3.0,1729.75,3.0,407
109,0,408:95493,mixed,95493,hotpotqa,7,0.875,1.0,1.0,0.0,2.0,1239.375,2.0,408
109,0,408:143614,mixed,143614,hotpotqa,2,0.25,2.75,2.0,0.0,4.5,1953.25,3.75,408
109,0,408:118743,mixed,118743,hotpotqa,6,0.75,2.75,2.6666666666666665,1.0,2.75,1747.0,3.75,408
110,0,409:46449,mixed,46449,nq,7,0.875,1.875,2.0,0.0,2.875,1714.5,2.875,409
110,0,409:130951,mixed,130951,hotpotqa,1,0.125,2.0,2.0,0.0,3.0,1891.125,3.0,409
110,0,410:53979,mixed,53979,nq,6,0.75,2.0,2.0,0.0,2.0,1376.0,3.0,410
110,0,410:40792,mixed,40792,nq,4,0.5,3.75,3.0,0.0,3.75,2755.0,4.75,410
110,0,410:1548,mixed,1548,nq,1,0.125,1.0,1.0,0.0,2.0,1112.0,2.0,410
110,0,410:106343,mixed,106343,hotpotqa,1,0.125,2.125,3.0,0.0,3.125,2067.875,3.125,410
110,0,411:50071,mixed,50071,nq,1,0.125,2.0,2.0,0.0,2.0,1366.875,3.0,411
110,0,411:61794,mixed,61794,nq,2,0.25,1.0,1.0,0.0,2.0,1303.25,2.0,411
110,0,411:109348,mixed,109348,hotpotqa,5,0.625,1.0,1.0,0.0,2.0,1366.25,2.0,411
110,0,412:15916,mixed,15916,nq,1,0.125,2.0,2.0,0.0,2.875,1619.0,3.0,412
110,0,412:154819,mixed,154819,hotpotqa,6,0.75,1.25,1.0,0.0,2.0,1194.125,2.25,412
110,0,413:90575,mixed,90575,hotpotqa,6,0.75,5.0,4.666666666666667,2.0,6.0,4920.375,6.0,413
110,0,413:41726,mixed,41726,nq,4,0.5,1.5,1.0,0.0,1.5,899.5,2.5,413
110,0,413:74047,mixed,74047,nq,1,0.125,1.0,1.0,0.0,2.0,1228.25,2.0,413
110,0,413:121882,mixed,121882,hotpotqa,6,0.75,2.0,2.0,0.0,3.0,1954.75,3.0,413
110,0,414:46055,mixed,46055,nq,7,0.875,2.875,3.0,0.0,2.875,1718.5,3.875,414
110,0,414:113948,mixed,113948,hotpotqa,1,0.125,1.0,1.0,0.0,2.0,1181.25,2.0,414
110,0,414:117389,mixed,117389,hotpotqa,4,0.5,2.0,2.0,0.0,2.0,1270.25,3.0,414
110,0,415:120895,mixed,120895,hotpotqa,5,0.625,2.0,2.0,0.0,2.0,1441.25,3.0,415
110,0,415:113868,mixed,113868,hotpotqa,6,0.75,2.125,2.1666666666666665,1.0,3.125,2017.75,3.125,415
110,0,415:50330,mixed,50330,nq,7,0.875,4.875,4.571428571428571,2.0,4.875,3184.25,5.875,415
110,0,415:146204,mixed,146204,hotpotqa,3,0.375,3.25,2.0,0.0,3.25,2272.125,4.25,415
110,0,415:37595,mixed,37595,nq,5,0.625,1.75,2.0,0.0,1.75,1205.375,2.75,415
110,0,417:38599,mixed,38599,nq,5,0.625,2.5,2.8,1.0,2.5,1628.0,3.5,417
110,0,417:856,mixed,856,nq,3,0.375,1.0,1.0,0.0,3.0,1699.0,2.0,417
110,0,417:40347,mixed,40347,nq,5,0.625,1.125,1.0,0.0,2.125,1417.375,2.125,417
110,0,417:81743,mixed,81743,hotpotqa,1,0.125,1.0,1.0,0.0,2.0,1272.625,2.0,417
110,0,418:34256,mixed,34256,nq,1,0.125,3.125,4.0,0.0,4.125,2871.625,4.125,418
110,0,419:78783,mixed,78783,nq,2,0.25,3.875,4.0,0.0,3.875,2299.125,4.875,419
110,0,419:156855,mixed,156855,hotpotqa,7,0.875,3.0,3.0,0.0,3.0,1923.875,4.0,419
110,0,419:157823,mixed,157823,hotpotqa,5,0.625,2.875,2.8,1.0,2.875,1998.25,3.875,419
110,0,419:103740,mixed,103740,hotpotqa,7,0.875,2.0,2.0,0.0,2.0,1300.75,3.0,419
111,0,420:136503,mixed,136503,hotpotqa,5,0.625,1.0,1.0,0.0,2.0,1230.25,2.0,420
111,0,420:108558,mixed,108558,hotpotqa,1,0.125,2.125,1.0,0.0,3.125,1970.625,3.125,420
111,0,420:24227,mixed,24227,nq,3,0.375,3.0,3.0,0.0,3.0,1823.0,4.0,420
111,0,420:136921,mixed,136921,hotpotqa,1,0.125,6.25,6.0,0.0,6.25,4289.625,7.25,420
111,0,420:128704,mixed,128704,hotpotqa,3,0.375,2.0,2.0,0.0,3.0,1999.0,3.0,420
111,0,421:57880,mixed,57880,nq,7,0.875,1.0,1.0,0.0,2.0,1138.0,2.0,421
111,0,421:23905,mixed,23905,nq,2,0.25,2.0,2.0,0.0,2.0,1243.75,3.0,421
111,0,421:72333,mixed,72333,nq,1,0.125,2.125,3.0,0.0,2.125,1390.375,3.125,421
111,0,421:15056,mixed,15056,nq,5,0.625,3.125,3.4,1.0,3.25,1960.75,4.125,421
111,0,422:138653,mixed,138653,hotpotqa,5,0.625,1.625,2.0,0.0,1.625,1349.25,2.625,422
111,0,422:87203,mixed,87203,hotpotqa,1,0.125,2.0,2.0,0.0,4.0,2456.5,3.0,422
111,0,422:78786,mixed,78786,nq,7,0.875,1.875,2.0,0.0,2.875,1853.5,2.875,422
111,0,423:85102,mixed,85102,hotpotqa,2,0.25,1.0,1.0,0.0,2.0,1400.25,2.0,423
111,0,423:124565,mixed,124565,hotpotqa,1,0.125,1.0,1.0,0.0,2.0,1323.0,2.0,423
111,0,423:126844,mixed,126844,hotpotqa,7,0.875,1.0,1.0,0.0,2.0,1182.25,2.0,423
111,0,423:82859,mixed,82859,hotpotqa,1,0.125,1.0,1.0,0.0,2.0,1372.125,2.0,423
111,0,423:87183,mixed,87183,hotpotqa,2,0.25,1.0,1.0,0.0,2.0,1269.5,2.0,423
111,0,423:80512,mixed,80512,hotpotqa,6,0.75,2.0,2.0,0.0,3.0,2107.25,3.0,423
111,0,424:125792,mixed,125792,hotpotqa,7,0.875,2.0,2.0,0.0,2.0,1488.125,3.0,424
111,0,424:4961,mixed,4961,nq,4,0.5,2.375,2.75,1.0,2.375,1515.625,3.375,424
111,0,424:139551,mixed,139551,hotpotqa,5,0.625,2.0,2.0,0.0,3.0,1859.125,3.0,424
111,0,424:32048,mixed,32048,nq,1,0.125,1.0,1.0,0.0,2.0,1245.125,2.0,424
111,0,424:71746,mixed,71746,nq,7,0.875,1.0,1.0,0.0,1.0,703.875,2.0,424
111,0,425:168168,mixed,168168,hotpotqa,1,0.125,2.875,2.0,0.0,3.875,2601.375,3.875,425
111,0,425:36389,mixed,36389,nq,3,0.375,1.0,1.0,0.0,2.0,1319.5,2.0,425
111,0,425:112248,mixed,112248,hotpotqa,7,0.875,1.125,1.0,0.0,2.0,1387.5,2.125,425
111,0,426:86826,mixed,86826,hotpotqa,1,0.125,1.0,1.0,0.0,2.0,1448.75,2.0,426
111,0,426:12190,mixed,12190,nq,6,0.75,3.0,3.0,0.0,3.0,2102.75,4.0,426
111,0,427:35380,mixed,35380,nq,3,0.375,1.0,1.0,0.0,1.0,639.375,2.0,427
111,0,427:47523,mixed,47523,nq,1,0.125,1.0,1.0,0.0,2.0,1155.625,2.0,427
111,0,427:82539,mixed,82539,hotpotqa,4,0.5,2.0,2.0,0.0,3.0,1978.5,3.0,427
111,0,428:108276,mixed,108276,hotpotqa,1,0.125,2.0,2.0,0.0,3.0,1892.75,3.0,428
112,0,429:78968,mixed,78968,nq,2,0.25,2.0,2.0,0.0,2.0,1422.875,3.0,429
112,0,429:92004,mixed,92004,hotpotqa,4,0.5,1.0,1.0,0.0,2.0,1350.0,2.0,429
112,0,429:72687,mixed,72687,nq,3,0.375,1.0,1.0,0.0,3.0,1521.375,2.0,429
112,0,430:68319,mixed,68319,nq,2,0.25,1.0,1.0,0.0,1.0,780.75,2.0,430
112,0,430:111717,mixed,111717,hotpotqa,5,0.625,3.0,3.0,0.0,3.0,1758.875,4.0,430
112,0,430:12683,mixed,12683,nq,7,0.875,1.0,1.0,0.0,2.0,1277.375,2.0,430
112,0,430:90206,mixed,90206,hotpotqa,3,0.375,1.0,1.0,0.0,2.0,1239.625,2.0,430
112,0,430:45397,mixed,45397,nq,7,0.875,1.375,1.2857142857142858,1.0,2.375,1482.25,2.375,430
112,0,431:87281,mixed,87281,hotpotqa,6,0.75,2.0,2.0,0.0,3.0,1852.0,3.0,431
112,0,431:126325,mixed,126325,hotpotqa,7,0.875,1.125,1.0,0.0,2.125,1486.75,2.125,431
112,0,431:2599,mixed,2599,nq,1,0.125,1.0,1.0,0.0,3.0,1966.625,2.0,431
112,0,432:68207,mixed,68207,nq,5,0.625,2.25,1.8,1.0,3.375,2055.5,3.25,432
112,0,432:50753,mixed,50753,nq,7,0.875,1.0,1.0,0.0,2.0,1289.25,2.0,432
112,0,432:132310,mixed,132310,hotpotqa,6,0.75,1.0,1.0,0.0,2.0,1285.0,2.0,432
112,0,432:92579,mixed,92579,hotpotqa,4,0.5,2.0,2.0,0.0,2.0,1380.0,3.0,432
112,0,432:139017,mixed,139017,hotpotqa,4,0.5,2.875,3.0,0.0,3.875,2231.125,3.875,432
112,0,433:149484,mixed,149484,hotpotqa,6,0.75,3.0,3.0,0.0,3.0,1965.25,4.0,433
112,0,433:43144,mixed,43144,nq,2,0.25,1.0,1.0,0.0,2.0,1406.5,2.0,433
112,0,433:15052,mixed,15052,nq,1,0.125,1.0,1.0,0.0,1.25,715.375,2.0,433
112,0,433:116391,mixed,116391,hotpotqa,2,0.25,2.75,2.0,2.0,3.75,2352.0,3.75,433
112,0,433:168650,mixed,168650,hotpotqa,3,0.375,3.625,4.0,0.0,3.625,2374.375,4.625,433
112,0,433:167166,mixed,167166,hotpotqa,3,0.375,2.625,2.0,0.0,2.625,1548.625,3.625,433
112,0,434:87509,mixed,87509,hotpotqa,4,0.5,2.5,3.0,0.0,2.5,1609.0,3.5,434
112,0,434:132759,mixed,132759,hotpotqa,2,0.25,2.0,2.0,0.0,2.0,1448.25,3.0,434
112,0,434:68730,mixed,68730,nq,1,0.125,1.0,1.0,0.0,1.0,725.5,2.0,434
112,0,435:124535,mixed,124535,hotpotqa,4,0.5,1.0,1.0,0.0,2.0,1338.0,2.0,435
112,0,435:31811,mixed,31811,nq,1,0.125,1.0,1.0,0.0,2.0,1375.25,2.0,435
112,0,435:26435,mixed,26435,nq,3,0.375,1.0,1.0,0.0,2.0,1088.125,2.0,435
112,0,435:18312,mixed,18312,nq,7,0.875,1.0,1.0,0.0,2.0,1212.875,2.0,435
112,0,436:22243,mixed,22243,nq,6,0.75,2.0,2.0,0.0,3.0,1570.25,3.0,436
112,0,436:152342,mixed,152342,hotpotqa,4,0.5,3.625,4.0,0.0,3.625,2218.25,4.625,436
112,0,437:70104,mixed,70104,nq,1,0.125,1.875,2.0,0.0,2.875,1761.75,2.875,437
113,0,438:100210,mixed,100210,hotpotqa,7,0.875,2.875,3.0,0.0,2.875,1819.125,3.875,438
113,0,438:89713,mixed,89713,hotpotqa,1,0.125,2.375,3.0,0.0,3.375,2282.25,3.375,438
113,0,438:127312,mixed,127312,hotpotqa,5,0.625,2.375,2.0,0.0,2.375,1518.0,3.375,438
113,0,438:66885,mixed,66885,nq,7,0.875,3.0,3.0,0.0,4.0,2488.5,4.0,438
113,0,438:40200,mixed,40200,nq,4,0.5,1.0,1.0,0.0,3.0,1995.0,2.0,438
113,0,439:31351,mixed,31351,nq,3,0.375,1.0,1.0,0.0,2.0,1350.375,2.0,439
113,0,439:155867,mixed,155867,hotpotqa,6,0.75,3.5,3.0,0.0,3.5,1938.0,4.5,439
113,0,439:125797,mixed,125797,hotpotqa,5,0.625,5.375,5.0,0.0,5.375,3383.75,6.375,439
113,0,439:146367,mixed,146367,hotpotqa,5,0.625,4.625,5.0,0.0,6.625,3737.5,5.625,439
113,0,439:92648,mixed,92648,hotpotqa,2,0.25,2.0,1.0,0.0,3.0,1987.75,3.0,439
113,0,439:113388,mixed,113388,hotpotqa,6,0.75,2.0,2.0,0.0,3.0,2101.0,3.0,439
113,0,439:83201,mixed,83201,hotpotqa,7,0.875,1.0,1.0,0.0,2.0,1356.625,2.0,439
113,0,440:139110,mixed,139110,hotpotqa,1,0.125,3.5,2.0,0.0,3.5,2217.625,4.5,440
113,0,440:91813,mixed,91813,hotpotqa,5,0.625,1.875,2.0,0.0,3.875,2348.875,2.875,440
113,0,440:39292,mixed,39292,nq,7,0.875,3.0,3.0,0.0,5.0,2801.25,4.0,440
113,0,440:58643,mixed,58643,nq,6,0.75,1.0,1.0,0.0,2.0,1280.5,2.0,440
113,0,442:37157,mixed,37157,nq,3,0.375,1.0,1.0,0.0,1.0,697.125,2.0,442
113,0,442:136720,mixed,136720,hotpotqa,7,0.875,1.0,1.0,0.0,1.625,1048.25,2.0,442
113,0,442:167442,mixed,167442,hotpotqa,1,0.125,2.25,4.0,0.0,2.25,1507.125,3.25,442
113,0,442:130493,mixed,130493,hotpotqa,1,0.125,2.875,2.0,0.0,2.875,1745.125,3.875,442
113,0,442:100728,mixed,100728,hotpotqa,1,0.125,2.0,2.0,0.0,2.0,1256.375,3.0,442
113,0,443:6493,mixed,6493,nq,1,0.125,2.0,2.0,0.0,3.0,1623.75,3.0,443
113,0,444:44555,mixed,44555,nq,4,0.5,1.0,1.0,0.0,2.0,1352.75,2.0,444
113,0,445:88870,mixed,88870,hotpotqa,3,0.375,2.625,2.0,0.0,2.625,1536.875,3.625,445
113,0,445:24307,mixed,24307,nq,5,0.625,1.0,1.0,0.0,2.0,1108.875,2.0,445
113,0,446:107647,mixed,107647,hotpotqa,7,0.875,3.875,4.0,0.0,3.875,2513.375,4.875,446
113,0,446:79159,mixed,79159,nq,2,0.25,2.0,2.0,0.0,4.0,2334.5,3.0,446
113,0,446:134472,mixed,134472,hotpotqa,7,0.875,2.375,2.2857142857142856,1.0,2.375,1526.25,3.375,446
113,0,446:106641,mixed,106641,hotpotqa,1,0.125,2.625,2.0,0.0,2.625,1724.625,3.625,446
113,0,446:33694,mixed,33694,nq,7,0.875,1.0,1.0,0.0,2.0,1199.625,2.0,446
113,0,446:107641,mixed,107641,hotpotqa,3,0.375,3.0,3.0,0.0,3.0,1811.375,4.0,446
113,0,447:113831,mixed,113831,hotpotqa,3,0.375,2.0,2.0,0.0,2.0,1289.5,3.0,447
114,0,448:151961,mixed,151961,hotpotqa,4,0.5,1.125,1.25,1.0,2.125,1494.375,2.125,448
114,0,448:53874,mixed,53874,nq,4,0.5,1.0,1.0,0.0,2.0,1224.0,2.0,448
114,0,448:2854,mixed,2854,nq,6,0.75,3.25,3.0,0.0,3.25,2253.0,4.25,448
114,0,449:94044,mixed,94044,hotpotqa,1,0.125,2.125,3.0,0.0,3.125,2029.125,3.125,449
114,0,450:127046,mixed,127046,hotpotqa,2,0.25,1.0,1.0,0.0,2.0,1253.75,2.0,450
114,0,450:678,mixed,678,nq,4,0.5,2.0,2.0,0.0,2.0,1388.0,3.0,450
114,0,450:55579,mixed,55579,nq,4,0.5,1.0,1.0,0.0,2.0,1168.0,2.0,450
114,0,450:24516,mixed,24516,nq,1,0.125,1.0,1.0,0.0,2.0,1066.375,2.0,450
114,0,451:146432,mixed,146432,hotpotqa,6,0.75,4.0,4.0,0.0,4.0,2441.25,5.0,451
114,0,451:105225,mixed,105225,hotpotqa,5,0.625,1.0,1.0,0.0,2.0,1432.0,2.0,451
114,0,452:80831,mixed,80831,hotpotqa,3,0.375,2.0,2.0,0.0,2.0,1284.375,3.0,452
114,0,452:109290,mixed,109290,hotpotqa,4,0.5,2.0,2.0,0.0,2.0,1271.5,3.0,452
114,0,452:70971,mixed,70971,nq,4,0.5,1.0,1.0,0.0,2.0,1179.5,2.0,452
114,0,453:109214,mixed,109214,hotpotqa,5,0.625,3.375,3.0,0.0,3.375,2566.625,4.375,453
114,0,454:120987,mixed,120987,hotpotqa,3,0.375,2.25,1.0,0.0,2.25,1484.125,3.25,454
114,0,454:98755,mixed,98755,hotpotqa,1,0.125,2.0,2.0,0.0,2.0,1282.625,3.0,454
114,0,454:52913,mixed,52913,nq,3,0.375,1.0,1.0,0.0,2.0,1223.0,2.0,454
114,0,454:30847,mixed,30847,nq,1,0.125,1.0,1.0,0.0,1.0,842.75,2.0,454
114,0,454:89004,mixed,89004,hotpotqa,5,0.625,2.25,3.0,0.0,3.25,1808.0,3.25,454
114,0,455:72551,mixed,72551,nq,6,0.75,1.25,1.0,0.0,2.25,1371.0,2.25,455
114,0,456:129405,mixed,129405,hotpotqa,1,0.125,1.125,2.0,0.0,1.125,797.75,2.125,456
114,0,456:21441,mixed,21441,nq,1,0.125,1.875,2.0,0.0,2.875,1660.75,2.875,456
114,0,457:76172,mixed,76172,nq,7,0.875,2.125,2.0,0.0,2.25,1443.125,3.125,457
114,0,457:134456,mixed,134456,hotpotqa,1,0.125,3.875,3.0,0.0,3.875,2498.625,4.875,457
114,0,457:168811,mixed,168811,hotpotqa,7,0.875,1.125,1.1428571428571428,1.0,2.125,1428.5,2.125,457
114,0,457:3645,mixed,3645,nq,7,0.875,2.0,2.0,0.0,3.0,1991.375,3.0,457
114,0,457:162241,mixed,162241,hotpotqa,7,0.875,3.0,3.0,0.0,3.0,1894.0,4.0,457
114,0,458:133124,mixed,133124,hotpotqa,6,0.75,1.0,1.0,0.0,2.0,1192.0,2.0,458
114,0,458:153272,mixed,153272,hotpotqa,2,0.25,2.75,2.0,0.0,2.75,1794.75,3.75,458
114,0,458:136426,mixed,136426,hotpotqa,7,0.875,1.875,2.0,0.0,2.875,1860.125,2.875,458
114,0,459:4936,mixed,4936,nq,1,0.125,1.875,1.0,0.0,2.0,1343.0,2.875,459
114,0,459:126132,mixed,126132,hotpotqa,6,0.75,2.0,2.0,0.0,2.0,1347.5,3.0,459
115,0,460:23904,mixed,23904,nq,4,0.5,1.0,1.0,0.0,3.0,1901.5,2.0,460
115,0,461:160642,mixed,160642,hotpotqa,2,0.25,1.25,2.0,0.0,1.25,940.0,2.25,461
115,0,461:41795,mixed,41795,nq,7,0.875,1.0,1.0,0.0,2.0,2219.25,2.0,461
115,0,462:110126,mixed,110126,hotpotqa,6,0.75,3.0,3.0,0.0,4.0,2622.0,4.0,462
115,0,462:92885,mixed,92885,hotpotqa,2,0.25,4.0,4.0,0.0,4.0,2850.0,5.0,462
115,0,463:102182,mixed,102182,hotpotqa,7,0.875,1.0,1.0,0.0,1.0,1045.5,2.0,463
115,0,463:15256,mixed,15256,nq,7,0.875,2.0,2.0,0.0,2.0,1268.5,3.0,463
115,0,464:64146,mixed,64146,nq,7,0.875,2.0,2.0,0.0,2.0,1448.25,3.0,464
115,0,464:100973,mixed,100973,hotpotqa,3,0.375,1.375,2.0,0.0,2.375,1586.625,2.375,464
115,0,464:5705,mixed,5705,nq,1,0.125,1.0,1.0,0.0,1.0,826.0,2.0,464
115,0,464:9116,mixed,9116,nq,1,0.125,1.0,1.0,0.0,2.0,1167.0,2.0,464
115,0,464:111711,mixed,111711,hotpotqa,1,0.125,1.0,1.0,0.0,3.0,1898.75,2.0,464
115,0,465:99117,mixed,99117,hotpotqa,3,0.375,1.375,2.0,0.0,2.375,1550.625,2.375,465
115,0,465:92360,mixed,92360,hotpotqa,4,0.5,1.125,1.25,1.0,2.125,1443.875,2.125,465
115,0,465:11342,mixed,11342,nq,6,0.75,1.0,1.0,0.0,1.0,660.25,2.0,465
115,0,465:164954,mixed,164954,hotpotqa,2,0.25,1.25,2.0,0.0,2.25,1446.0,2.25,465
115,0,465:139244,mixed,139244,hotpotqa,1,0.125,1.0,1.0,0.0,2.0,1229.375,2.0,465
115,0,465:49823,mixed,49823,nq,5,0.625,1.0,1.0,0.0,1.0,724.875,2.0,465
115,0,465:46690,mixed,46690,nq,7,0.875,1.0,1.0,0.0,1.0,776.25,2.0,465
115,0,465:118807,mixed,118807,hotpotqa,1,0.125,2.0,2.0,0.0,3.0,1930.75,3.0,465
115,0,467:85669,mixed,85669,hotpotqa,3,0.375,2.125,2.0,0.0,2.125,1433.875,3.125,467
115,0,467:44473,mixed,44473,nq,4,0.5,1.0,1.0,0.0,2.0,1190.0,2.0,467
115,0,467:79862,mixed,79862,hotpotqa,1,0.125,2.875,2.0,0.0,2.875,1748.375,3.875,467
115,0,469:56696,mixed,56696,nq,2,0.25,1.0,1.0,0.0,2.0,1222.5,2.0,469
115,0,469:131553,mixed,131553,hotpotqa,2,0.25,2.0,2.0,0.0,3.0,1919.75,3.0,469
115,0,470:59452,mixed,59452,nq,5,0.625,1.0,1.0,0.0,3.0,1667.5,2.0,470
115,0,470:81987,mixed,81987,hotpotqa,2,0.25,2.0,2.0,0.0,2.0,1449.0,3.0,470
115,0,470:125598,mixed,125598,hotpotqa,1,0.125,2.0,2.0,0.0,3.0,2104.625,3.0,470
115,0,471:111994,mixed,111994,hotpotqa,1,0.125,3.0,3.0,0.0,3.0,1812.25,4.0,471
115,0,471:85812,mixed,85812,hotpotqa,1,0.125,1.0,1.0,0.0,1.0,729.0,2.0,471
115,0,471:110192,mixed,110192,hotpotqa,2,0.25,1.75,1.0,0.0,2.0,1385.25,2.75,471
115,0,472:23996,mixed,23996,nq,1,0.125,3.75,4.0,0.0,4.75,2728.5,4.75,472
116,0,474:65658,mixed,65658,nq,7,0.875,3.0,3.0,0.0,3.0,1880.625,4.0,474
116,0,475:128493,mixed,128493,hotpotqa,3,0.375,3.0,3.0,0.0,3.0,2133.125,4.0,475
116,0,475:87985,mixed,87985,hotpotqa,4,0.5,1.5,1.0,0.0,3.5,2053.5,2.5,475
116,0,476:104897,mixed,104897,hotpotqa,1,0.125,1.125,2.0,0.0,2.125,1362.75,2.125,476
116,0,476:83596,mixed,83596,hotpotqa,7,0.875,5.375,5.571428571428571,1.0,11.375,6068.5,6.375,476
116,0,476:17913,mixed,17913,nq,2,0.25,1.0,1.0,0.0,2.75,1533.25,2.0,476
116,0,477:98955,mixed,98955,hotpotqa,1,0.125,2.0,2.0,0.0,3.0,1894.375,3.0,477
116,0,477:27926,mixed,27926,nq,3,0.375,2.125,2.0,0.0,2.125,1519.0,3.125,477
116,0,477:285,mixed,285,nq,2,0.25,1.0,1.0,0.0,2.0,1289.75,2.0,477
116,0,477:146825,mixed,146825,hotpotqa,4,0.5,2.0,2.0,0.0,2.0,1372.0,3.0,477
116,0,478:18346,mixed,18346,nq,2,0.25,1.875,1.5,1.0,1.875,1276.75,2.875,478
116,0,478:147842,mixed,147842,hotpotqa,3,0.375,2.0,2.0,0.0,3.0,1887.125,3.0,478
116,0,478:44344,mixed,44344,nq,1,0.125,1.0,1.0,0.0,3.0,1614.375,2.0,478
116,0,478:114463,mixed,114463,hotpotqa,1,0.125,6.875,6.0,0.0,7.875,5341.5,7.875,478
116,0,478:79794,mixed,79794,hotpotqa,4,0.5,1.0,1.0,0.0,2.0,1308.0,2.0,478
116,0,480:624,mixed,624,nq,5,0.625,1.625,2.0,0.0,3.625,2592.875,2.625,480
116,0,480:87305,mixed,87305,hotpotqa,7,0.875,2.0,2.0,0.0,2.0,1261.75,3.0,480
116,0,481:73127,mixed,73127,nq,6,0.75,1.0,1.0,0.0,2.0,1305.5,2.0,481
116,0,481:60159,mixed,60159,nq,1,0.125,1.0,1.0,0.0,2.0,1129.0,2.0,481
116,0,481:139513,mixed,139513,hotpotqa,5,0.625,1.0,1.0,0.0,2.0,1363.5,2.0,481
116,0,482:5554,mixed,5554,nq,7,0.875,1.0,1.0,0.0,1.0,717.875,2.0,482
116,0,483:139213,mixed,139213,hotpotqa,6,0.75,1.0,1.0,0.0,2.0,1246.5,2.0,483
116,0,483:102375,mixed,102375,hotpotqa,2,0.25,1.0,1.0,0.0,2.0,1214.25,2.0,483
116,0,483:162317,mixed,162317,hotpotqa,7,0.875,3.0,3.0,0.0,3.0,1684.375,4.0,483
116,0,483:163628,mixed,163628,hotpotqa,7,0.875,1.0,1.0,0.0,2.0,1238.25,2.0,483
116,0,483:77120,mixed,77120,nq,4,0.5,1.5,2.0,0.0,1.5,1054.0,2.5,483
116,0,484:3721,mixed,3721,nq,2,0.25,2.0,2.0,0.0,2.0,1289.5,3.0,484
116,0,485:26828,mixed,26828,nq,1,0.125,2.0,2.0,0.0,2.0,1361.75,3.0,485
116,0,485:86097,mixed,86097,hotpotqa,1,0.125,3.125,4.0,0.0,3.125,2178.25,4.125,485
116,0,486:9931,mixed,9931,nq,1,0.125,1.0,1.0,0.0,1.0,729.625,2.0,486
116,0,486:18713,mixed,18713,nq,1,0.125,3.0,3.0,0.0,3.875,2461.25,4.0,486
116,0,486:168531,mixed,168531,hotpotqa,4,0.5,1.5,2.0,0.0,1.5,1052.625,2.5,486
117,0,487:165898,mixed,165898,hotpotqa,3,0.375,2.0,2.0,0.0,2.0,1423.875,3.0,487
117,0,487:60430,mixed,60430,nq,3,0.375,3.0,3.0,0.0,5.0,3309.25,4.0,487
117,0,487:73764,mixed,73764,nq,7,0.875,2.625,2.5714285714285716,2.0,2.625,1563.75,3.625,487
117,0,487:145753,mixed,145753,hotpotqa,7,0.875,1.0,1.0,0.0,2.0,1334.625,2.0,487
117,0,488:159233,mixed,159233,hotpotqa,6,0.75,2.0,2.0,0.0,3.0,2008.5,3.0,488
117,0,488:83693,mixed,83693,hotpotqa,7,0.875,2.0,2.0,0.0,3.0,1791.125,3.0,488
117,0,488:142435,mixed,142435,hotpotqa,7,0.875,1.0,1.0,0.0,2.0,1353.0,2.0,488
117,0,489:151981,mixed,151981,hotpotqa,7,0.875,2.0,2.0,0.0,2.5,1543.75,3.0,489
117,0,489:78168,mixed,78168,nq,7,0.875,1.0,1.0,0.0,2.0,1155.5,2.0,489
117,0,489:60161,mixed,60161,nq,4,0.5,1.0,1.0,0.0,2.0,1282.0,2.0,489
117,0,489:49341,mixed,49341,nq,6,0.75,2.0,2.0,0.0,2.0,1376.625,3.0,489
117,0,490:143980,mixed,143980,hotpotqa,7,0.875,1.0,1.0,0.0,2.0,1369.125,2.0,490
117,0,490:77122,mixed,77122,nq,7,0.875,2.5,2.2857142857142856,2.0,2.5,1552.875,3.5,490
117,0,491:11925,mixed,11925,nq,1,0.125,3.75,3.0,0.0,4.5,2537.25,4.75,491
117,0,491:100124,mixed,100124,hotpotqa,1,0.125,1.0,1.0,0.0,2.0,1089.75,2.0,491
117,0,491:112522,mixed,112522,hotpotqa,7,0.875,2.0,2.0,0.0,3.0,2108.375,3.0,491
117,0,491:93441,mixed,93441,hotpotqa,1,0.125,4.0,4.0,0.0,4.0,2652.625,5.0,491
117,0,492:46365,mixed,46365,nq,1,0.125,3.0,3.0,0.0,4.0,2162.5,4.0,492
117,0,492:58349,mixed,58349,nq,7,0.875,4.0,4.0,0.0,4.0,2273.125,5.0,492
117,0,492:1187,mixed,1187,nq,7,0.875,1.125,1.0,0.0,2.0,1285.375,2.125,492
117,0,493:52583,mixed,52583,nq,4,0.5,1.0,1.0,0.0,2.0,1483.5,2.0,493
117,0,493:144468,mixed,144468,hotpotqa,5,0.625,1.625,2.0,0.0,2.625,1692.875,2.625,493
117,0,493:22840,mixed,22840,nq,2,0.25,3.25,4.0,0.0,3.25,2270.875,4.25,493
117,0,494:9999,mixed,9999,nq,5,0.625,1.0,1.0,0.0,2.0,1139.875,2.0,494
117,0,494:160790,mixed,160790,hotpotqa,5,0.625,2.0,2.0,0.0,2.0,1317.25,3.0,494
117,0,494:151262,mixed,151262,hotpotqa,4,0.5,2.5,3.0,0.0,2.5,1426.625,3.5,494
117,0,494:137189,mixed,137189,hotpotqa,5,0.625,2.625,3.0,0.0,3.25,2175.375,3.625,494
117,0,495:32977,mixed,32977,nq,4,0.5,2.5,2.0,0.0,2.5,1707.0,3.5,495
117,0,495:138544,mixed,138544,hotpotqa,1,0.125,2.875,3.0,0.0,3.0,2018.25,3.875,495
117,0,495:125275,mixed,125275,hotpotqa,1,0.125,5.0,5.0,0.0,5.0,3244.875,6.0,495
117,0,495:59153,mixed,59153,nq,4,0.5,1.0,1.0,0.0,2.0,1489.75,2.0,495
117,0,495:167544,mixed,167544,hotpotqa,7,0.875,2.0,2.0,0.0,3.0,1908.875,3.0,495
118,0,496:124368,mixed,124368,hotpotqa,2,0.25,1.0,1.0,0.0,2.0,1353.0,2.0,496
118,0,496:135504,mixed,135504,hotpotqa,5,0.625,3.0,3.0,0.0,3.0,1853.375,4.0,496
118,0,496:149445,mixed,149445,hotpotqa,7,0.875,2.0,2.0,0.0,2.0,1299.0,3.0,496
118,0,496:150683,mixed,150683,hotpotqa,2,0.25,1.0,1.0,0.0,2.0,1452.75,2.0,496
118,0,496:155025,mixed,155025,hotpotqa,3,0.375,2.0,2.0,0.0,3.0,1860.0,3.0,496
118,0,497:80056,mixed,80056,hotpotqa,3,0.375,3.25,2.6666666666666665,2.0,3.25,2199.875,4.25,497
118,0,497:1707,mixed,1707,nq,1,0.125,3.25,3.0,0.0,3.25,2009.375,4.25,497
118,0,498:163461,mixed,163461,hotpotqa,6,0.75,2.0,2.0,0.0,3.0,1904.75,3.0,498
118,0,498:54106,mixed,54106,nq,6,0.75,1.875,2.0,0.0,1.875,1315.625,2.875,498
118,0,498:160484,mixed,160484,hotpotqa,5,0.625,1.0,1.0,0.0,2.0,1202.5,2.0,498
118,0,498:164659,mixed,164659,hotpotqa,2,0.25,1.0,1.0,0.0,2.0,1367.0,2.0,498
118,0,498:162533,mixed,162533,hotpotqa,6,0.75,1.0,1.0,0.0,1.0,751.25,2.0,498
118,0,498:101353,mixed,101353,hotpotqa,5,0.625,1.0,1.0,0.0,2.0,1235.375,2.0,498
118,0,499:26371,mixed,26371,nq,1,0.125,1.0,1.0,0.0,2.0,1282.375,2.0,499
118,0,500:32309,mixed,32309,nq,4,0.5,1.5,1.0,0.0,2.5,1555.5,2.5,500
118,0,500:118772,mixed,118772,hotpotqa,7,0.875,2.0,2.0,0.0,2.0,1306.625,3.0,500
118,0,501:101404,mixed,101404,hotpotqa,4,0.5,7.0,7.0,0.0,8.0,4067.5,8.0,501
118,0,502:142205,mixed,142205,hotpotqa,6,0.75,2.0,2.0,0.0,2.0,1322.0,3.0,502
118,0,502:15035,mixed,15035,nq,4,0.5,3.625,4.0,0.0,4.625,2960.25,4.625,502
118,0,502:45128,mixed,45128,nq,1,0.125,4.5,4.0,0.0,4.5,2049.625,5.5,502
118,0,502:104771,mixed,104771,hotpotqa,5,0.625,1.0,1.0,0.0,2.0,1251.75,2.0,502
118,0,503:127530,mixed,127530,hotpotqa,5,0.625,2.0,2.0,0.0,2.0,1381.25,3.0,503
118,0,503:89743,mixed,89743,hotpotqa,7,0.875,3.0,3.0,0.0,4.0,2480.0,4.0,503
118,0,503:122958,mixed,122958,hotpotqa,5,0.625,3.625,4.0,0.0,3.625,2604.375,4.625,503
118,0,504:43839,mixed,43839,nq,5,0.625,1.0,1.0,0.0,2.0,1211.0,2.0,504
118,0,504:27548,mixed,27548,nq,7,0.875,1.875,2.0,0.0,2.875,1417.625,2.875,504
118,0,505:10256,mixed,10256,nq,6,0.75,1.0,1.0,0.0,2.0,1175.5,2.0,505
118,0,505:50816,mixed,50816,nq,3,0.375,4.875,5.0,0.0,6.875,4243.25,5.875,505
118,0,506:2112,mixed,2112,nq,7,0.875,1.0,1.0,0.0,2.0,1238.75,2.0,506
118,0,506:128128,mixed,128128,hotpotqa,7,0.875,4.75,4.428571428571429,3.0,5.75,3621.125,5.75,506
118,0,506:77022,mixed,77022,nq,2,0.25,3.0,3.0,0.0,4.0,2457.25,4.0,506
118,0,507:108478,mixed,108478,hotpotqa,2,0.25,3.0,3.0,0.0,3.0,1880.5,4.0,507
119,0,508:142132,mixed,142132,hotpotqa,5,0.625,1.0,1.0,0.0,2.0,1335.625,2.0,508
119,0,508:76702,mixed,76702,nq,5,0.625,2.0,2.0,0.0,2.375,1429.625,3.0,508
119,0,508:123292,mixed,123292,hotpotqa,6,0.75,1.0,1.0,0.0,2.0,1527.5,2.0,508
119,0,508:12362,mixed,12362,nq,2,0.25,3.75,3.0,0.0,3.75,2578.5,4.75,508
119,0,509:129206,mixed,129206,hotpotqa,5,0.625,2.25,2.4,1.0,3.25,1992.375,3.25,509
119,0,509:134500,mixed,134500,hotpotqa,7,0.875,3.0,3.0,0.0,4.0,1945.0,4.0,509
119,0,509:92649,mixed,92649,hotpotqa,4,0.5,2.0,2.0,0.0,3.0,1815.0,3.0,509
119,0,510:43199,mixed,43199,nq,3,0.375,3.0,3.0,0.0,3.375,1922.0,4.0,510
119,0,510:101886,mixed,101886,hotpotqa,4,0.5,2.0,2.0,0.0,2.0,1263.0,3.0,510
119,0,510:34364,mixed,34364,nq,3,0.375,1.0,1.0,0.0,1.625,1011.125,2.0,510
119,0,510:85904,mixed,85904,hotpotqa,5,0.625,2.0,2.0,0.0,2.0,1203.375,3.0,510
119,0,510:123837,mixed,123837,hotpotqa,4,0.5,3.0,3.0,0.0,3.0,1832.75,4.0,510
119,0,510:141417,mixed,141417,hotpotqa,7,0.875,2.0,2.0,0.0,2.0,1359.375,3.0,510
119,0,510:103013,mixed,103013,hotpotqa,7,0.875,2.0,2.0,0.0,2.0,1276.125,3.0,510
119,0,510:137332,mixed,137332,hotpotqa,1,0.125,1.0,1.0,0.0,2.0,1198.75,2.0,510
119,0,510:45474,mixed,45474,nq,6,0.75,2.75,3.0,0.0,3.75,2230.75,3.75,510
119,0,511:146134,mixed,146134,hotpotqa,7,0.875,2.25,2.0,0.0,2.25,1477.125,3.25,511
119,0,511:138447,mixed,138447,hotpotqa,3,0.375,1.0,1.0,0.0,2.0,1328.25,2.0,511
119,0,512:115344,mixed,115344,hotpotqa,7,0.875,2.0,2.0,0.0,3.0,1935.375,3.0,512
119,0,512:149857,mixed,149857,hotpotqa,4,0.5,3.5,4.0,0.0,4.5,3204.25,4.5,512
119,0,512:121287,mixed,121287,hotpotqa,6,0.75,2.0,2.0,0.0,2.0,1505.5,3.0,512
119,0,513:135108,mixed,135108,hotpotqa,3,0.375,1.375,2.0,0.0,2.375,1585.75,2.375,513
119,0,513:152997,mixed,152997,hotpotqa,5,0.625,2.375,2.0,0.0,3.375,2265.5,3.375,513
119,0,513:45443,mixed,45443,nq,5,0.625,1.0,1.0,0.0,2.0,1091.5,2.0,513
119,0,513:134435,mixed,134435,hotpotqa,3,0.375,3.0,3.0,0.0,3.0,1956.5,4.0,513
119,0,513:25869,mixed,25869,nq,7,0.875,1.0,1.0,0.0,2.0,1318.625,2.0,513
119,0,514:23489,mixed,23489,nq,1,0.125,1.0,1.0,0.0,2.0,1127.625,2.0,514
119,0,514:127036,mixed,127036,hotpotqa,2,0.25,3.0,3.0,0.0,3.0,2039.25,4.0,514
119,0,514:118391,mixed,118391,hotpotqa,5,0.625,2.625,3.0,0.0,2.625,1783.125,3.625,514
119,0,514:157733,mixed,157733,hotpotqa,2,0.25,2.0,2.0,0.0,3.25,2104.5,3.0,514
119,0,515:116961,mixed,116961,hotpotqa,7,0.875,2.75,3.0,0.0,3.75,2341.25,3.75,515
119,0,515:107165,mixed,107165,hotpotqa,5,0.625,1.0,1.0,0.0,2.0,1314.875,2.0,515
120,0,516:103313,mixed,103313,hotpotqa,3,0.375,4.25,6.0,0.0,4.25,2532.125,5.25,516
120,0,516:84977,mixed,84977,hotpotqa,6,0.75,3.0,3.0,0.0,3.0,2186.5,4.0,516
120,0,517:44858,mixed,44858,nq,3,0.375,1.625,1.0,0.0,1.625,1101.0,2.625,517
120,0,517:24608,mixed,24608,nq,4,0.5,1.5,1.0,0.0,2.0,1395.625,2.5,517
120,0,517:1069,mixed,1069,nq,5,0.625,2.0,2.0,0.0,2.0,1332.5,3.0,517
120,0,517:117889,mixed,117889,hotpotqa,4,0.5,1.0,1.0,0.0,2.0,1277.0,2.0,517
120,0,517:9934,mixed,9934,nq,6,0.75,1.0,1.0,0.0,2.75,1631.25,2.0,517
120,0,518:13317,mixed,13317,nq,1,0.125,2.125,3.0,0.0,2.125,1490.625,3.125,518
120,0,518:159491,mixed,159491,hotpotqa,1,0.125,2.0,2.0,0.0,3.0,1894.75,3.0,518
120,0,518:14292,mixed,14292,nq,2,0.25,1.0,1.0,0.0,1.75,1164.375,2.0,518
120,0,518:25676,mixed,25676,nq,3,0.375,2.0,2.0,0.0,2.0,1344.125,3.0,518
120,0,518:127762,mixed,127762,hotpotqa,7,0.875,1.25,1.1428571428571428,1.0,1.25,796.0,2.25,518
120,0,518:78671,mixed,78671,nq,5,0.625,1.0,1.0,0.0,1.375,990.875,2.0,518
120,0,518:117494,mixed,117494,hotpotqa,6,0.75,3.0,3.0,0.0,3.0,1945.125,4.0,518
120,0,518:115470,mixed,115470,hotpotqa,3,0.375,2.0,2.0,0.0,4.5,2572.625,3.0,518
120,0,518:122061,mixed,122061,hotpotqa,2,0.25,1.0,1.0,0.0,2.0,1419.0,2.0,518
120,0,519:37660,mixed,37660,nq,4,0.5,3.5,5.0,0.0,5.5,3344.25,4.5,519
120,0,519:49115,mixed,49115,nq,7,0.875,2.0,2.0,0.0,3.0,1722.625,3.0,519
120,0,519:48730,mixed,48730,nq,1,0.125,1.0,1.0,0.0,2.0,1092.625,2.0,519
120,0,519:136423,mixed,136423,hotpotqa,7,0.875,2.0,2.0,0.0,3.0,1749.375,3.0,519
120,0,520:2695,mixed,2695,nq,4,0.5,2.0,2.0,0.0,2.0,1242.75,3.0,520
120,0,520:106180,mixed,106180,hotpotqa,2,0.25,1.0,1.0,0.0,2.0,1249.25,2.0,520
120,0,520:132515,mixed,132515,hotpotqa,5,0.625,2.0,2.0,0.0,3.0,1890.375,3.0,520
120,0,520:124538,mixed,124538,hotpotqa,6,0.75,1.0,1.0,0.0,2.0,1263.5,2.0,520
120,0,520:29814,mixed,29814,nq,6,0.75,1.25,1.0,0.0,1.25,936.75,2.25,520
120,0,521:127117,mixed,127117,hotpotqa,2,0.25,3.0,3.0,0.0,3.0,1946.25,4.0,521
120,0,521:1750,mixed,1750,nq,6,0.75,2.0,2.0,0.0,3.0,1822.5,3.0,521
120,0,522:3812,mixed,3812,nq,7,0.875,1.0,1.0,0.0,3.0,1859.125,2.0,522
120,0,522:51370,mixed,51370,nq,7,0.875,2.0,2.0,0.0,2.0,1302.625,3.0,522
120,0,522:140854,mixed,140854,hotpotqa,1,0.125,2.0,2.0,0.0,3.0,2015.5,3.0,522
120,0,522:162736,mixed,162736,hotpotqa,4,0.5,3.25,4.0,0.0,4.25,2547.0,4.25,522
120,0,522:76789,mixed,76789,nq,3,0.375,1.375,2.0,0.0,1.375,1000.375,2.375,522
